# Blender 5.0.0
# www.blender.org
mtllib Zaya.mtl
o Cube.024
v 1.457838 2.377846 1.080495
v 1.457838 2.377846 0.976654
v 1.457838 2.549153 1.080495
v 1.457838 2.549153 0.976654
v 1.343697 2.377846 1.080495
v 1.343697 2.377846 0.976654
v 1.343697 2.549153 1.080495
v 1.343697 2.549153 0.976654
vn 1.0000 -0.0000 -0.0000
vn -0.0000 1.0000 -0.0000
vn -1.0000 -0.0000 -0.0000
vn -0.0000 -1.0000 -0.0000
vn -0.0000 -0.0000 1.0000
vn -0.0000 -0.0000 -1.0000
vt 0.375000 0.000000
vt 0.625000 0.000000
vt 0.625000 0.250000
vt 0.375000 0.250000
vt 0.625000 0.500000
vt 0.375000 0.500000
vt 0.625000 0.750000
vt 0.375000 0.750000
vt 0.625000 1.000000
vt 0.375000 1.000000
vt 0.125000 0.500000
vt 0.125000 0.750000
vt 0.875000 0.500000
vt 0.875000 0.750000
s 1
usemtl Глаза_обрамление
f 1/1/1 2/2/1 4/3/1 3/4/1
f 3/4/2 4/3/2 8/5/2 7/6/2
f 7/6/3 8/5/3 6/7/3 5/8/3
f 5/8/4 6/7/4 2/9/4 1/10/4
f 3/11/5 7/6/5 5/8/5 1/12/5
f 8/5/6 4/13/6 2/14/6 6/7/6
o Cube.019
v 1.067035 2.324215 0.959509
v 1.050601 2.324215 0.791450
v 1.067035 2.602784 0.959509
v 1.050601 2.602784 0.791450
v 0.900522 2.357347 0.955613
v 0.887997 2.357347 0.827530
v 0.900522 2.569652 0.955613
v 0.887997 2.569652 0.827530
vn 0.9953 -0.0000 -0.0973
vn -0.1955 0.9805 0.0191
vn -0.9953 -0.0000 0.0973
vn -0.1955 -0.9805 0.0191
vn -0.0234 -0.0000 0.9997
vn -0.2166 -0.0000 -0.9763
vt 0.375000 0.000000
vt 0.625000 0.000000
vt 0.625000 0.250000
vt 0.375000 0.250000
vt 0.625000 0.500000
vt 0.375000 0.500000
vt 0.625000 0.750000
vt 0.375000 0.750000
vt 0.625000 1.000000
vt 0.375000 1.000000
vt 0.125000 0.500000
vt 0.125000 0.750000
vt 0.875000 0.500000
vt 0.875000 0.750000
s 1
usemtl Сталь
f 9/15/7 10/16/7 12/17/7 11/18/7
f 11/18/8 12/17/8 16/19/8 15/20/8
f 15/20/9 16/19/9 14/21/9 13/22/9
f 13/22/10 14/21/10 10/23/10 9/24/10
usemtl тени_глаза
f 11/25/11 15/20/11 13/22/11 9/26/11
f 16/19/12 12/27/12 10/28/12 14/21/12
o Torus.008
v -1.184070 2.203415 0.000000
v -1.198934 2.211466 0.000000
v -1.212626 2.192813 0.000000
v -1.203900 2.141111 0.000000
v -1.188052 2.146995 0.000000
v -1.204910 2.204886 -0.084760
v -1.218015 2.212813 -0.077606
v -1.230297 2.194060 -0.071869
v -1.222980 2.142458 -0.077606
v -1.208892 2.148466 -0.084760
v -1.262655 2.208961 -0.150103
v -1.270886 2.216544 -0.137434
v -1.279260 2.197516 -0.127274
v -1.275852 2.146189 -0.137434
v -1.266637 2.152541 -0.150103
v -1.344077 2.214708 -0.181060
v -1.345436 2.221806 -0.165778
v -1.348298 2.202389 -0.153522
v -1.350402 2.151451 -0.165778
v -1.348059 2.158288 -0.181060
v -1.430523 2.220809 -0.170537
v -1.424586 2.227392 -0.156143
v -1.421597 2.207562 -0.144600
v -1.429551 2.157037 -0.156143
v -1.434505 2.164389 -0.170537
v -1.502189 2.225867 -0.120946
v -1.490203 2.232023 -0.110738
v -1.482363 2.211850 -0.102552
v -1.495169 2.161668 -0.110738
v -1.506171 2.169447 -0.120946
v -1.542657 2.228723 -0.043648
v -1.527256 2.234638 -0.039964
v -1.516677 2.214272 -0.037010
v -1.532221 2.164283 -0.039964
v -1.546639 2.172303 -0.043648
v -1.542657 2.228723 0.043649
v -1.527256 2.234638 0.039965
v -1.516677 2.214272 0.037011
v -1.532221 2.164284 0.039965
v -1.546639 2.172303 0.043649
v -1.502189 2.225867 0.120947
v -1.490203 2.232023 0.110739
v -1.482363 2.211850 0.102552
v -1.495169 2.161668 0.110739
v -1.506171 2.169447 0.120947
v -1.430523 2.220809 0.170538
v -1.424586 2.227392 0.156144
v -1.421597 2.207562 0.144601
v -1.429551 2.157037 0.156144
v -1.434505 2.164389 0.170538
v -1.344077 2.214708 0.181060
v -1.345436 2.221806 0.165778
v -1.348298 2.202389 0.153523
v -1.350402 2.151451 0.165778
v -1.348059 2.158288 0.181060
v -1.262655 2.208961 0.150104
v -1.270887 2.216544 0.137435
v -1.279260 2.197516 0.127275
v -1.275852 2.146189 0.137435
v -1.266637 2.152541 0.150104
v -1.204910 2.204886 0.084761
v -1.218015 2.212813 0.077607
v -1.230297 2.194060 0.071870
v -1.222980 2.142458 0.077607
v -1.208892 2.148466 0.084761
vn 0.9627 0.2707 -0.0000
vn 0.8551 0.2783 -0.4374
vn -0.1997 0.9697 0.1404
vn -0.2343 0.9722 -0.0000
vn -0.8672 0.1883 0.4610
vn -0.9805 0.1963 -0.0000
vn -0.6512 -0.7589 -0.0000
vn -0.5831 -0.7637 0.2770
vn 0.8075 -0.3957 -0.4374
vn 0.9151 -0.4032 -0.0000
vn 0.5571 0.2993 -0.7746
vn -0.1041 0.9630 0.2486
vn -0.5532 0.1662 0.8163
vn -0.3943 -0.7771 0.4906
vn 0.5096 -0.3746 -0.7746
vn 0.1370 0.3290 -0.9343
vn 0.0308 0.9535 0.2999
vn -0.1103 0.1349 0.9847
vn -0.1282 -0.7958 0.5918
vn 0.0894 -0.3450 -0.9343
vn -0.3091 0.3605 -0.8800
vn 0.1740 0.9434 0.2825
vn 0.3598 0.1017 0.9275
vn 0.1543 -0.8158 0.5574
vn -0.3567 -0.3135 -0.8800
vn -0.6790 0.3866 -0.6241
vn 0.2927 0.9350 0.2003
vn 0.7496 0.0742 0.6578
vn 0.3886 -0.8323 0.3953
vn -0.7265 -0.2874 -0.6241
vn -0.8878 0.4013 -0.2252
vn 0.3597 0.9302 0.0723
vn 0.9696 0.0587 0.2374
vn 0.1543 -0.8158 -0.5574
vn 0.3886 -0.8323 -0.3953
vn 0.7496 0.0742 -0.6578
vn 0.3598 0.1017 -0.9275
vn 0.5208 -0.8417 0.1427
vn -0.9354 -0.2726 -0.2252
vn 0.8551 0.2783 0.4374
vn 0.5571 0.2993 0.7746
vn 0.5096 -0.3746 0.7746
vn 0.8075 -0.3957 0.4374
vn -0.8878 0.4013 0.2252
vn 0.3597 0.9302 -0.0723
vn 0.9696 0.0587 -0.2374
vn 0.5208 -0.8417 -0.1427
vn -0.9354 -0.2726 0.2252
vn -0.6790 0.3866 0.6241
vn 0.2927 0.9350 -0.2003
vn -0.7265 -0.2874 0.6241
vn -0.3091 0.3605 0.8800
vn 0.1740 0.9434 -0.2825
vn -0.3567 -0.3135 0.8800
vn 0.1370 0.3290 0.9343
vn 0.0308 0.9535 -0.2999
vn -0.1103 0.1349 -0.9847
vn -0.1282 -0.7958 -0.5918
vn 0.0894 -0.3450 0.9343
vn -0.1041 0.9630 -0.2486
vn -0.5532 0.1662 -0.8163
vn -0.8672 0.1883 -0.4610
vn -0.5831 -0.7637 -0.2770
vn -0.3943 -0.7771 -0.4906
vn -0.1997 0.9697 -0.1404
vt 0.538462 0.714286
vt 0.615385 0.714286
vt 0.615385 0.857143
vt 0.538462 0.857143
vt 0.615385 1.000000
vt 0.538462 1.000000
vt 0.538462 0.285714
vt 0.615385 0.285714
vt 0.615385 0.428571
vt 0.538462 0.428571
vt 0.692308 0.714286
vt 0.692308 0.857143
vt 0.692308 1.000000
vt 0.692308 0.285714
vt 0.692308 0.428571
vt 0.769231 0.714286
vt 0.769231 0.857143
vt 0.769231 1.000000
vt 0.769231 0.285714
vt 0.769231 0.428571
vt 0.846154 0.714286
vt 0.846154 0.857143
vt 0.846154 1.000000
vt 0.846154 0.285714
vt 0.846154 0.428571
vt 0.923077 0.714286
vt 0.923077 0.857143
vt 0.923077 1.000000
vt 0.923077 0.285714
vt 0.923077 0.428571
vt 1.000000 0.714286
vt 1.000000 0.857143
vt 1.000000 1.000000
vt 0.230769 0.285714
vt 0.153846 0.285714
vt 0.153846 1.000000
vt 0.230769 1.000000
vt 1.000000 0.285714
vt 1.000000 0.428571
vt 0.461538 0.714286
vt 0.384615 0.714286
vt 0.384615 0.428571
vt 0.461538 0.428571
vt -0.000000 0.714286
vt 0.076923 0.714286
vt 0.076923 0.857143
vt -0.000000 0.857143
vt 0.076923 1.000000
vt -0.000000 1.000000
vt -0.000000 0.285714
vt 0.076923 0.285714
vt 0.076923 0.428571
vt -0.000000 0.428571
vt 0.153846 0.714286
vt 0.153846 0.857143
vt 0.153846 0.428571
vt 0.230769 0.714286
vt 0.230769 0.857143
vt 0.230769 0.428571
vt 0.307692 0.714286
vt 0.307692 0.857143
vt 0.307692 1.000000
vt 0.307692 0.285714
vt 0.307692 0.428571
vt 0.384615 0.857143
vt 0.384615 1.000000
vt 0.461538 1.000000
vt 0.461538 0.285714
vt 0.384615 0.285714
vt 0.461538 0.857143
s 1
usemtl Глаза_обрамление
f 17/29/13 22/30/14 23/31/15 18/32/16
f 18/32/16 23/31/15 24/33/17 19/34/18
f 20/35/19 25/36/20 26/37/21 21/38/22
f 22/30/14 27/39/23 28/40/24 23/31/15
f 23/31/15 28/40/24 29/41/25 24/33/17
f 25/36/20 30/42/26 31/43/27 26/37/21
f 27/39/23 32/44/28 33/45/29 28/40/24
f 28/40/24 33/45/29 34/46/30 29/41/25
f 30/42/26 35/47/31 36/48/32 31/43/27
f 32/44/28 37/49/33 38/50/34 33/45/29
f 33/45/29 38/50/34 39/51/35 34/46/30
f 35/47/31 40/52/36 41/53/37 36/48/32
f 37/49/33 42/54/38 43/55/39 38/50/34
f 38/50/34 43/55/39 44/56/40 39/51/35
f 40/52/36 45/57/41 46/58/42 41/53/37
f 42/54/38 47/59/43 48/60/44 43/55/39
f 43/55/39 48/60/44 49/61/45 44/56/40
f 65/62/46 60/63/47 59/64/48 64/65/49
f 45/57/41 50/66/50 51/67/51 46/58/42
f 77/68/52 72/69/53 76/70/54 81/71/55
f 77/68/52 81/71/55 21/38/22 17/29/13
f 47/72/43 52/73/56 53/74/57 48/75/44
f 48/75/44 53/74/57 54/76/58 49/77/45
f 50/78/50 49/77/45 54/76/58 55/79/59
f 59/64/48 60/63/47 55/79/59 54/76/58
f 50/78/50 55/79/59 56/80/60 51/81/51
f 26/37/21 22/30/14 17/29/13 21/38/22
f 27/39/23 22/30/14 26/37/21 31/43/27
f 52/73/56 57/82/61 58/83/62 53/74/57
f 53/74/57 58/83/62 59/64/48 54/76/58
f 50/66/50 45/57/41 44/56/40 49/61/45
f 45/57/41 40/52/36 39/51/35 44/56/40
f 55/79/59 60/63/47 61/84/63 56/80/60
f 36/48/32 32/44/28 27/39/23 31/43/27
f 37/49/33 32/44/28 36/48/32 41/53/37
f 57/82/61 62/85/64 63/86/65 58/83/62
f 58/83/62 63/86/65 64/65/49 59/64/48
f 34/46/30 35/47/31 30/42/26 29/41/25
f 35/47/31 34/46/30 39/51/35 40/52/36
f 60/63/47 65/62/46 66/87/66 61/84/63
f 37/49/33 41/53/37 46/58/42 42/54/38
f 42/54/38 46/58/42 51/81/51 47/59/43
f 62/85/64 67/88/67 68/89/68 63/86/65
f 63/86/65 68/89/68 69/90/69 64/65/49
f 29/41/25 30/42/26 25/36/20 24/33/17
f 20/35/19 19/34/18 24/33/17 25/36/20
f 65/62/46 70/91/70 71/92/71 66/87/66
f 51/81/51 56/80/60 52/73/56 47/72/43
f 57/82/61 52/73/56 56/80/60 61/84/63
f 67/88/67 72/69/53 73/93/72 68/89/68
f 68/89/68 73/93/72 74/94/73 69/90/69
f 79/95/74 80/96/75 75/97/76 74/94/73
f 20/35/19 80/96/75 79/95/74 19/34/18
f 70/91/70 75/97/76 76/70/54 71/92/71
f 62/85/64 57/82/61 61/84/63 66/87/66
f 76/70/54 72/69/53 67/88/67 71/92/71
f 72/69/53 77/68/52 78/98/77 73/93/72
f 73/93/72 78/98/77 79/95/74 74/94/73
f 70/91/70 69/90/69 74/94/73 75/97/76
f 70/91/70 65/62/46 64/65/49 69/90/69
f 75/97/76 80/96/75 81/71/55 76/70/54
f 71/92/71 67/88/67 62/85/64 66/87/66
f 77/68/52 17/29/13 18/32/16 78/98/77
f 78/98/77 18/32/16 19/34/18 79/95/74
f 80/96/75 20/35/19 21/38/22 81/71/55
o Torus.005
v -0.145060 0.653781 0.000000
v -0.162017 0.661475 0.000000
v -0.175615 0.639917 0.000000
v -0.162017 0.583785 0.000000
v -0.145060 0.591479 0.000000
v -0.168072 0.653781 -0.093365
v -0.183087 0.661475 -0.085484
v -0.195127 0.639917 -0.079165
v -0.183087 0.583785 -0.085484
v -0.168072 0.591479 -0.093365
v -0.231837 0.653781 -0.165341
v -0.241470 0.661475 -0.151386
v -0.249195 0.639917 -0.140194
v -0.241470 0.583785 -0.151386
v -0.231837 0.591479 -0.165341
v -0.321748 0.653781 -0.199439
v -0.323791 0.661475 -0.182606
v -0.325431 0.639917 -0.169107
v -0.323791 0.583785 -0.182606
v -0.321748 0.591479 -0.199439
v -0.417206 0.653781 -0.187849
v -0.411193 0.661475 -0.171994
v -0.406370 0.639917 -0.159279
v -0.411193 0.583785 -0.171994
v -0.417206 0.591479 -0.187849
v -0.496343 0.653781 -0.133224
v -0.483650 0.661475 -0.121980
v -0.473472 0.639917 -0.112962
v -0.483650 0.583785 -0.121979
v -0.496343 0.591479 -0.133224
v -0.541030 0.653781 -0.048079
v -0.524566 0.661475 -0.044021
v -0.511363 0.639917 -0.040767
v -0.524566 0.583785 -0.044021
v -0.541030 0.591479 -0.048079
v -0.541030 0.653781 0.048080
v -0.524566 0.661475 0.044022
v -0.511363 0.639917 0.040767
v -0.524566 0.583785 0.044022
v -0.541030 0.591479 0.048080
v -0.496343 0.653781 0.133224
v -0.483650 0.661475 0.121980
v -0.473472 0.639917 0.112962
v -0.483650 0.583785 0.121980
v -0.496343 0.591479 0.133224
v -0.417206 0.653781 0.187849
v -0.411193 0.661475 0.171994
v -0.406370 0.639917 0.159279
v -0.411193 0.583785 0.171994
v -0.417206 0.591479 0.187849
v -0.321748 0.653781 0.199440
v -0.323791 0.661475 0.182606
v -0.325431 0.639917 0.169107
v -0.323791 0.583785 0.182606
v -0.321748 0.591479 0.199440
v -0.231837 0.653781 0.165341
v -0.241470 0.661475 0.151386
v -0.249195 0.639917 0.140195
v -0.241470 0.583785 0.151386
v -0.231837 0.591479 0.165341
v -0.168072 0.653781 0.093365
v -0.183087 0.661475 0.085485
v -0.195127 0.639917 0.079165
v -0.183087 0.583785 0.085485
v -0.168072 0.591479 0.093365
vn 0.9412 0.3378 -0.0000
vn 0.8334 0.3378 -0.4374
vn -0.2675 0.9533 0.1404
vn -0.3021 0.9533 -0.0000
vn -0.8783 0.1268 0.4610
vn -0.9919 0.1268 -0.0000
vn -0.5961 -0.8029 -0.0000
vn -0.5278 -0.8029 0.2770
vn 0.8334 -0.3378 -0.4374
vn 0.9412 -0.3378 -0.0000
vn 0.5347 0.3378 -0.7746
vn -0.1716 0.9533 0.2486
vn -0.5635 0.1268 0.8163
vn -0.3386 -0.8029 0.4906
vn 0.5347 -0.3378 -0.7746
vn 0.1135 0.3378 -0.9343
vn -0.0364 0.9533 0.2999
vn -0.1196 0.1268 0.9847
vn -0.0719 -0.8029 0.5918
vn 0.1135 -0.3378 -0.9343
vn -0.3338 0.3378 -0.8800
vn 0.1071 0.9533 0.2825
vn 0.3517 0.1268 0.9275
vn 0.2114 -0.8029 0.5574
vn -0.3338 -0.3378 -0.8800
vn -0.7045 0.3378 -0.6241
vn 0.2261 0.9533 0.2003
vn 0.7425 0.1268 0.6578
vn 0.4462 -0.8029 0.3953
vn -0.7045 -0.3378 -0.6241
vn -0.9139 0.3378 -0.2252
vn 0.2934 0.9533 0.0723
vn 0.9631 0.1268 0.2374
vn 0.2114 -0.8029 -0.5574
vn 0.4462 -0.8029 -0.3953
vn 0.7425 0.1268 -0.6578
vn 0.3517 0.1268 -0.9275
vn 0.5788 -0.8029 0.1427
vn -0.9139 -0.3378 -0.2252
vn 0.8334 0.3378 0.4374
vn 0.5347 0.3378 0.7746
vn 0.5347 -0.3378 0.7746
vn 0.8334 -0.3378 0.4374
vn -0.9139 0.3378 0.2252
vn 0.2934 0.9533 -0.0723
vn 0.9631 0.1268 -0.2374
vn 0.5788 -0.8029 -0.1427
vn -0.9139 -0.3378 0.2252
vn -0.7045 0.3378 0.6241
vn 0.2261 0.9533 -0.2003
vn -0.7045 -0.3378 0.6241
vn -0.3338 0.3378 0.8800
vn 0.1071 0.9533 -0.2825
vn -0.3338 -0.3378 0.8800
vn 0.1135 0.3378 0.9343
vn -0.0364 0.9533 -0.2999
vn -0.1196 0.1268 -0.9847
vn -0.0719 -0.8029 -0.5918
vn 0.1135 -0.3378 0.9343
vn -0.1716 0.9533 -0.2486
vn -0.5635 0.1268 -0.8163
vn -0.8783 0.1268 -0.4610
vn -0.5278 -0.8029 -0.2770
vn -0.3386 -0.8029 -0.4906
vn -0.2675 0.9533 -0.1404
vt 0.538462 0.714286
vt 0.615385 0.714286
vt 0.615385 0.857143
vt 0.538462 0.857143
vt 0.615385 1.000000
vt 0.538462 1.000000
vt 0.538462 0.285714
vt 0.615385 0.285714
vt 0.615385 0.428571
vt 0.538462 0.428571
vt 0.692308 0.714286
vt 0.692308 0.857143
vt 0.692308 1.000000
vt 0.692308 0.285714
vt 0.692308 0.428571
vt 0.769231 0.714286
vt 0.769231 0.857143
vt 0.769231 1.000000
vt 0.769231 0.285714
vt 0.769231 0.428571
vt 0.846154 0.714286
vt 0.846154 0.857143
vt 0.846154 1.000000
vt 0.846154 0.285714
vt 0.846154 0.428571
vt 0.923077 0.714286
vt 0.923077 0.857143
vt 0.923077 1.000000
vt 0.923077 0.285714
vt 0.923077 0.428571
vt 1.000000 0.714286
vt 1.000000 0.857143
vt 1.000000 1.000000
vt 0.230769 0.285714
vt 0.153846 0.285714
vt 0.153846 1.000000
vt 0.230769 1.000000
vt 1.000000 0.285714
vt 1.000000 0.428571
vt 0.461538 0.714286
vt 0.384615 0.714286
vt 0.384615 0.428571
vt 0.461538 0.428571
vt -0.000000 0.714286
vt 0.076923 0.714286
vt 0.076923 0.857143
vt -0.000000 0.857143
vt 0.076923 1.000000
vt -0.000000 1.000000
vt -0.000000 0.285714
vt 0.076923 0.285714
vt 0.076923 0.428571
vt -0.000000 0.428571
vt 0.153846 0.714286
vt 0.153846 0.857143
vt 0.153846 0.428571
vt 0.230769 0.714286
vt 0.230769 0.857143
vt 0.230769 0.428571
vt 0.307692 0.714286
vt 0.307692 0.857143
vt 0.307692 1.000000
vt 0.307692 0.285714
vt 0.307692 0.428571
vt 0.384615 0.857143
vt 0.384615 1.000000
vt 0.461538 1.000000
vt 0.461538 0.285714
vt 0.384615 0.285714
vt 0.461538 0.857143
s 1
usemtl Глаза_обрамление
f 82/99/78 87/100/79 88/101/80 83/102/81
f 83/102/81 88/101/80 89/103/82 84/104/83
f 85/105/84 90/106/85 91/107/86 86/108/87
f 87/100/79 92/109/88 93/110/89 88/101/80
f 88/101/80 93/110/89 94/111/90 89/103/82
f 90/106/85 95/112/91 96/113/92 91/107/86
f 92/109/88 97/114/93 98/115/94 93/110/89
f 93/110/89 98/115/94 99/116/95 94/111/90
f 95/112/91 100/117/96 101/118/97 96/113/92
f 97/114/93 102/119/98 103/120/99 98/115/94
f 98/115/94 103/120/99 104/121/100 99/116/95
f 100/117/96 105/122/101 106/123/102 101/118/97
f 102/119/98 107/124/103 108/125/104 103/120/99
f 103/120/99 108/125/104 109/126/105 104/121/100
f 105/122/101 110/127/106 111/128/107 106/123/102
f 107/124/103 112/129/108 113/130/109 108/125/104
f 108/125/104 113/130/109 114/131/110 109/126/105
f 130/132/111 125/133/112 124/134/113 129/135/114
f 110/127/106 115/136/115 116/137/116 111/128/107
f 142/138/117 137/139/118 141/140/119 146/141/120
f 142/138/117 146/141/120 86/108/87 82/99/78
f 112/142/108 117/143/121 118/144/122 113/145/109
f 113/145/109 118/144/122 119/146/123 114/147/110
f 115/148/115 114/147/110 119/146/123 120/149/124
f 124/134/113 125/133/112 120/149/124 119/146/123
f 115/148/115 120/149/124 121/150/125 116/151/116
f 91/107/86 87/100/79 82/99/78 86/108/87
f 92/109/88 87/100/79 91/107/86 96/113/92
f 117/143/121 122/152/126 123/153/127 118/144/122
f 118/144/122 123/153/127 124/134/113 119/146/123
f 115/136/115 110/127/106 109/126/105 114/131/110
f 110/127/106 105/122/101 104/121/100 109/126/105
f 120/149/124 125/133/112 126/154/128 121/150/125
f 101/118/97 97/114/93 92/109/88 96/113/92
f 102/119/98 97/114/93 101/118/97 106/123/102
f 122/152/126 127/155/129 128/156/130 123/153/127
f 123/153/127 128/156/130 129/135/114 124/134/113
f 99/116/95 100/117/96 95/112/91 94/111/90
f 100/117/96 99/116/95 104/121/100 105/122/101
f 125/133/112 130/132/111 131/157/131 126/154/128
f 102/119/98 106/123/102 111/128/107 107/124/103
f 107/124/103 111/128/107 116/151/116 112/129/108
f 127/155/129 132/158/132 133/159/133 128/156/130
f 128/156/130 133/159/133 134/160/134 129/135/114
f 94/111/90 95/112/91 90/106/85 89/103/82
f 85/105/84 84/104/83 89/103/82 90/106/85
f 130/132/111 135/161/135 136/162/136 131/157/131
f 116/151/116 121/150/125 117/143/121 112/142/108
f 122/152/126 117/143/121 121/150/125 126/154/128
f 132/158/132 137/139/118 138/163/137 133/159/133
f 133/159/133 138/163/137 139/164/138 134/160/134
f 144/165/139 145/166/140 140/167/141 139/164/138
f 85/105/84 145/166/140 144/165/139 84/104/83
f 135/161/135 140/167/141 141/140/119 136/162/136
f 127/155/129 122/152/126 126/154/128 131/157/131
f 141/140/119 137/139/118 132/158/132 136/162/136
f 137/139/118 142/138/117 143/168/142 138/163/137
f 138/163/137 143/168/142 144/165/139 139/164/138
f 135/161/135 134/160/134 139/164/138 140/167/141
f 135/161/135 130/132/111 129/135/114 134/160/134
f 140/167/141 145/166/140 146/141/120 141/140/119
f 136/162/136 132/158/132 127/155/129 131/157/131
f 142/138/117 82/99/78 83/102/81 143/168/142
f 143/168/142 83/102/81 84/104/83 144/165/139
f 145/166/140 85/105/84 86/108/87 146/141/120
o Cube.015
v -0.152170 2.780088 0.699588
v -0.152170 2.946032 0.699588
v -0.154233 2.777746 0.630178
v -0.154233 2.948374 0.630178
v -0.005971 2.780088 0.699588
v -0.005971 2.946032 0.699588
v -0.003908 2.777746 0.630178
v -0.003908 2.948374 0.630178
vn -0.9996 -0.0000 0.0297
vn -0.0000 -0.0000 -1.0000
vn 0.9996 -0.0000 0.0297
vn -0.0000 -0.0000 1.0000
vn -0.0000 -0.9994 0.0337
vn -0.0000 0.9994 0.0337
vt 0.375000 0.000000
vt 0.625000 0.000000
vt 0.625000 0.250000
vt 0.375000 0.250000
vt 0.625000 0.500000
vt 0.375000 0.500000
vt 0.625000 0.750000
vt 0.375000 0.750000
vt 0.625000 1.000000
vt 0.375000 1.000000
vt 0.125000 0.500000
vt 0.125000 0.750000
vt 0.875000 0.500000
vt 0.875000 0.750000
s 1
usemtl Material.003
f 147/169/143 148/170/143 150/171/143 149/172/143
f 153/174/145 154/173/145 152/175/145 151/176/145
f 149/179/147 153/174/147 151/176/147 147/180/147
usemtl Зубы
f 149/172/144 150/171/144 154/173/144 153/174/144
f 151/176/146 152/175/146 148/177/146 147/178/146
f 154/173/148 150/181/148 148/182/148 152/175/148
o Cube.011
v -1.417347 1.385725 0.085654
v -1.417347 1.489566 0.085654
v -1.417347 1.385725 -0.085653
v -1.417347 1.489566 -0.085653
v -1.303206 1.385725 0.085654
v -1.303206 1.489566 0.085654
v -1.303206 1.385725 -0.085653
v -1.303206 1.489566 -0.085653
vn -1.0000 -0.0000 -0.0000
vn -0.0000 -0.0000 -1.0000
vn 1.0000 -0.0000 -0.0000
vn -0.0000 -0.0000 1.0000
vn -0.0000 -1.0000 -0.0000
vn -0.0000 1.0000 -0.0000
vt 0.375000 0.000000
vt 0.625000 0.000000
vt 0.625000 0.250000
vt 0.375000 0.250000
vt 0.625000 0.500000
vt 0.375000 0.500000
vt 0.625000 0.750000
vt 0.375000 0.750000
vt 0.625000 1.000000
vt 0.375000 1.000000
vt 0.125000 0.500000
vt 0.125000 0.750000
vt 0.875000 0.500000
vt 0.875000 0.750000
s 1
usemtl Глаза_обрамление
f 155/183/149 156/184/149 158/185/149 157/186/149
f 157/186/150 158/185/150 162/187/150 161/188/150
f 161/188/151 162/187/151 160/189/151 159/190/151
f 159/190/152 160/189/152 156/191/152 155/192/152
f 157/193/153 161/188/153 159/190/153 155/194/153
f 162/187/154 158/195/154 156/196/154 160/189/154
o Cylinder.010
v 1.048062 2.460208 0.211883
v 0.667581 2.460208 0.207905
v 1.011822 2.313069 0.149114
v 0.667581 2.311484 0.146302
v 0.996811 2.252122 -0.002422
v 0.667581 2.249881 -0.002422
v 1.011822 2.313069 -0.153959
v 0.667581 2.311484 -0.151146
v 1.048062 2.460208 -0.216727
v 0.667581 2.460208 -0.212750
v 1.084303 2.607347 -0.153959
v 0.667581 2.608932 -0.151146
v 1.099314 2.668294 -0.002422
v 0.667581 2.670535 -0.002422
v 1.084303 2.607347 0.149114
v 0.667581 2.608932 0.146302
v 1.029942 2.381801 -0.195416
v 0.667581 2.380956 -0.191834
v 1.066182 2.538615 -0.195416
v 0.667581 2.539460 -0.191834
v 1.091808 2.649500 -0.082363
v 0.667581 2.651539 -0.080879
v 1.004317 2.270916 -0.082363
v 0.667581 2.268877 -0.080879
v 1.004317 2.270916 0.077518
v 0.667581 2.268877 0.076035
v 1.029942 2.381801 0.190571
v 0.667581 2.380956 0.186990
v 1.066182 2.538615 0.190571
v 0.667581 2.539460 0.186990
v 1.091808 2.649500 0.077518
v 0.667581 2.651539 0.076035
vn 0.6084 -0.4160 0.6759
vn -0.6568 -0.2927 0.6949
vn -0.6322 -0.5479 0.5479
vn 0.5564 -0.6385 0.5318
vn 0.5777 -0.7721 0.2648
vn -0.6484 -0.7054 0.2863
vn -0.6305 -0.7762 -0.0000
vn 0.5402 -0.8416 -0.0000
vn 0.5777 -0.7721 -0.2648
vn -0.6484 -0.7054 -0.2863
vn -0.6322 -0.5479 -0.5479
vn 0.5564 -0.6385 -0.5318
vn 0.6084 -0.4160 -0.6759
vn -0.6568 -0.2927 -0.6949
vn -0.6334 0.0008 -0.7738
vn 0.6115 -0.1194 -0.7822
vn 0.6658 0.1627 -0.7281
vn -0.6565 0.2939 -0.6947
vn -0.6320 0.5482 -0.5478
vn 0.6873 0.4400 -0.5779
vn 0.7159 0.6228 -0.3156
vn -0.6487 0.7051 -0.2865
vn -0.6311 0.7757 -0.0000
vn 0.7250 0.6888 -0.0000
vn -0.6334 0.0008 0.7738
vn -0.6565 0.2939 0.6947
vn -0.6320 0.5482 0.5478
vn -0.6487 0.7051 0.2865
vn 0.7159 0.6228 0.3156
vn 0.6873 0.4400 0.5779
vn 0.6658 0.1627 0.7281
vn 0.6115 -0.1194 0.7822
vt 0.937500 0.500000
vt 0.937500 1.000000
vt 0.875000 1.000000
vt 0.875000 0.500000
vt 0.812500 0.500000
vt 0.812500 1.000000
vt 0.750000 1.000000
vt 0.750000 0.500000
vt 0.687500 0.500000
vt 0.687500 1.000000
vt 0.625000 1.000000
vt 0.625000 0.500000
vt 0.562500 0.500000
vt 0.562500 1.000000
vt 0.500000 1.000000
vt 0.500000 0.500000
vt 0.437500 0.500000
vt 0.437500 1.000000
vt 0.375000 1.000000
vt 0.375000 0.500000
vt 0.312500 0.500000
vt 0.312500 1.000000
vt 0.250000 1.000000
vt 0.250000 0.500000
vt 0.419706 0.419706
vt 0.334853 0.454853
vt 0.250000 0.490000
vt 0.165147 0.454853
vt 0.080294 0.419706
vt 0.045147 0.334853
vt 0.010000 0.250000
vt 0.045147 0.165147
vt 0.080294 0.080294
vt 0.165147 0.045147
vt 0.250000 0.010000
vt 0.334853 0.045147
vt 0.419706 0.080294
vt 0.454853 0.165147
vt 0.490000 0.250000
vt 0.454853 0.334853
vt 0.187500 0.500000
vt 0.187500 1.000000
vt 0.125000 1.000000
vt 0.125000 0.500000
vt 0.062500 0.500000
vt 0.062500 1.000000
vt 0.000000 1.000000
vt 0.000000 0.500000
vt 0.750000 0.490000
vt 0.834853 0.454853
vt 0.919706 0.419706
vt 0.954853 0.334853
vt 0.990000 0.250000
vt 0.954853 0.165147
vt 0.919706 0.080294
vt 0.834853 0.045147
vt 0.750000 0.010000
vt 0.665147 0.045147
vt 0.580294 0.080294
vt 0.545147 0.165147
vt 0.510000 0.250000
vt 0.545147 0.334853
vt 0.580294 0.419706
vt 0.665147 0.454853
vt 1.000000 0.500000
vt 1.000000 1.000000
s 1
usemtl Рубашка
f 189/197/155 190/198/156 166/199/157 165/200/158
f 187/201/159 188/202/160 168/203/161 167/204/162
f 185/205/163 186/206/164 170/207/165 169/208/166
f 179/209/167 180/210/168 172/211/169 171/212/170
f 181/213/171 182/214/172 174/215/173 173/216/174
f 183/217/175 184/218/176 176/219/177 175/220/178
f 166/221/157 190/222/156 164/223/179 192/224/180 178/225/181 194/226/182 176/227/177 184/228/176 174/229/173 182/230/172 172/231/169 180/232/168 170/233/165 186/234/164 168/235/161 188/236/160
f 193/237/183 194/238/182 178/239/181 177/240/184
f 191/241/185 192/242/180 164/243/179 163/244/186
f 163/245/186 189/246/155 165/247/158 187/248/159 167/249/162 185/250/163 169/251/166 179/252/167 171/253/170 181/254/171 173/255/174 183/256/175 175/257/178 193/258/183 177/259/184 191/260/185
f 169/208/166 170/207/165 180/210/168 179/209/167
f 171/212/170 172/211/169 182/214/172 181/213/171
f 173/216/174 174/215/173 184/218/176 183/217/175
f 167/204/162 168/203/161 186/206/164 185/205/163
f 165/200/158 166/199/157 188/202/160 187/201/159
f 163/261/186 164/262/179 190/198/156 189/197/155
f 177/240/184 178/239/181 192/242/180 191/241/185
f 175/220/178 176/219/177 194/238/182 193/237/183
o Cube.016
v -0.311853 3.479609 0.531213
v -0.226719 3.587374 0.531213
v 0.327314 3.477184 0.531213
v 0.255698 3.587784 0.531213
v 0.101777 3.596992 0.531213
v -0.048584 3.308150 0.531213
v -0.083182 3.508753 0.531213
v -0.080625 3.596992 0.531213
v 0.012194 3.270998 0.531213
v 0.105053 3.504108 0.531213
v 0.066135 3.307470 0.531213
v -0.312464 3.479618 0.543288
v -0.227169 3.587587 0.543288
v 0.327914 3.477188 0.543288
v 0.256162 3.587997 0.543288
v 0.101950 3.597223 0.543288
v -0.083360 3.508816 0.543288
v -0.048696 3.307834 0.543288
v 0.012197 3.270612 0.543288
v -0.080798 3.597223 0.543288
v 0.066240 3.307152 0.543288
v 0.105232 3.504164 0.543288
v -0.298337 3.479672 0.548054
v -0.308197 3.479716 0.546946
v -0.219993 3.578842 0.548053
v -0.225711 3.584129 0.546946
v 0.313931 3.477316 0.548054
v 0.323667 3.477301 0.546946
v 0.248215 3.578804 0.548054
v 0.254377 3.584310 0.546946
v 0.092013 3.593150 0.548053
v 0.097641 3.596298 0.546946
v -0.073587 3.498649 0.548054
v -0.079161 3.503857 0.546946
v -0.039741 3.311256 0.548054
v -0.044590 3.308037 0.546946
v 0.011768 3.279770 0.548054
v 0.011989 3.273451 0.546946
v -0.070849 3.593150 0.548053
v -0.076482 3.596298 0.546946
v 0.057330 3.310576 0.548054
v 0.062123 3.307349 0.546946
v 0.095510 3.493984 0.548054
v 0.101066 3.499154 0.546946
vn -0.0387 0.8051 0.5919
vn -0.0241 0.9109 0.4119
vn -0.0109 0.3704 0.9288
vn -0.0122 0.2756 0.9612
vn -0.0314 -0.0109 -0.9994
vn -0.0046 0.1736 -0.9848
vn -0.0083 0.1726 -0.9849
vn -0.0268 0.1141 -0.9931
vn 0.0268 0.1141 -0.9931
vn 0.0082 0.1728 -0.9849
vn 0.0052 0.1737 -0.9848
vn 0.0311 -0.0130 -0.9994
vn 0.0256 -0.0387 -0.9989
vn 0.0007 -0.1734 -0.9849
vn -0.0255 -0.0405 -0.9989
vn 0.0379 0.8023 0.5956
vn 0.0268 0.9002 0.4347
vn 0.8195 -0.3427 0.4593
vn 0.5262 -0.7939 0.3046
vn -0.2222 0.9456 0.2376
vn 0.2219 0.9458 0.2372
vn -0.8348 -0.2895 0.4683
vn 0.0036 -0.9404 0.3400
vn -0.5097 -0.8081 0.2953
vn -0.0248 -0.0090 0.9997
vn -0.0204 -0.0322 0.9993
vn 0.0005 -0.0992 0.9951
vn 0.0205 -0.0311 0.9993
vn 0.0246 -0.0107 0.9996
vn 0.0012 0.1065 0.9943
vn 0.0037 0.0750 0.9972
vn 0.0213 0.0789 0.9967
vn -0.0213 0.0788 0.9967
vn -0.0038 0.0747 0.9972
vn -0.0009 0.1084 0.9941
vn 0.2010 -0.0827 0.9761
vn 0.1909 -0.2875 0.9386
vn 0.0119 0.2771 0.9608
vn 0.0116 0.3573 0.9339
vn -0.0964 0.4285 0.8984
vn 0.0013 -0.3542 0.9352
vn -0.1853 -0.2946 0.9375
vn -0.1996 -0.0676 0.9775
vn 0.0963 0.4288 0.8983
vt 0.812500 0.747964
vt 0.875000 0.747964
vt 0.860645 0.749860
vt 0.570115 0.749860
vt 0.125000 0.500000
vt 0.875000 0.500000
vt 0.812500 0.500000
vt 0.781250 0.500000
vt 0.750000 0.500000
vt 0.730357 0.500000
vt 0.625000 0.500000
vt 0.375000 0.500000
vt 0.269643 0.500000
vt 0.218750 0.500000
vt 0.187500 0.500000
vt 0.730357 0.747964
vt 0.625000 0.747964
vt 0.375000 0.747964
vt 0.269643 0.747964
vt 0.781250 0.747964
vt 0.750000 0.747964
vt 0.375000 0.002036
vt 0.625000 0.002036
vt 0.625000 0.250000
vt 0.375000 0.250000
vt 0.218750 0.747964
vt 0.187500 0.747964
vt 0.218750 0.747964
vt 0.730357 0.747964
vt 0.139488 0.750000
vt 0.194369 0.750000
vt 0.220818 0.750000
vt 0.264465 0.750000
vt 0.377426 0.750000
vt 0.614671 0.750000
vt 0.461751 0.750000
vt 0.747002 0.750000
vt 0.774804 0.750000
vt 0.462192 0.750000
vt 0.843184 0.750000
vt 0.376378 0.749860
vt 0.267006 0.749860
vt 0.546609 0.749860
vt 0.621319 0.749860
vt 0.376378 0.749860
vt 0.778545 0.749860
vt 0.219817 0.749860
vt 0.191053 0.749860
vt 0.375651 0.000140
vt 0.617183 0.000140
vt 0.267006 0.749860
vt 0.748934 0.749860
vt 0.187500 0.747964
vt 0.125000 0.747964
vt 0.859584 0.750000
vt 0.133096 0.750000
vt 0.132539 0.749860
s 1
usemtl Бровь_и_тени
f 195/267/191 196/268/192 201/269/193 202/270/194 199/271/195 204/272/196 198/273/197 197/274/198 205/275/199 203/276/200 200/277/201
f 217/292/211 229/293/212 231/294/213 235/295/214 221/296/215 223/297/216 237/298/217 225/299/218 233/300/219 227/301/220 219/302/221
usemtl Глаза_обрамление
f 211/263/187 207/264/188 220/265/189 228/266/190
f 198/273/197 204/272/196 216/278/202 209/279/203
f 197/274/198 198/273/197 209/279/203 208/280/204
f 205/275/199 197/274/198 208/280/204 215/281/205
f 199/271/195 202/270/194 214/282/206 210/283/207
f 201/269/193 196/268/192 207/264/188 211/263/187
f 206/284/208 207/285/188 196/286/192 195/287/191
f 200/277/201 203/276/200 213/288/209 212/289/210
f 202/270/194 201/269/193 211/263/187 214/282/206
f 215/281/205 213/290/209 203/276/200 205/275/199
f 204/272/196 199/271/195 210/283/207 216/291/202
f 215/281/205 208/280/204 222/303/222 236/304/223
f 209/279/203 216/278/202 238/305/224 224/306/225
f 224/306/225 222/307/222 208/280/204 209/279/203
f 214/282/206 211/263/187 228/266/190 234/308/226
f 212/289/210 213/288/209 232/309/227 230/310/228
f 218/311/229 220/312/189 207/285/188 206/284/208
f 213/290/209 215/281/205 236/313/223 232/309/227
f 216/291/202 210/283/207 226/314/230 238/305/224
f 210/283/207 214/282/206 234/308/226 226/314/230
f 195/267/191 200/277/201 212/315/210 206/316/208
f 217/292/211 219/302/221 220/317/189 218/318/229
f 223/297/216 221/296/215 222/307/222 224/306/225
f 221/296/215 235/295/214 236/304/223 222/303/222
f 219/302/221 227/301/220 228/266/190 220/265/189
f 235/295/214 231/294/213 232/309/227 236/313/223
f 225/299/218 237/298/217 238/305/224 226/314/230
f 227/301/220 233/300/219 234/308/226 228/266/190
f 229/293/212 217/292/211 218/319/229 230/310/228
f 231/294/213 229/293/212 230/310/228 232/309/227
f 233/300/219 225/299/218 226/314/230 234/308/226
f 237/298/217 223/297/216 224/306/225 238/305/224
f 206/316/208 212/315/210 230/310/228 218/319/229
o Sphere.001
v 0.053464 1.540452 -0.689122
v 0.077088 1.500261 -0.725062
v 0.085735 1.445358 -0.738217
v 0.077088 1.390455 -0.725062
v 0.053464 1.350263 -0.689122
v 0.073409 1.540452 -0.658779
v 0.111633 1.500261 -0.672507
v 0.125624 1.445358 -0.677532
v 0.111633 1.390455 -0.672507
v 0.073409 1.350263 -0.658779
v 0.073409 1.540452 -0.621274
v 0.111633 1.500261 -0.607546
v 0.125624 1.445358 -0.602521
v 0.111633 1.390455 -0.607546
v 0.073409 1.350263 -0.621274
v 0.053464 1.540452 -0.590932
v 0.077088 1.500261 -0.554992
v 0.085735 1.445358 -0.541837
v 0.077088 1.390455 -0.554991
v 0.053464 1.350263 -0.590932
v 0.021193 1.540452 -0.579342
v 0.021193 1.500261 -0.534917
v 0.021193 1.445358 -0.518657
v 0.021193 1.390455 -0.534917
v 0.021193 1.350263 -0.579342
v 0.021193 1.335552 -0.640027
v 0.021193 1.555163 -0.640027
v -0.011078 1.540452 -0.590932
v -0.034702 1.500261 -0.554991
v -0.043349 1.445358 -0.541837
v -0.034702 1.390455 -0.554991
v -0.011078 1.350263 -0.590932
v -0.031023 1.540452 -0.621274
v -0.069247 1.500261 -0.607546
v -0.083238 1.445358 -0.602521
v -0.069247 1.390455 -0.607546
v -0.031023 1.350263 -0.621274
v -0.031023 1.540452 -0.658779
v -0.069247 1.500261 -0.672507
v -0.083238 1.445358 -0.677532
v -0.069247 1.390455 -0.672507
v -0.031023 1.350263 -0.658779
v -0.011078 1.540452 -0.689122
v -0.034702 1.500261 -0.725062
v -0.043349 1.445358 -0.738217
v -0.034702 1.390455 -0.725062
v -0.011078 1.350263 -0.689122
v 0.021193 1.540452 -0.700711
v 0.021193 1.500261 -0.745136
v 0.021193 1.445358 -0.761396
v 0.021193 1.390455 -0.745136
v 0.021193 1.350263 -0.700711
vn -0.0000 -0.8667 -0.4988
vn -0.0000 -0.5166 -0.8563
vn 0.5413 -0.5026 -0.6741
vn 0.3210 -0.8586 -0.3997
vn -0.0000 -0.0000 -1.0000
vn -0.0000 0.5166 -0.8563
vn 0.5413 0.5026 -0.6741
vn 0.6261 -0.0000 -0.7797
vn -0.0000 0.8667 -0.4988
vn -0.0000 1.0000 -0.0000
vn 0.3210 0.8586 -0.3997
vn -0.0000 -1.0000 -0.0000
vn 0.8404 0.4823 -0.2471
vn 0.9594 -0.0000 -0.2820
vn 0.5117 0.8459 -0.1504
vn 0.5117 -0.8459 -0.1504
vn 0.8404 -0.4823 -0.2471
vn 0.5117 0.8459 0.1504
vn 0.5117 -0.8459 0.1504
vn 0.9594 -0.0000 0.2820
vn 0.8404 -0.4823 0.2471
vn 0.8404 0.4823 0.2471
vn 0.3210 -0.8586 0.3997
vn 0.6261 -0.0000 0.7797
vn 0.5413 -0.5026 0.6741
vn 0.3210 0.8586 0.3997
vn 0.5413 0.5026 0.6741
vn -0.0000 -0.8667 0.4988
vn -0.0000 -0.0000 1.0000
vn -0.0000 -0.5166 0.8563
vn -0.0000 0.8667 0.4988
vn -0.0000 0.5166 0.8563
vn -0.3210 -0.8586 0.3997
vn -0.6261 -0.0000 0.7797
vn -0.5413 -0.5026 0.6741
vn -0.3210 0.8586 0.3997
vn -0.5413 0.5026 0.6741
vn -0.9594 -0.0000 0.2820
vn -0.8404 -0.4823 0.2471
vn -0.5117 0.8459 0.1504
vn -0.8404 0.4823 0.2471
vn -0.5117 -0.8459 0.1504
vn -0.5117 0.8459 -0.1504
vn -0.8404 0.4823 -0.2471
vn -0.8404 -0.4823 -0.2471
vn -0.5117 -0.8459 -0.1504
vn -0.9594 -0.0000 -0.2820
vn -0.5413 -0.5026 -0.6741
vn -0.3210 -0.8586 -0.3997
vn -0.5413 0.5026 -0.6741
vn -0.6261 -0.0000 -0.7797
vn -0.3210 0.8586 -0.3997
vt 0.700000 0.166667
vt 0.700000 0.333333
vt 0.600000 0.333333
vt 0.600000 0.166667
vt 0.700000 0.500000
vt 0.700000 0.666667
vt 0.600000 0.666667
vt 0.600000 0.500000
vt 0.700000 0.833333
vt 0.650000 1.000000
vt 0.600000 0.833333
vt 0.650000 0.000000
vt 0.500000 0.666667
vt 0.500000 0.500000
vt 0.550000 1.000000
vt 0.500000 0.833333
vt 0.550000 0.000000
vt 0.500000 0.166667
vt 0.500000 0.333333
vt 0.450000 1.000000
vt 0.400000 0.833333
vt 0.450000 0.000000
vt 0.400000 0.166667
vt 0.400000 0.500000
vt 0.400000 0.333333
vt 0.400000 0.666667
vt 0.350000 0.000000
vt 0.300000 0.166667
vt 0.300000 0.500000
vt 0.300000 0.333333
vt 0.300000 0.833333
vt 0.300000 0.666667
vt 0.350000 1.000000
vt 0.250000 0.000000
vt 0.200000 0.166667
vt 0.200000 0.500000
vt 0.200000 0.333333
vt 0.200000 0.833333
vt 0.200000 0.666667
vt 0.250000 1.000000
vt 0.150000 0.000000
vt 0.100000 0.166667
vt 0.100000 0.500000
vt 0.100000 0.333333
vt 0.100000 0.833333
vt 0.100000 0.666667
vt 0.150000 1.000000
vt 0.000000 0.500000
vt 0.000000 0.333333
vt 0.000000 0.833333
vt 0.000000 0.666667
vt 0.000000 0.166667
vt 0.050000 1.000000
vt 0.050000 0.000000
vt 1.000000 0.666667
vt 1.000000 0.833333
vt 0.900000 0.833333
vt 0.900000 0.666667
vt 1.000000 0.166667
vt 1.000000 0.333333
vt 0.900000 0.333333
vt 0.900000 0.166667
vt 1.000000 0.500000
vt 0.900000 0.500000
vt 0.950000 1.000000
vt 0.950000 0.000000
vt 0.800000 0.333333
vt 0.800000 0.166667
vt 0.800000 0.666667
vt 0.800000 0.500000
vt 0.850000 1.000000
vt 0.800000 0.833333
vt 0.850000 0.000000
vt 0.750000 1.000000
vt 0.750000 0.000000
s 1
usemtl Сталь
f 290/320/231 289/321/232 242/322/233 243/323/234
f 288/324/235 287/325/236 240/326/237 241/327/238
f 286/328/239 265/329/240 239/330/241
f 264/331/242 290/320/231 243/323/234
f 289/321/232 288/324/235 241/327/238 242/322/233
f 287/325/236 286/328/239 239/330/241 240/326/237
f 241/327/238 240/326/237 245/332/243 246/333/244
f 239/330/241 265/334/240 244/335/245
f 264/336/242 243/323/234 248/337/246
f 242/322/233 241/327/238 246/333/244 247/338/247
f 240/326/237 239/330/241 244/335/245 245/332/243
f 243/323/234 242/322/233 247/338/247 248/337/246
f 244/335/245 265/339/240 249/340/248
f 264/341/242 248/337/246 253/342/249
f 247/338/247 246/333/244 251/343/250 252/344/251
f 245/332/243 244/335/245 249/340/248 250/345/252
f 248/337/246 247/338/247 252/344/251 253/342/249
f 246/333/244 245/332/243 250/345/252 251/343/250
f 264/346/242 253/342/249 258/347/253
f 252/344/251 251/343/250 256/348/254 257/349/255
f 250/345/252 249/340/248 254/350/256 255/351/257
f 253/342/249 252/344/251 257/349/255 258/347/253
f 251/343/250 250/345/252 255/351/257 256/348/254
f 249/340/248 265/352/240 254/350/256
f 264/353/242 258/347/253 263/354/258
f 257/349/255 256/348/254 261/355/259 262/356/260
f 255/351/257 254/350/256 259/357/261 260/358/262
f 258/347/253 257/349/255 262/356/260 263/354/258
f 256/348/254 255/351/257 260/358/262 261/355/259
f 254/350/256 265/359/240 259/357/261
f 264/360/242 263/354/258 270/361/263
f 262/356/260 261/355/259 268/362/264 269/363/265
f 260/358/262 259/357/261 266/364/266 267/365/267
f 263/354/258 262/356/260 269/363/265 270/361/263
f 261/355/259 260/358/262 267/365/267 268/362/264
f 259/357/261 265/366/240 266/364/266
f 269/363/265 268/362/264 273/367/268 274/368/269
f 267/365/267 266/364/266 271/369/270 272/370/271
f 270/361/263 269/363/265 274/368/269 275/371/272
f 268/362/264 267/365/267 272/370/271 273/367/268
f 266/364/266 265/372/240 271/369/270
f 264/373/242 270/361/263 275/371/272
f 272/374/271 271/375/270 276/376/273 277/377/274
f 275/378/272 274/379/269 279/380/275 280/381/276
f 273/382/268 272/374/271 277/377/274 278/383/277
f 271/375/270 265/384/240 276/376/273
f 264/385/242 275/378/272 280/381/276
f 274/379/269 273/382/268 278/383/277 279/380/275
f 280/381/276 279/380/275 284/386/278 285/387/279
f 278/383/277 277/377/274 282/388/280 283/389/281
f 276/376/273 265/390/240 281/391/282
f 264/392/242 280/381/276 285/387/279
f 279/380/275 278/383/277 283/389/281 284/386/278
f 277/377/274 276/376/273 281/391/282 282/388/280
f 285/387/279 284/386/278 289/321/232 290/320/231
f 283/389/281 282/388/280 287/325/236 288/324/235
f 281/391/282 265/393/240 286/328/239
f 264/394/242 285/387/279 290/320/231
f 284/386/278 283/389/281 288/324/235 289/321/232
f 282/388/280 281/391/282 286/328/239 287/325/236
o Cube.014
v 0.047164 2.780226 0.699588
v 0.047164 2.945894 0.699588
v 0.044980 2.777746 0.630178
v 0.044980 2.948374 0.630178
v 0.193120 2.780226 0.699588
v 0.193120 2.945894 0.699588
v 0.195305 2.777746 0.630178
v 0.195305 2.948374 0.630178
vn -0.9995 -0.0000 0.0315
vn -0.0000 -0.0000 -1.0000
vn 0.9995 -0.0000 0.0315
vn -0.0000 -0.0000 1.0000
vn -0.0000 -0.9994 0.0357
vn -0.0000 0.9994 0.0357
vt 0.375000 0.000000
vt 0.625000 0.000000
vt 0.625000 0.250000
vt 0.375000 0.250000
vt 0.625000 0.500000
vt 0.375000 0.500000
vt 0.625000 0.750000
vt 0.375000 0.750000
vt 0.625000 1.000000
vt 0.375000 1.000000
vt 0.125000 0.500000
vt 0.125000 0.750000
vt 0.875000 0.500000
vt 0.875000 0.750000
s 1
usemtl Material.003
f 291/395/283 292/396/283 294/397/283 293/398/283
f 297/400/285 298/399/285 296/401/285 295/402/285
f 293/405/287 297/400/287 295/402/287 291/406/287
usemtl Зубы
f 293/398/284 294/397/284 298/399/284 297/400/284
f 295/402/286 296/401/286 292/403/286 291/404/286
f 298/399/288 294/407/288 292/408/288 296/401/288
o Cylinder.019
v 0.662830 3.148681 -0.087182
v 0.662830 3.267846 -0.054792
v 0.662830 3.341494 0.030008
v 0.662830 3.341494 0.134826
v 0.662830 3.267846 0.219626
v 0.662830 3.148681 0.252016
v 0.662830 3.029517 0.219626
v 0.662830 2.955869 0.134826
v 0.662830 2.955869 0.030008
v 0.662830 3.029517 -0.054792
v 0.662830 3.084546 -0.080817
v 0.662830 2.980774 -0.018467
v 0.662830 3.212816 -0.080817
v 0.662830 3.316589 -0.018467
v 0.662830 3.356227 0.082417
v 0.662830 3.316589 0.183301
v 0.662830 3.212816 0.245651
v 0.662830 3.084546 0.245651
v 0.662830 2.980774 0.183301
v 0.662830 2.941136 0.082417
v 0.700515 3.148681 -0.074037
v 0.695226 3.148681 -0.087182
v 0.700515 3.258713 -0.044116
v 0.695226 3.267846 -0.054792
v 0.700515 3.326618 0.034111
v 0.695226 3.341494 0.030008
v 0.700515 3.326618 0.130724
v 0.695226 3.341494 0.134826
v 0.700515 3.258713 0.208950
v 0.695226 3.267846 0.219626
v 0.700515 3.148681 0.238872
v 0.695226 3.148681 0.252016
v 0.700515 3.038649 0.208950
v 0.695226 3.029517 0.219626
v 0.700515 2.970745 0.130724
v 0.695226 2.955869 0.134826
v 0.700515 2.970745 0.034111
v 0.695226 2.955869 0.030008
v 0.700515 3.038649 -0.044116
v 0.695226 3.029517 -0.054792
v 0.700515 3.089497 -0.068163
v 0.695226 3.084546 -0.080817
v 0.700515 2.993741 -0.010649
v 0.695226 2.980774 -0.018467
v 0.700515 3.207866 -0.068163
v 0.695226 3.212816 -0.080817
v 0.700515 3.303622 -0.010649
v 0.695226 3.316589 -0.018467
v 0.700515 3.340198 0.082417
v 0.695226 3.356227 0.082417
v 0.700515 3.303622 0.175483
v 0.695226 3.316589 0.183301
v 0.700515 3.207866 0.232998
v 0.695226 3.212816 0.245651
v 0.700515 3.089497 0.232998
v 0.695226 3.084546 0.245651
v 0.700515 2.993741 0.175483
v 0.695226 2.980774 0.183301
v 0.700515 2.957165 0.082417
v 0.695226 2.941136 0.082417
vn 0.7879 0.3163 -0.5283
vn -0.9950 0.0513 -0.0857
vn -0.9949 0.0761 -0.0655
vn 0.8070 0.4474 -0.3855
vn 0.8175 0.5358 -0.2111
vn -0.9960 0.0829 -0.0327
vn -0.9955 0.0944 -0.0000
vn 0.8261 0.5636 -0.0000
vn 0.8175 0.5358 0.2111
vn -0.9960 0.0829 0.0327
vn -0.9949 0.0761 0.0655
vn 0.8070 0.4474 0.3855
vn 0.7879 0.3163 0.5283
vn -0.9950 0.0513 0.0857
vn -0.9940 0.0288 0.1053
vn 0.7782 0.1659 0.6058
vn 0.7717 -0.0000 0.6360
vn -0.9944 -0.0000 0.1061
vn -0.9940 -0.0288 0.1053
vn 0.7782 -0.1659 0.6058
vn 0.7879 -0.3163 0.5283
vn -0.9950 -0.0513 0.0857
vn -0.9949 -0.0761 0.0655
vn 0.8070 -0.4474 0.3855
vn 0.8175 -0.5358 0.2111
vn -0.9960 -0.0829 0.0327
vn -0.9955 -0.0944 -0.0000
vn 0.8261 -0.5636 -0.0000
vn 0.8175 -0.5358 -0.2111
vn -0.9960 -0.0829 -0.0327
vn -0.9949 -0.0761 -0.0655
vn 0.8070 -0.4474 -0.3855
vn -0.9940 0.0288 -0.1053
vn -0.9944 -0.0000 -0.1061
vn -0.9940 -0.0288 -0.1053
vn -0.9950 -0.0513 -0.0857
vn 0.7879 -0.3163 -0.5283
vn 0.7782 -0.1659 -0.6058
vn 0.9965 -0.0000 -0.0833
vn 0.9963 0.0226 -0.0825
vn 0.9969 0.0403 -0.0673
vn 0.9969 0.0595 -0.0513
vn 0.9975 0.0651 -0.0257
vn 0.9973 0.0738 -0.0000
vn 0.9975 0.0651 0.0257
vn 0.9969 0.0595 0.0513
vn 0.9969 0.0403 0.0673
vn 0.9963 0.0226 0.0825
vn 0.9965 -0.0000 0.0833
vn 0.9963 -0.0226 0.0825
vn 0.9969 -0.0403 0.0673
vn 0.9969 -0.0595 0.0513
vn 0.9975 -0.0651 0.0257
vn 0.9973 -0.0738 -0.0000
vn 0.9975 -0.0651 -0.0257
vn 0.9969 -0.0595 -0.0513
vn 0.9969 -0.0403 -0.0673
vn 0.9963 -0.0226 -0.0825
vn 0.7782 0.1659 -0.6058
vn 0.7717 -0.0000 -0.6360
vt 0.900000 0.519241
vt 0.900000 1.000000
vt 0.850000 1.000000
vt 0.850000 0.519241
vt 0.800000 0.519241
vt 0.800000 1.000000
vt 0.750000 1.000000
vt 0.750000 0.519241
vt 0.700000 0.519241
vt 0.700000 1.000000
vt 0.650000 1.000000
vt 0.650000 0.519241
vt 0.600000 0.519241
vt 0.600000 1.000000
vt 0.550000 1.000000
vt 0.550000 0.519241
vt 0.500000 0.519241
vt 0.500000 1.000000
vt 0.450000 1.000000
vt 0.450000 0.519241
vt 0.400000 0.519241
vt 0.400000 1.000000
vt 0.350000 1.000000
vt 0.350000 0.519241
vt 0.300000 0.519241
vt 0.300000 1.000000
vt 0.250000 1.000000
vt 0.250000 0.519241
vt 0.200000 0.519241
vt 0.200000 1.000000
vt 0.150000 1.000000
vt 0.150000 0.519241
vt 0.391068 0.444164
vt 0.320534 0.467082
vt 0.250000 0.490000
vt 0.179466 0.467082
vt 0.108932 0.444164
vt 0.065339 0.384164
vt 0.021746 0.324164
vt 0.021746 0.250000
vt 0.021746 0.175836
vt 0.065339 0.115836
vt 0.108932 0.055836
vt 0.179466 0.032918
vt 0.250000 0.010000
vt 0.320534 0.032918
vt 0.391068 0.055836
vt 0.434661 0.115836
vt 0.478254 0.175836
vt 0.478254 0.250000
vt 0.478254 0.324164
vt 0.434661 0.384164
vt 0.100000 0.519241
vt 0.100000 1.000000
vt 0.050000 1.000000
vt 0.050000 0.519241
vt 0.750000 0.468568
vt 0.816125 0.452929
vt 0.878270 0.426747
vt 0.923092 0.375408
vt 0.957385 0.317465
vt 0.963936 0.250000
vt 0.957385 0.182536
vt 0.923091 0.124592
vt 0.878270 0.073253
vt 0.816125 0.047071
vt 0.750000 0.031432
vt 0.683875 0.047071
vt 0.621730 0.073253
vt 0.576909 0.124592
vt 0.542615 0.182535
vt 0.536064 0.250000
vt 0.542615 0.317465
vt 0.576909 0.375408
vt 0.621730 0.426747
vt 0.683875 0.452929
vt 0.950000 0.519241
vt 0.950000 1.000000
vt 0.100000 0.519241
vt -0.000000 1.000000
vt -0.000000 0.519241
vt 0.850000 0.519241
vt 0.700000 0.519241
vt 0.400000 0.519241
vt 0.350000 0.519241
vt 0.200000 0.519241
vt 0.901321 0.500000
vt 0.947521 0.500000
vt 0.801085 0.500000
vt 0.847252 0.500000
vt 0.701063 0.500000
vt 0.747149 0.500000
vt 0.601279 0.500000
vt 0.647345 0.500000
vt 0.501433 0.500000
vt 0.547574 0.500000
vt 0.401320 0.500000
vt 0.447521 0.500000
vt 0.301085 0.500000
vt 0.347252 0.500000
vt 0.201063 0.500000
vt 0.247149 0.500000
vt 0.101279 0.500000
vt 0.147345 0.500000
vt 0.001433 0.500000
vt 0.047574 0.500000
vt 0.052479 0.500000
vt 0.098679 0.500000
vt 0.152748 0.500000
vt 0.198915 0.500000
vt 1.000000 0.519241
vt 0.950000 0.519241
vt 0.952426 0.500000
vt 0.998567 0.500000
vt 0.852655 0.500000
vt 0.898721 0.500000
vt 0.752851 0.500000
vt 0.798937 0.500000
vt 0.652748 0.500000
vt 0.698915 0.500000
vt 0.552479 0.500000
vt 0.598679 0.500000
vt 0.452426 0.500000
vt 0.498567 0.500000
vt 0.352655 0.500000
vt 0.398721 0.500000
vt 0.252851 0.500000
vt 0.298937 0.500000
vt 1.000000 1.000000
s 1
usemtl уши
f 322/409/289 300/410/290 312/411/291 346/412/292
f 324/413/293 301/414/294 313/415/295 348/416/296
f 326/417/297 302/418/298 314/419/299 350/420/300
f 328/421/301 303/422/302 315/423/303 352/424/304
f 330/425/305 304/426/306 316/427/307 354/428/308
f 332/429/309 305/430/310 317/431/311 356/432/312
f 334/433/313 306/434/314 318/435/315 358/436/316
f 336/437/317 307/438/318 310/439/319 342/440/320
f 300/441/290 311/442/321 299/443/322 309/444/323 308/445/324 310/446/319 307/447/318 318/448/315 306/449/314 317/450/311 305/451/310 316/452/307 304/453/306 315/454/303 303/455/302 314/456/299 302/457/298 313/458/295 301/459/294 312/460/291
f 338/461/325 308/462/324 309/463/323 340/464/326
f 319/465/327 343/466/328 321/467/329 345/468/330 323/469/331 347/470/332 325/471/333 349/472/334 327/473/335 351/474/336 329/475/337 353/476/338 331/477/339 355/478/340 333/479/341 357/480/342 335/481/343 341/482/344 337/483/345 339/484/346
f 344/485/347 311/486/321 300/410/290 322/409/289
f 342/440/320 310/439/319 308/462/324 338/487/325
f 340/464/326 309/463/323 299/488/322 320/489/348
f 346/490/292 312/411/291 301/414/294 324/413/293
f 348/416/296 313/415/295 302/418/298 326/491/297
f 350/420/300 314/419/299 303/422/302 328/421/301
f 352/424/304 315/423/303 304/426/306 330/425/305
f 354/428/308 316/427/307 305/430/310 332/492/309
f 356/493/312 317/431/311 306/434/314 334/433/313
f 358/436/316 318/435/315 307/438/318 336/494/317
f 344/485/347 322/409/289 321/495/329 343/496/328
f 346/490/292 324/413/293 323/497/331 345/498/330
f 348/416/296 326/491/297 325/499/333 347/500/332
f 350/420/300 328/421/301 327/501/335 349/502/334
f 352/424/304 330/425/305 329/503/337 351/504/336
f 354/428/308 332/492/309 331/505/339 353/506/338
f 356/493/312 334/433/313 333/507/341 355/508/340
f 358/436/316 336/494/317 335/509/343 357/510/342
f 342/440/320 338/487/325 337/511/345 341/512/344
f 340/464/326 320/489/348 319/513/327 339/514/346
f 338/461/325 340/464/326 339/515/346 337/516/345
f 336/437/317 342/440/320 341/517/344 335/518/343
f 320/519/348 344/520/347 343/521/328 319/522/327
f 322/409/289 346/412/292 345/523/330 321/524/329
f 324/413/293 348/416/296 347/525/332 323/526/331
f 326/417/297 350/420/300 349/527/334 325/528/333
f 328/421/301 352/424/304 351/529/336 327/530/335
f 330/425/305 354/428/308 353/531/338 329/532/337
f 332/429/309 356/432/312 355/533/340 331/534/339
f 334/433/313 358/436/316 357/535/342 333/536/341
f 320/519/348 299/537/322 311/486/321 344/520/347
o Cube.018
v 1.700711 2.203562 1.005539
v 1.721453 2.185469 0.740660
v 1.700711 2.723437 1.005539
v 1.721453 2.741530 0.740661
v 1.104721 2.203562 1.005539
v 1.083979 2.185469 0.740661
v 1.104721 2.723437 1.005539
v 1.083979 2.741530 0.740661
vn 0.9969 -0.0000 0.0781
vn -0.0000 0.9977 0.0681
vn -0.9969 -0.0000 0.0781
vn -0.0000 -0.9977 0.0681
vn -0.0000 -0.0000 1.0000
vn -0.0000 -0.0000 -1.0000
vt 0.375000 0.000000
vt 0.625000 0.000000
vt 0.625000 0.250000
vt 0.375000 0.250000
vt 0.625000 0.500000
vt 0.375000 0.500000
vt 0.625000 0.750000
vt 0.375000 0.750000
vt 0.625000 1.000000
vt 0.375000 1.000000
vt 0.125000 0.500000
vt 0.125000 0.750000
vt 0.875000 0.500000
vt 0.875000 0.750000
s 1
usemtl Сталь
f 359/538/349 360/539/349 362/540/349 361/541/349
f 361/541/350 362/540/350 366/542/350 365/543/350
f 365/543/351 366/542/351 364/544/351 363/545/351
f 361/548/353 365/543/353 363/545/353 359/549/353
f 366/542/354 362/550/354 360/551/354 364/544/354
usemtl тени_глаза
f 363/545/352 364/544/352 360/546/352 359/547/352
o Cylinder.004
v -0.345210 1.009251 -0.183654
v -0.345210 0.471368 -0.183654
v -0.475074 1.009251 -0.129863
v -0.475074 0.471367 -0.129863
v -0.528865 1.009251 0.000000
v -0.528865 0.471367 0.000000
v -0.475074 1.009251 0.129863
v -0.475074 0.471367 0.129863
v -0.345210 1.009251 0.183654
v -0.345210 0.471367 0.183654
v -0.215347 1.009251 0.129863
v -0.215347 0.471367 0.129863
v -0.161556 1.009251 0.000000
v -0.161556 0.471367 -0.000000
v -0.215347 1.009251 -0.129863
v -0.215347 0.471368 -0.129863
v -0.276584 1.009251 0.168400
v -0.276584 0.471367 0.168400
v -0.413837 1.009251 0.168400
v -0.413837 0.471367 0.168400
v -0.510890 1.009251 0.069754
v -0.510890 0.471367 0.069753
v -0.510890 1.009251 -0.069753
v -0.510890 0.471367 -0.069753
v -0.413837 1.009251 -0.168399
v -0.413837 0.471367 -0.168400
v -0.276584 1.009251 -0.168399
v -0.276584 0.471368 -0.168400
v -0.179531 1.009251 -0.069753
v -0.179531 0.471368 -0.069753
v -0.179531 1.009251 0.069754
v -0.179531 0.471367 0.069753
vn -0.3237 0.5253 -0.7869
vn -0.3237 -0.5253 -0.7869
vn -0.6145 -0.5125 -0.5997
vn -0.6145 0.5125 -0.5997
vn -0.7820 0.5314 -0.3258
vn -0.7820 -0.5314 -0.3258
vn -0.8605 -0.5094 -0.0000
vn -0.8605 0.5094 -0.0000
vn -0.7820 0.5314 0.3258
vn -0.7820 -0.5314 0.3258
vn -0.6145 -0.5125 0.5997
vn -0.6145 0.5125 0.5997
vn -0.3237 0.5253 0.7869
vn -0.3237 -0.5253 0.7869
vn -0.0000 -0.5158 0.8567
vn -0.0000 0.5158 0.8567
vn 0.3237 0.5253 0.7869
vn 0.3237 -0.5253 0.7869
vn 0.6145 -0.5125 0.5997
vn 0.6145 0.5125 0.5997
vn 0.7820 0.5314 0.3258
vn 0.7820 -0.5314 0.3258
vn 0.8605 -0.5094 -0.0000
vn 0.8605 0.5094 -0.0000
vn -0.0000 -0.5158 -0.8567
vn 0.3237 -0.5253 -0.7869
vn 0.6145 -0.5125 -0.5997
vn 0.7820 -0.5314 -0.3258
vn 0.7820 0.5314 -0.3258
vn 0.6145 0.5125 -0.5997
vn 0.3237 0.5253 -0.7869
vn -0.0000 0.5158 -0.8567
vt 0.937500 0.500000
vt 0.937500 1.000000
vt 0.875000 1.000000
vt 0.875000 0.500000
vt 0.812500 0.500000
vt 0.812500 1.000000
vt 0.750000 1.000000
vt 0.750000 0.500000
vt 0.687500 0.500000
vt 0.687500 1.000000
vt 0.625000 1.000000
vt 0.625000 0.500000
vt 0.562500 0.500000
vt 0.562500 1.000000
vt 0.500000 1.000000
vt 0.500000 0.500000
vt 0.437500 0.500000
vt 0.437500 1.000000
vt 0.375000 1.000000
vt 0.375000 0.500000
vt 0.312500 0.500000
vt 0.312500 1.000000
vt 0.250000 1.000000
vt 0.250000 0.500000
vt 0.419706 0.419706
vt 0.334853 0.454853
vt 0.250000 0.490000
vt 0.165147 0.454853
vt 0.080294 0.419706
vt 0.045147 0.334853
vt 0.010000 0.250000
vt 0.045147 0.165147
vt 0.080294 0.080294
vt 0.165147 0.045147
vt 0.250000 0.010000
vt 0.334853 0.045147
vt 0.419706 0.080294
vt 0.454853 0.165147
vt 0.490000 0.250000
vt 0.454853 0.334853
vt 0.187500 0.500000
vt 0.187500 1.000000
vt 0.125000 1.000000
vt 0.125000 0.500000
vt 0.062500 0.500000
vt 0.062500 1.000000
vt 0.000000 1.000000
vt 0.000000 0.500000
vt 0.750000 0.490000
vt 0.834853 0.454853
vt 0.919706 0.419706
vt 0.954853 0.334853
vt 0.990000 0.250000
vt 0.954853 0.165147
vt 0.919706 0.080294
vt 0.834853 0.045147
vt 0.750000 0.010000
vt 0.665147 0.045147
vt 0.580294 0.080294
vt 0.545147 0.165147
vt 0.510000 0.250000
vt 0.545147 0.334853
vt 0.580294 0.419706
vt 0.665147 0.454853
vt 1.000000 0.500000
vt 1.000000 1.000000
s 1
usemtl Глаза_обрамление
f 391/552/355 392/553/356 370/554/357 369/555/358
f 389/556/359 390/557/360 372/558/361 371/559/362
f 387/560/363 388/561/364 374/562/365 373/563/366
f 385/564/367 386/565/368 376/566/369 375/567/370
f 383/568/371 384/569/372 378/570/373 377/571/374
f 397/572/375 398/573/376 380/574/377 379/575/378
f 370/576/357 392/577/356 368/578/379 394/579/380 382/580/381 396/581/382 380/582/377 398/583/376 378/584/373 384/585/372 376/586/369 386/587/368 374/588/365 388/589/364 372/590/361 390/591/360
f 395/592/383 396/593/382 382/594/381 381/595/384
f 393/596/385 394/597/380 368/598/379 367/599/386
f 367/600/386 391/601/355 369/602/358 389/603/359 371/604/362 387/605/363 373/606/366 385/607/367 375/608/370 383/609/371 377/610/374 397/611/375 379/612/378 395/613/383 381/614/384 393/615/385
f 375/567/370 376/566/369 384/569/372 383/568/371
f 373/563/366 374/562/365 386/565/368 385/564/367
f 371/559/362 372/558/361 388/561/364 387/560/363
f 369/555/358 370/554/357 390/557/360 389/556/359
f 367/616/386 368/617/379 392/553/356 391/552/355
f 381/595/384 382/594/381 394/597/380 393/596/385
f 379/575/378 380/574/377 396/593/382 395/592/383
f 377/571/374 378/570/373 398/573/376 397/572/375
o Cylinder.012
v 1.403859 2.647154 0.689695
v 1.403864 2.647154 0.426799
v 1.274180 2.593363 0.689693
v 1.274185 2.593363 0.426796
v 1.220465 2.463500 0.689692
v 1.220470 2.463500 0.426795
v 1.274180 2.333636 0.689693
v 1.274185 2.333637 0.426796
v 1.403859 2.279845 0.689695
v 1.403864 2.279845 0.426799
v 1.533538 2.333636 0.689698
v 1.533543 2.333637 0.426801
v 1.587253 2.463500 0.689699
v 1.587258 2.463500 0.426802
v 1.533538 2.593363 0.689698
v 1.533543 2.593363 0.426801
vn -0.0000 0.6613 0.7501
vn -0.0000 0.6613 -0.7501
vn -0.4681 0.4675 -0.7499
vn -0.4682 0.4675 0.7498
vn -0.6619 -0.0000 -0.7496
vn -0.6619 -0.0000 0.7496
vn -0.4681 -0.4675 -0.7499
vn -0.4682 -0.4675 0.7498
vn -0.0000 -0.6613 -0.7501
vn -0.0000 -0.6613 0.7501
vn 0.4682 -0.4675 -0.7498
vn 0.4681 -0.4675 0.7499
vn 0.6619 -0.0000 -0.7496
vn 0.6619 -0.0000 0.7496
vn 0.4682 0.4675 -0.7498
vn 0.4681 0.4675 0.7499
vt 1.000000 0.500000
vt 1.000000 1.000000
vt 0.875000 1.000000
vt 0.875000 0.500000
vt 0.750000 1.000000
vt 0.750000 0.500000
vt 0.625000 1.000000
vt 0.625000 0.500000
vt 0.500000 1.000000
vt 0.500000 0.500000
vt 0.375000 1.000000
vt 0.375000 0.500000
vt 0.250000 1.000000
vt 0.250000 0.500000
vt 0.419706 0.419706
vt 0.250000 0.490000
vt 0.080294 0.419706
vt 0.010000 0.250000
vt 0.080294 0.080294
vt 0.250000 0.010000
vt 0.419706 0.080294
vt 0.490000 0.250000
vt 0.125000 1.000000
vt 0.125000 0.500000
vt 0.000000 1.000000
vt 0.000000 0.500000
vt 0.750000 0.490000
vt 0.919706 0.419706
vt 0.990000 0.250000
vt 0.919706 0.080294
vt 0.750000 0.010000
vt 0.580294 0.080294
vt 0.510000 0.250000
vt 0.580294 0.419706
s 1
usemtl Сталь
f 399/618/387 400/619/388 402/620/389 401/621/390
f 401/621/390 402/620/389 404/622/391 403/623/392
f 403/623/392 404/622/391 406/624/393 405/625/394
f 405/625/394 406/624/393 408/626/395 407/627/396
f 407/627/396 408/626/395 410/628/397 409/629/398
f 409/629/398 410/628/397 412/630/399 411/631/400
f 402/632/389 400/633/388 414/634/401 412/635/399 410/636/397 408/637/395 406/638/393 404/639/391
f 411/631/400 412/630/399 414/640/401 413/641/402
f 413/641/402 414/640/401 400/642/388 399/643/387
f 399/644/387 401/645/390 403/646/392 405/647/394 407/648/396 409/649/398 411/650/400 413/651/402
o Cylinder.002
v -1.363297 2.012420 -0.165860
v -1.029405 2.472249 -0.165860
v -1.255066 2.028858 -0.116622
v -1.043856 2.370228 -0.116623
v -1.204438 2.043634 0.000000
v -1.028274 2.325087 0.000000
v -1.252754 2.037066 0.112837
v -1.041544 2.378436 0.112837
v -1.363297 2.012420 0.165860
v -1.029404 2.472249 0.165860
v -1.480571 2.011116 0.117281
v -1.023995 2.589405 0.117281
v -1.529147 2.010576 0.000000
v -1.021754 2.637932 0.000000
v -1.480571 2.011116 -0.117280
v -1.023995 2.589405 -0.117280
v -1.335200 2.322327 -0.165860
v -1.245793 2.273724 -0.116623
v -1.202963 2.261559 0.000000
v -1.243481 2.281932 0.112837
v -1.335200 2.322327 0.165860
v -1.433649 2.386065 0.117281
v -1.474428 2.412467 0.000000
v -1.433649 2.386065 -0.117280
v -1.196765 2.459209 -0.165860
v -1.165766 2.364110 -0.116623
v -1.147130 2.324794 0.000000
v -1.163454 2.372318 0.112837
v -1.196765 2.459209 0.165860
v -1.236805 2.569443 0.117281
v -1.253391 2.615104 0.000000
v -1.236805 2.569443 -0.117280
v -1.261713 2.163907 -0.116622
v -1.211099 2.176885 0.000000
v -1.259401 2.172115 0.112837
v -1.369913 2.151807 0.165860
v -1.487154 2.154843 0.117281
v -1.535717 2.156101 0.000000
v -1.487154 2.154843 -0.117280
v -1.369913 2.151807 -0.165860
v -1.109069 2.473060 -0.165860
v -1.103618 2.371814 -0.116623
v -1.079792 2.326993 0.000000
v -1.101306 2.380022 0.112837
v -1.109069 2.473060 0.165860
v -1.123562 2.589442 0.117281
v -1.129566 2.637649 0.000000
v -1.123562 2.589442 -0.117280
v -1.212821 2.317100 -0.116623
v -1.179646 2.294037 0.000000
v -1.210509 2.325308 0.112837
v -1.278919 2.392013 0.165860
v -1.354060 2.482061 0.117281
v -1.385184 2.519360 0.000000
v -1.354060 2.482061 -0.117280
v -1.278919 2.392013 -0.165860
v -1.367087 2.220302 -0.165860
v -1.263560 2.214306 -0.116622
v -1.214673 2.219784 0.000000
v -1.261248 2.222514 0.112837
v -1.367087 2.220302 0.165860
v -1.478527 2.241401 0.117281
v -1.524042 2.250122 0.000000
v -1.478527 2.241401 -0.117280
v -1.258940 2.105547 -0.116622
v -1.207868 2.121182 0.000000
v -1.256628 2.113755 0.112837
v -1.368620 2.089759 0.165860
v -1.488123 2.090265 0.117281
v -1.538246 2.092044 0.000000
v -1.488123 2.091205 -0.117280
v -1.368619 2.089759 -0.165860
v -1.516289 2.003947 0.060890
v -1.015202 2.630661 0.060890
v -1.463454 2.407761 0.060890
v -1.246233 2.608418 0.060890
v -1.523126 2.154304 0.060890
v -1.123001 2.630533 0.060890
v -1.375692 2.513226 0.060890
v -1.512572 2.248173 0.060890
v -1.524944 2.087438 0.060890
v -1.516289 2.003947 -0.061039
v -1.015202 2.624331 -0.061039
v -1.463454 2.407761 -0.061039
v -1.246233 2.608418 -0.061039
v -1.523126 2.154304 -0.061039
v -1.123001 2.624203 -0.061039
v -1.375692 2.513226 -0.061039
v -1.512572 2.248173 -0.061039
v -1.524944 2.087927 -0.061039
v -1.430077 2.004905 0.147106
v -1.019179 2.544536 0.147106
v -1.391081 2.360905 0.147106
v -1.216798 2.527381 0.147106
v -1.436938 2.152073 0.147106
v -1.112346 2.544977 0.147106
v -1.320454 2.447028 0.147106
v -1.430985 2.232671 0.147106
v -1.436769 2.086250 0.147106
v -1.430077 2.004905 -0.147256
v -1.019179 2.544536 -0.147256
v -1.391081 2.360905 -0.147256
v -1.216798 2.527381 -0.147256
v -1.436938 2.152073 -0.147256
v -1.112347 2.544977 -0.147256
v -1.320454 2.447028 -0.147256
v -1.430984 2.232672 -0.147256
v -1.436769 2.086739 -0.147256
v -1.308156 2.006260 -0.147256
v -1.024803 2.422736 -0.147256
v -1.288730 2.294640 -0.147256
v -1.175170 2.412778 -0.147256
v -1.315050 2.148916 -0.147256
v -1.097279 2.423983 -0.147256
v -1.242335 2.353411 -0.147256
v -1.314541 2.210720 -0.147256
v -1.312936 2.086327 -0.147256
v -1.308156 2.006260 0.147106
v -1.024803 2.422736 0.147106
v -1.288730 2.294640 0.147106
v -1.175170 2.412778 0.147106
v -1.315050 2.148916 0.147106
v -1.097279 2.423983 0.147106
v -1.242335 2.353411 0.147106
v -1.314541 2.210720 0.147106
v -1.312936 2.086327 0.147106
v -1.223806 2.016174 0.060890
v -1.030641 2.341464 0.060890
v -1.218219 2.256739 0.060890
v -1.147597 2.336594 0.060890
v -1.230724 2.155640 0.060890
v -1.088486 2.343279 0.060890
v -1.188959 2.296170 0.060890
v -1.233541 2.204138 0.060890
v -1.227602 2.096349 0.060890
v -1.223806 2.016174 -0.061039
v -1.030641 2.341464 -0.061039
v -1.218219 2.256739 -0.061039
v -1.147597 2.336594 -0.061039
v -1.230724 2.155640 -0.061039
v -1.088486 2.343279 -0.061039
v -1.188959 2.296170 -0.061039
v -1.233541 2.204138 -0.061039
v -1.227602 2.096349 -0.061039
vn 0.0241 -0.4282 -0.9034
vn 0.6555 -0.3599 -0.6639
vn 0.5751 -0.6122 -0.5426
vn 0.0406 -0.7067 -0.7064
vn 0.0260 -0.9338 -0.3568
vn 0.7027 -0.6726 -0.2319
vn 0.6931 -0.7208 -0.0004
vn 0.0125 -0.9999 0.0003
vn 0.0250 -0.9044 0.4260
vn 0.6927 -0.6667 0.2750
vn 0.5885 -0.6039 0.5376
vn 0.0406 -0.7156 0.6973
vn 0.0277 -0.4825 0.8754
vn 0.6556 -0.4062 0.6366
vn 0.5420 -0.1224 0.8314
vn 0.0080 -0.0357 0.9993
vn -0.0300 0.4082 0.9124
vn 0.6457 0.2559 0.7195
vn 0.6214 0.5070 0.5974
vn -0.0644 0.6869 0.7239
vn -0.0852 0.9246 0.3712
vn 0.7111 0.6418 0.2870
vn 0.6833 0.7290 -0.0405
vn -0.0933 0.9950 -0.0352
vn 0.5420 -0.1217 -0.8315
vn 0.6447 0.2556 -0.7205
vn 0.6145 0.5304 -0.5840
vn 0.7291 0.6237 -0.2819
vn -0.0717 0.9225 -0.3793
vn -0.0610 0.7071 -0.7045
vn -0.0300 0.4083 -0.9124
vn 0.0079 -0.0355 -0.9993
vn 0.1223 -0.5219 -0.8442
vn 0.3688 -0.6099 -0.7014
vn 0.6332 -0.5185 -0.5747
vn 0.7092 -0.6431 -0.2888
vn 0.8603 -0.5098 0.0027
vn 0.7098 -0.6429 0.2880
vn 0.6577 -0.4754 0.5844
vn 0.3764 -0.6080 0.6991
vn 0.1224 -0.5196 0.8456
vn -0.2396 -0.6299 0.7388
vn -0.4997 -0.6004 0.6243
vn -0.6294 -0.7177 0.2981
vn -0.7338 -0.6794 0.0025
vn -0.6306 -0.7183 -0.2938
vn -0.5018 -0.6023 -0.6208
vn -0.2404 -0.6317 -0.7370
vn -0.4017 0.0767 -0.9125
vn -0.3667 0.1967 -0.9093
vn -0.0194 0.0033 -0.9998
vn -0.0010 -0.0053 -1.0000
vn -0.9103 0.1951 -0.3651
vn -0.8140 0.4533 -0.3631
vn -0.6291 0.3407 -0.6987
vn -0.6940 0.1429 -0.7057
vn -0.9104 0.1951 0.3648
vn -0.8141 0.4534 0.3628
vn -0.8752 0.4837 0.0002
vn -0.9773 0.2117 0.0002
vn -0.4016 0.0767 0.9126
vn -0.3664 0.1966 0.9095
vn -0.6289 0.3406 0.6989
vn -0.6936 0.1428 0.7060
vn 0.4287 -0.0632 0.9012
vn 0.3987 -0.2069 0.8934
vn -0.0196 0.0033 0.9998
vn -0.0010 -0.0053 1.0000
vn 0.9155 -0.0888 0.3924
vn 0.8320 -0.4012 0.3831
vn 0.6312 -0.3362 0.6990
vn 0.7027 -0.1119 0.7026
vn 0.9162 -0.0949 -0.3893
vn 0.8385 -0.4109 -0.3579
vn 0.8902 -0.4555 0.0002
vn 0.9913 -0.1316 0.0003
vn 0.4113 -0.0629 -0.9093
vn 0.3726 -0.1959 -0.9071
vn 0.6254 -0.3235 -0.7101
vn 0.6914 -0.1020 -0.7152
vn -0.2865 0.2982 -0.9105
vn -0.1638 0.3858 -0.9079
vn 0.0048 0.0189 -0.9998
vn 0.0082 -0.0033 -1.0000
vn -0.6383 0.6782 -0.3641
vn -0.3714 0.8517 -0.3697
vn -0.2882 0.6448 -0.7079
vn -0.4897 0.5113 -0.7062
vn -0.6384 0.6783 0.3638
vn -0.3811 0.8492 0.3656
vn -0.4178 0.9085 -0.0102
vn -0.6885 0.7252 0.0002
vn -0.2863 0.2980 0.9106
vn -0.1637 0.3854 0.9081
vn -0.2915 0.6366 0.7140
vn -0.4895 0.5112 0.7065
vn 0.3526 -0.3298 0.8758
vn 0.1965 -0.4132 0.8892
vn 0.0048 0.0191 0.9998
vn 0.0082 -0.0033 1.0000
vn 0.7019 -0.6085 0.3702
vn 0.3974 -0.8111 0.4292
vn 0.3214 -0.6229 0.7132
vn 0.5460 -0.4895 0.6799
vn 0.7116 -0.6194 -0.3316
vn 0.4053 -0.8370 -0.3677
vn 0.4467 -0.8947 0.0002
vn 0.7516 -0.6596 0.0002
vn 0.3219 -0.3032 -0.8969
vn 0.1748 -0.3755 -0.9102
vn 0.3204 -0.6012 -0.7320
vn 0.5421 -0.4809 -0.6891
vn 0.4045 0.0198 -0.9143
vn 0.4099 0.0073 -0.9121
vn 0.7032 0.0282 -0.7105
vn 0.6981 0.0342 -0.7151
vn 0.9129 0.0453 -0.4056
vn 0.9136 0.0507 -0.4034
vn 0.9980 0.0632 0.0004
vn 0.9987 0.0511 0.0004
vn 0.9149 0.0454 0.4011
vn 0.9156 0.0509 0.3988
vn 0.7182 0.0283 0.6953
vn 0.7124 0.0348 0.7009
vn 0.4177 0.0205 0.9084
vn 0.4233 0.0078 0.9060
vn 0.0224 0.0014 0.9997
vn 0.0235 -0.0004 0.9997
vn -0.3906 -0.0184 0.9204
vn -0.3948 0.0145 0.9186
vn -0.6933 0.0405 0.7195
vn -0.6871 -0.0263 0.7261
vn -0.9233 -0.0339 0.3825
vn -0.9241 0.0660 0.3763
vn -0.9969 0.0781 0.0003
vn -0.9996 -0.0292 0.0002
vn -0.9232 -0.0336 -0.3830
vn -0.9240 0.0660 -0.3766
vn -0.6938 0.0406 -0.7191
vn -0.6876 -0.0258 -0.7257
vn -0.3906 -0.0183 -0.9204
vn -0.3949 0.0145 -0.9186
vn 0.0222 0.0014 -0.9998
vn 0.0233 -0.0004 -0.9997
vt 0.937500 0.937500
vt 0.937500 1.000000
vt 0.875000 1.000000
vt 0.875000 0.937500
vt 0.812500 0.937500
vt 0.812500 1.000000
vt 0.750000 1.000000
vt 0.750000 0.937500
vt 0.687500 0.937500
vt 0.687500 1.000000
vt 0.625000 1.000000
vt 0.625000 0.937500
vt 0.562500 0.937500
vt 0.562500 1.000000
vt 0.500000 1.000000
vt 0.500000 0.937500
vt 0.437500 0.937500
vt 0.437500 1.000000
vt 0.375000 1.000000
vt 0.375000 0.937500
vt 0.312500 0.937500
vt 0.312500 1.000000
vt 0.250000 1.000000
vt 0.250000 0.937500
vt 0.419706 0.419706
vt 0.334853 0.454853
vt 0.250000 0.490000
vt 0.165147 0.454853
vt 0.080294 0.419706
vt 0.045147 0.334853
vt 0.010000 0.250000
vt 0.045147 0.165147
vt 0.080294 0.080294
vt 0.165147 0.045147
vt 0.250000 0.010000
vt 0.334853 0.045147
vt 0.419706 0.080294
vt 0.454853 0.165147
vt 0.490000 0.250000
vt 0.454853 0.334853
vt 0.187500 0.937500
vt 0.187500 1.000000
vt 0.125000 1.000000
vt 0.125000 0.937500
vt 0.062500 0.937500
vt 0.062500 1.000000
vt 0.000000 1.000000
vt 0.000000 0.937500
vt 0.750000 0.490000
vt 0.834853 0.454853
vt 0.919706 0.419706
vt 0.954853 0.334853
vt 0.990000 0.250000
vt 0.954853 0.165147
vt 0.919706 0.080294
vt 0.834853 0.045147
vt 0.750000 0.010000
vt 0.665147 0.045147
vt 0.580294 0.080294
vt 0.545147 0.165147
vt 0.510000 0.250000
vt 0.545147 0.334853
vt 0.580294 0.419706
vt 0.665147 0.454853
vt 0.062500 0.687500
vt 0.062500 0.750000
vt 0.000000 0.750000
vt 0.000000 0.687500
vt 0.187500 0.687500
vt 0.187500 0.750000
vt 0.125000 0.750000
vt 0.125000 0.687500
vt 0.312500 0.687500
vt 0.312500 0.750000
vt 0.250000 0.750000
vt 0.250000 0.687500
vt 0.437500 0.687500
vt 0.437500 0.750000
vt 0.375000 0.750000
vt 0.375000 0.687500
vt 0.562500 0.687500
vt 0.562500 0.750000
vt 0.500000 0.750000
vt 0.500000 0.687500
vt 0.687500 0.687500
vt 0.687500 0.750000
vt 0.625000 0.750000
vt 0.625000 0.687500
vt 0.812500 0.687500
vt 0.812500 0.750000
vt 0.750000 0.750000
vt 0.750000 0.687500
vt 0.937500 0.687500
vt 0.937500 0.750000
vt 0.875000 0.750000
vt 0.875000 0.687500
vt 0.062500 0.812500
vt 0.062500 0.875000
vt 0.000000 0.875000
vt 0.000000 0.812500
vt 0.187500 0.812500
vt 0.187500 0.875000
vt 0.125000 0.875000
vt 0.125000 0.812500
vt 0.312500 0.812500
vt 0.312500 0.875000
vt 0.250000 0.875000
vt 0.250000 0.812500
vt 0.437500 0.812500
vt 0.437500 0.875000
vt 0.375000 0.875000
vt 0.375000 0.812500
vt 0.562500 0.812500
vt 0.562500 0.875000
vt 0.500000 0.875000
vt 0.500000 0.812500
vt 0.687500 0.812500
vt 0.687500 0.875000
vt 0.625000 0.875000
vt 0.625000 0.812500
vt 0.812500 0.812500
vt 0.812500 0.875000
vt 0.750000 0.875000
vt 0.750000 0.812500
vt 0.937500 0.812500
vt 0.937500 0.875000
vt 0.875000 0.875000
vt 0.875000 0.812500
vt 0.937500 0.562500
vt 0.937500 0.625000
vt 0.875000 0.625000
vt 0.875000 0.562500
vt 0.812500 0.562500
vt 0.812500 0.625000
vt 0.750000 0.625000
vt 0.750000 0.562500
vt 0.687500 0.562500
vt 0.687500 0.625000
vt 0.625000 0.625000
vt 0.625000 0.562500
vt 0.562500 0.562500
vt 0.562500 0.625000
vt 0.500000 0.625000
vt 0.500000 0.562500
vt 0.437500 0.562500
vt 0.437500 0.625000
vt 0.375000 0.625000
vt 0.375000 0.562500
vt 0.312500 0.562500
vt 0.312500 0.625000
vt 0.250000 0.625000
vt 0.250000 0.562500
vt 0.187500 0.562500
vt 0.187500 0.625000
vt 0.125000 0.625000
vt 0.125000 0.562500
vt 0.062500 0.562500
vt 0.062500 0.625000
vt 0.000000 0.625000
vt 0.000000 0.562500
vt 0.062500 0.500000
vt 0.000000 0.500000
vt 0.187500 0.500000
vt 0.125000 0.500000
vt 0.312500 0.500000
vt 0.250000 0.500000
vt 0.437500 0.500000
vt 0.375000 0.500000
vt 0.562500 0.500000
vt 0.500000 0.500000
vt 0.687500 0.500000
vt 0.625000 0.500000
vt 0.812500 0.500000
vt 0.750000 0.500000
vt 0.937500 0.500000
vt 0.875000 0.500000
vt 1.000000 0.500000
vt 1.000000 0.562500
vt 1.000000 0.625000
vt 1.000000 0.687500
vt 1.000000 0.750000
vt 1.000000 0.812500
vt 1.000000 0.875000
vt 1.000000 0.937500
vt 1.000000 1.000000
s 1
usemtl Глаза_обрамление
f 528/652/403 524/653/404 418/654/405 456/655/406
f 555/656/407 551/657/408 420/658/409 457/659/410
f 546/660/411 542/661/412 422/662/413 458/663/414
f 537/664/415 533/665/416 424/666/417 459/667/418
f 510/668/419 506/669/420 426/670/421 460/671/422
f 492/672/423 488/673/424 428/674/425 461/675/426
f 418/676/405 524/677/404 416/678/427 515/679/428 430/680/429 497/681/430 428/682/425 488/683/424 426/684/421 506/685/420 424/686/417 533/687/416 422/688/413 542/689/412 420/690/409 551/691/408
f 501/692/431 497/693/430 430/694/429 462/695/432
f 519/696/433 515/697/428 416/698/427 455/699/434
f 415/700/435 523/701/436 417/702/437 550/703/438 419/704/439 541/705/440 421/706/441 532/707/442 423/708/443 505/709/444 425/710/445 487/711/446 427/712/447 496/713/448 429/714/449 514/715/450
f 521/716/451 516/717/452 431/718/453 471/719/454
f 503/720/455 498/721/456 438/722/457 478/723/458
f 494/724/459 489/725/460 437/726/461 477/727/462
f 512/728/463 507/729/464 436/730/465 476/731/466
f 539/732/467 534/733/468 435/734/469 475/735/470
f 548/736/471 543/737/472 434/738/473 474/739/474
f 557/740/475 552/741/476 433/742/477 473/743/478
f 530/744/479 525/745/480 432/746/481 472/747/482
f 520/748/483 517/749/484 439/750/485 470/751/486
f 502/752/487 499/753/488 446/754/489 469/755/490
f 493/756/491 490/757/492 445/758/493 468/759/494
f 511/760/495 508/761/496 444/762/497 467/763/498
f 538/764/499 535/765/500 443/766/501 466/767/502
f 547/768/503 544/769/504 442/770/505 465/771/506
f 556/772/507 553/773/508 441/774/509 464/775/510
f 529/776/511 526/777/512 440/778/513 463/779/514
f 531/780/515 527/781/516 447/782/517 479/783/518
f 558/784/519 554/785/520 448/786/521 480/787/522
f 549/788/523 545/789/524 449/790/525 481/791/526
f 540/792/527 536/793/528 450/794/529 482/795/530
f 513/796/531 509/797/532 451/798/533 483/799/534
f 495/800/535 491/801/536 452/802/537 484/803/538
f 504/804/539 500/805/540 453/806/541 485/807/542
f 522/808/543 518/809/544 454/810/545 486/811/546
f 517/749/484 519/696/433 455/699/434 439/750/485
f 499/753/488 501/692/431 462/695/432 446/754/489
f 490/757/492 492/672/423 461/675/426 445/758/493
f 508/761/496 510/668/419 460/671/422 444/762/497
f 535/765/500 537/664/415 459/667/418 443/766/501
f 544/769/504 546/660/411 458/663/414 442/770/505
f 553/773/508 555/656/407 457/659/410 441/774/509
f 526/777/512 528/652/403 456/655/406 440/778/513
f 525/745/480 529/776/511 463/779/514 432/746/481
f 552/741/476 556/772/507 464/775/510 433/742/477
f 543/737/472 547/768/503 465/771/506 434/738/473
f 534/733/468 538/764/499 466/767/502 435/734/469
f 507/729/464 511/760/495 467/763/498 436/730/465
f 489/725/460 493/756/491 468/759/494 437/726/461
f 498/721/456 502/752/487 469/755/490 438/722/457
f 516/717/452 520/748/483 470/751/486 431/718/453
f 527/781/516 530/744/479 472/747/482 447/782/517
f 554/785/520 557/740/475 473/743/478 448/786/521
f 545/789/524 548/736/471 474/739/474 449/790/525
f 536/793/528 539/732/467 475/735/470 450/794/529
f 509/797/532 512/728/463 476/731/466 451/798/533
f 491/801/536 494/724/459 477/727/462 452/802/537
f 500/805/540 503/720/455 478/723/458 453/806/541
f 518/809/544 521/716/451 471/719/454 454/810/545
f 514/812/450 522/808/543 486/811/546 415/813/435
f 496/814/448 504/804/539 485/807/542 429/815/449
f 487/816/446 495/800/535 484/803/538 427/817/447
f 505/818/444 513/796/531 483/799/534 425/819/445
f 532/820/442 540/792/527 482/795/530 423/821/443
f 541/822/440 549/788/523 481/791/526 421/823/441
f 550/824/438 558/784/519 480/787/522 419/825/439
f 523/826/436 531/780/515 479/783/518 417/827/437
f 425/819/445 483/799/534 495/800/535 487/816/446
f 451/798/533 476/731/466 494/724/459 491/801/536
f 436/730/465 467/763/498 493/756/491 489/725/460
f 444/762/497 460/671/422 492/672/423 490/757/492
f 483/799/534 451/798/533 491/801/536 495/800/535
f 467/763/498 444/762/497 490/757/492 493/756/491
f 476/731/466 436/730/465 489/725/460 494/724/459
f 460/671/422 426/670/421 488/673/424 492/672/423
f 427/817/447 484/803/538 504/804/539 496/814/448
f 452/802/537 477/727/462 503/720/455 500/805/540
f 437/726/461 468/759/494 502/752/487 498/721/456
f 445/758/493 461/675/426 501/692/431 499/753/488
f 484/803/538 452/802/537 500/805/540 504/804/539
f 468/759/494 445/758/493 499/753/488 502/752/487
f 477/727/462 437/726/461 498/721/456 503/720/455
f 461/675/426 428/674/425 497/693/430 501/692/431
f 423/821/443 482/795/530 513/796/531 505/818/444
f 450/794/529 475/735/470 512/728/463 509/797/532
f 435/734/469 466/767/502 511/760/495 507/729/464
f 443/766/501 459/667/418 510/668/419 508/761/496
f 482/795/530 450/794/529 509/797/532 513/796/531
f 466/767/502 443/766/501 508/761/496 511/760/495
f 475/735/470 435/734/469 507/729/464 512/728/463
f 459/667/418 424/666/417 506/669/420 510/668/419
f 429/815/449 485/807/542 522/808/543 514/812/450
f 453/806/541 478/723/458 521/716/451 518/809/544
f 438/722/457 469/755/490 520/748/483 516/717/452
f 446/754/489 462/695/432 519/696/433 517/749/484
f 485/807/542 453/806/541 518/809/544 522/808/543
f 469/755/490 446/754/489 517/749/484 520/748/483
f 478/723/458 438/722/457 516/717/452 521/716/451
f 462/695/432 430/694/429 515/697/428 519/696/433
f 415/828/435 486/829/546 531/780/515 523/826/436
f 454/830/545 471/831/454 530/744/479 527/781/516
f 431/832/453 470/833/486 529/776/511 525/745/480
f 439/834/485 455/835/434 528/652/403 526/777/512
f 486/829/546 454/830/545 527/781/516 531/780/515
f 470/833/486 439/834/485 526/777/512 529/776/511
f 471/831/454 431/832/453 525/745/480 530/744/479
f 455/835/434 416/836/427 524/653/404 528/652/403
f 421/823/441 481/791/526 540/792/527 532/820/442
f 449/790/525 474/739/474 539/732/467 536/793/528
f 434/738/473 465/771/506 538/764/499 534/733/468
f 442/770/505 458/663/414 537/664/415 535/765/500
f 481/791/526 449/790/525 536/793/528 540/792/527
f 465/771/506 442/770/505 535/765/500 538/764/499
f 474/739/474 434/738/473 534/733/468 539/732/467
f 458/663/414 422/662/413 533/665/416 537/664/415
f 419/825/439 480/787/522 549/788/523 541/822/440
f 448/786/521 473/743/478 548/736/471 545/789/524
f 433/742/477 464/775/510 547/768/503 543/737/472
f 441/774/509 457/659/410 546/660/411 544/769/504
f 480/787/522 448/786/521 545/789/524 549/788/523
f 464/775/510 441/774/509 544/769/504 547/768/503
f 473/743/478 433/742/477 543/737/472 548/736/471
f 457/659/410 420/658/409 542/661/412 546/660/411
f 417/827/437 479/783/518 558/784/519 550/824/438
f 447/782/517 472/747/482 557/740/475 554/785/520
f 432/746/481 463/779/514 556/772/507 552/741/476
f 440/778/513 456/655/406 555/656/407 553/773/508
f 479/783/518 447/782/517 554/785/520 558/784/519
f 463/779/514 440/778/513 553/773/508 556/772/507
f 472/747/482 432/746/481 552/741/476 557/740/475
f 456/655/406 418/654/405 551/657/408 555/656/407
o Cube.010
v -1.218620 1.385725 0.085654
v -1.218620 1.489566 0.085654
v -1.218620 1.385725 -0.085653
v -1.218620 1.489566 -0.085653
v -1.104479 1.385725 0.085654
v -1.104479 1.489566 0.085654
v -1.104479 1.385725 -0.085653
v -1.104479 1.489566 -0.085653
vn -1.0000 -0.0000 -0.0000
vn -0.0000 -0.0000 -1.0000
vn 1.0000 -0.0000 -0.0000
vn -0.0000 -0.0000 1.0000
vn -0.0000 -1.0000 -0.0000
vn -0.0000 1.0000 -0.0000
vt 0.375000 0.000000
vt 0.625000 0.000000
vt 0.625000 0.250000
vt 0.375000 0.250000
vt 0.625000 0.500000
vt 0.375000 0.500000
vt 0.625000 0.750000
vt 0.375000 0.750000
vt 0.625000 1.000000
vt 0.375000 1.000000
vt 0.125000 0.500000
vt 0.125000 0.750000
vt 0.875000 0.500000
vt 0.875000 0.750000
s 1
usemtl Глаза_обрамление
f 559/837/547 560/838/547 562/839/547 561/840/547
f 561/840/548 562/839/548 566/841/548 565/842/548
f 565/842/549 566/841/549 564/843/549 563/844/549
f 563/844/550 564/843/550 560/845/550 559/846/550
f 561/847/551 565/842/551 563/844/551 559/848/551
f 566/841/552 562/849/552 560/850/552 564/843/552
o Torus.021
v 0.152142 0.785666 0.000000
v 0.169098 0.777972 0.000000
v 0.182697 0.799529 0.000000
v 0.169099 0.855661 0.000000
v 0.152142 0.847967 0.000000
v 0.175154 0.785666 -0.093365
v 0.190169 0.777972 -0.085484
v 0.202209 0.799529 -0.079165
v 0.190169 0.855661 -0.085484
v 0.175154 0.847967 -0.093365
v 0.238919 0.785666 -0.165341
v 0.248552 0.777972 -0.151386
v 0.256277 0.799529 -0.140194
v 0.248552 0.855661 -0.151386
v 0.238919 0.847967 -0.165341
v 0.328829 0.785665 -0.199439
v 0.330873 0.777972 -0.182606
v 0.332513 0.799529 -0.169107
v 0.330873 0.855661 -0.182606
v 0.328829 0.847967 -0.199439
v 0.424287 0.785665 -0.187849
v 0.418274 0.777972 -0.171994
v 0.413452 0.799529 -0.159279
v 0.418275 0.855661 -0.171994
v 0.424287 0.847967 -0.187849
v 0.503425 0.785665 -0.133224
v 0.490732 0.777972 -0.121979
v 0.480554 0.799529 -0.112962
v 0.490732 0.855661 -0.121979
v 0.503425 0.847967 -0.133224
v 0.548112 0.785665 -0.048079
v 0.531648 0.777972 -0.044021
v 0.518445 0.799529 -0.040767
v 0.531648 0.855661 -0.044021
v 0.548112 0.847967 -0.048079
v 0.548112 0.785665 0.048080
v 0.531648 0.777972 0.044022
v 0.518445 0.799529 0.040767
v 0.531648 0.855661 0.044022
v 0.548112 0.847967 0.048080
v 0.503425 0.785665 0.133224
v 0.490732 0.777972 0.121980
v 0.480554 0.799529 0.112962
v 0.490732 0.855661 0.121980
v 0.503425 0.847967 0.133224
v 0.424287 0.785665 0.187849
v 0.418274 0.777972 0.171994
v 0.413452 0.799529 0.159279
v 0.418275 0.855661 0.171994
v 0.424287 0.847967 0.187849
v 0.328829 0.785665 0.199440
v 0.330873 0.777972 0.182606
v 0.332513 0.799529 0.169107
v 0.330873 0.855661 0.182606
v 0.328829 0.847967 0.199440
v 0.238919 0.785665 0.165341
v 0.248552 0.777972 0.151386
v 0.256277 0.799529 0.140195
v 0.248552 0.855661 0.151386
v 0.238919 0.847967 0.165341
v 0.175154 0.785665 0.093365
v 0.190169 0.777972 0.085485
v 0.202209 0.799529 0.079165
v 0.190169 0.855661 0.085485
v 0.175154 0.847967 0.093365
vn -0.9412 -0.3378 -0.0000
vn -0.8334 -0.3378 -0.4374
vn 0.2675 -0.9533 0.1404
vn 0.3021 -0.9533 -0.0000
vn 0.8783 -0.1268 0.4610
vn 0.9919 -0.1268 -0.0000
vn 0.5961 0.8029 -0.0000
vn 0.5278 0.8029 0.2770
vn -0.8334 0.3378 -0.4374
vn -0.9412 0.3378 -0.0000
vn -0.5347 -0.3378 -0.7746
vn 0.1716 -0.9533 0.2486
vn 0.5635 -0.1268 0.8163
vn 0.3386 0.8029 0.4906
vn -0.5347 0.3378 -0.7746
vn -0.1135 -0.3378 -0.9343
vn 0.0364 -0.9533 0.2999
vn 0.1196 -0.1268 0.9847
vn 0.0719 0.8029 0.5918
vn -0.1135 0.3378 -0.9343
vn 0.3338 -0.3378 -0.8800
vn -0.1071 -0.9533 0.2825
vn -0.3517 -0.1268 0.9275
vn -0.2114 0.8029 0.5574
vn 0.3338 0.3378 -0.8800
vn 0.7045 -0.3378 -0.6241
vn -0.2261 -0.9533 0.2003
vn -0.7425 -0.1268 0.6578
vn -0.4462 0.8029 0.3953
vn 0.7045 0.3378 -0.6241
vn 0.9139 -0.3378 -0.2252
vn -0.2934 -0.9533 0.0723
vn -0.9631 -0.1268 0.2374
vn -0.2114 0.8029 -0.5574
vn -0.4462 0.8029 -0.3953
vn -0.7425 -0.1268 -0.6578
vn -0.3517 -0.1268 -0.9275
vn -0.5788 0.8029 0.1427
vn 0.9139 0.3378 -0.2252
vn -0.8334 -0.3378 0.4374
vn -0.5347 -0.3378 0.7746
vn -0.5347 0.3378 0.7746
vn -0.8334 0.3378 0.4374
vn 0.9139 -0.3378 0.2252
vn -0.2934 -0.9533 -0.0723
vn -0.9631 -0.1268 -0.2374
vn -0.5788 0.8029 -0.1427
vn 0.9139 0.3378 0.2252
vn 0.7045 -0.3378 0.6241
vn -0.2261 -0.9533 -0.2003
vn 0.7045 0.3378 0.6241
vn 0.3338 -0.3378 0.8800
vn -0.1071 -0.9533 -0.2825
vn 0.3338 0.3378 0.8800
vn -0.1135 -0.3378 0.9343
vn 0.0364 -0.9533 -0.2999
vn 0.1196 -0.1268 -0.9847
vn 0.0719 0.8029 -0.5918
vn -0.1135 0.3378 0.9343
vn 0.1716 -0.9533 -0.2486
vn 0.5635 -0.1268 -0.8163
vn 0.8783 -0.1268 -0.4610
vn 0.5278 0.8029 -0.2770
vn 0.3386 0.8029 -0.4906
vn 0.2675 -0.9533 -0.1404
vt 0.538462 0.714286
vt 0.615385 0.714286
vt 0.615385 0.857143
vt 0.538462 0.857143
vt 0.615385 1.000000
vt 0.538462 1.000000
vt 0.538462 0.285714
vt 0.615385 0.285714
vt 0.615385 0.428571
vt 0.538462 0.428571
vt 0.692308 0.714286
vt 0.692308 0.857143
vt 0.692308 1.000000
vt 0.692308 0.285714
vt 0.692308 0.428571
vt 0.769231 0.714286
vt 0.769231 0.857143
vt 0.769231 1.000000
vt 0.769231 0.285714
vt 0.769231 0.428571
vt 0.846154 0.714286
vt 0.846154 0.857143
vt 0.846154 1.000000
vt 0.846154 0.285714
vt 0.846154 0.428571
vt 0.923077 0.714286
vt 0.923077 0.857143
vt 0.923077 1.000000
vt 0.923077 0.285714
vt 0.923077 0.428571
vt 1.000000 0.714286
vt 1.000000 0.857143
vt 1.000000 1.000000
vt 0.230769 0.285714
vt 0.153846 0.285714
vt 0.153846 1.000000
vt 0.230769 1.000000
vt 1.000000 0.285714
vt 1.000000 0.428571
vt 0.461538 0.714286
vt 0.384615 0.714286
vt 0.384615 0.428571
vt 0.461538 0.428571
vt -0.000000 0.714286
vt 0.076923 0.714286
vt 0.076923 0.857143
vt -0.000000 0.857143
vt 0.076923 1.000000
vt -0.000000 1.000000
vt -0.000000 0.285714
vt 0.076923 0.285714
vt 0.076923 0.428571
vt -0.000000 0.428571
vt 0.153846 0.714286
vt 0.153846 0.857143
vt 0.153846 0.428571
vt 0.230769 0.714286
vt 0.230769 0.857143
vt 0.230769 0.428571
vt 0.307692 0.714286
vt 0.307692 0.857143
vt 0.307692 1.000000
vt 0.307692 0.285714
vt 0.307692 0.428571
vt 0.384615 0.857143
vt 0.384615 1.000000
vt 0.461538 1.000000
vt 0.461538 0.285714
vt 0.384615 0.285714
vt 0.461538 0.857143
s 1
usemtl Глаза_обрамление
f 567/851/553 572/852/554 573/853/555 568/854/556
f 568/854/556 573/853/555 574/855/557 569/856/558
f 570/857/559 575/858/560 576/859/561 571/860/562
f 572/852/554 577/861/563 578/862/564 573/853/555
f 573/853/555 578/862/564 579/863/565 574/855/557
f 575/858/560 580/864/566 581/865/567 576/859/561
f 577/861/563 582/866/568 583/867/569 578/862/564
f 578/862/564 583/867/569 584/868/570 579/863/565
f 580/864/566 585/869/571 586/870/572 581/865/567
f 582/866/568 587/871/573 588/872/574 583/867/569
f 583/867/569 588/872/574 589/873/575 584/868/570
f 585/869/571 590/874/576 591/875/577 586/870/572
f 587/871/573 592/876/578 593/877/579 588/872/574
f 588/872/574 593/877/579 594/878/580 589/873/575
f 590/874/576 595/879/581 596/880/582 591/875/577
f 592/876/578 597/881/583 598/882/584 593/877/579
f 593/877/579 598/882/584 599/883/585 594/878/580
f 615/884/586 610/885/587 609/886/588 614/887/589
f 595/879/581 600/888/590 601/889/591 596/880/582
f 627/890/592 622/891/593 626/892/594 631/893/595
f 627/890/592 631/893/595 571/860/562 567/851/553
f 597/894/583 602/895/596 603/896/597 598/897/584
f 598/897/584 603/896/597 604/898/598 599/899/585
f 600/900/590 599/899/585 604/898/598 605/901/599
f 609/886/588 610/885/587 605/901/599 604/898/598
f 600/900/590 605/901/599 606/902/600 601/903/591
f 576/859/561 572/852/554 567/851/553 571/860/562
f 577/861/563 572/852/554 576/859/561 581/865/567
f 602/895/596 607/904/601 608/905/602 603/896/597
f 603/896/597 608/905/602 609/886/588 604/898/598
f 600/888/590 595/879/581 594/878/580 599/883/585
f 595/879/581 590/874/576 589/873/575 594/878/580
f 605/901/599 610/885/587 611/906/603 606/902/600
f 586/870/572 582/866/568 577/861/563 581/865/567
f 587/871/573 582/866/568 586/870/572 591/875/577
f 607/904/601 612/907/604 613/908/605 608/905/602
f 608/905/602 613/908/605 614/887/589 609/886/588
f 584/868/570 585/869/571 580/864/566 579/863/565
f 585/869/571 584/868/570 589/873/575 590/874/576
f 610/885/587 615/884/586 616/909/606 611/906/603
f 587/871/573 591/875/577 596/880/582 592/876/578
f 592/876/578 596/880/582 601/903/591 597/881/583
f 612/907/604 617/910/607 618/911/608 613/908/605
f 613/908/605 618/911/608 619/912/609 614/887/589
f 579/863/565 580/864/566 575/858/560 574/855/557
f 570/857/559 569/856/558 574/855/557 575/858/560
f 615/884/586 620/913/610 621/914/611 616/909/606
f 601/903/591 606/902/600 602/895/596 597/894/583
f 607/904/601 602/895/596 606/902/600 611/906/603
f 617/910/607 622/891/593 623/915/612 618/911/608
f 618/911/608 623/915/612 624/916/613 619/912/609
f 629/917/614 630/918/615 625/919/616 624/916/613
f 570/857/559 630/918/615 629/917/614 569/856/558
f 620/913/610 625/919/616 626/892/594 621/914/611
f 612/907/604 607/904/601 611/906/603 616/909/606
f 626/892/594 622/891/593 617/910/607 621/914/611
f 622/891/593 627/890/592 628/920/617 623/915/612
f 623/915/612 628/920/617 629/917/614 624/916/613
f 620/913/610 619/912/609 624/916/613 625/919/616
f 620/913/610 615/884/586 614/887/589 619/912/609
f 625/919/616 630/918/615 631/893/595 626/892/594
f 621/914/611 617/910/607 612/907/604 616/909/606
f 627/890/592 567/851/553 568/854/556 628/920/617
f 628/920/617 568/854/556 569/856/558 629/917/614
f 630/918/615 570/857/559 571/860/562 631/893/595
o Torus.013
v 1.228003 2.463500 0.343612
v 1.243380 2.463500 0.336635
v 1.255712 2.463500 0.356184
v 1.243380 2.463500 0.407088
v 1.228003 2.463500 0.400111
v 1.248872 2.548167 0.343612
v 1.262487 2.541021 0.336635
v 1.273407 2.535290 0.356184
v 1.262487 2.541021 0.407088
v 1.248872 2.548167 0.400111
v 1.306697 2.613439 0.343612
v 1.315432 2.600783 0.336635
v 1.322437 2.590635 0.356184
v 1.315432 2.600783 0.407088
v 1.306697 2.613439 0.400111
v 1.388232 2.644361 0.343612
v 1.390085 2.629096 0.336635
v 1.391572 2.616854 0.356184
v 1.390085 2.629095 0.407088
v 1.388232 2.644361 0.400111
v 1.474797 2.633850 0.343612
v 1.469345 2.619472 0.336635
v 1.464972 2.607941 0.356184
v 1.469345 2.619472 0.407088
v 1.474798 2.633850 0.400111
v 1.546563 2.584313 0.343612
v 1.535053 2.574116 0.336635
v 1.525823 2.565939 0.356184
v 1.535053 2.574116 0.407087
v 1.546563 2.584313 0.400110
v 1.587088 2.507100 0.343612
v 1.572157 2.503420 0.336635
v 1.560184 2.500469 0.356184
v 1.572157 2.503420 0.407087
v 1.587088 2.507100 0.400110
v 1.587088 2.419899 0.343612
v 1.572157 2.423579 0.336635
v 1.560184 2.426530 0.356184
v 1.572157 2.423579 0.407087
v 1.587088 2.419899 0.400110
v 1.546563 2.342686 0.343612
v 1.535053 2.352883 0.336635
v 1.525823 2.361060 0.356184
v 1.535053 2.352883 0.407087
v 1.546563 2.342686 0.400110
v 1.474797 2.293149 0.343612
v 1.469345 2.307528 0.336635
v 1.464972 2.319058 0.356184
v 1.469345 2.307528 0.407087
v 1.474797 2.293149 0.400110
v 1.388232 2.282639 0.343612
v 1.390085 2.297904 0.336635
v 1.391572 2.310145 0.356184
v 1.390085 2.297904 0.407087
v 1.388232 2.282639 0.400110
v 1.306697 2.313560 0.343612
v 1.315432 2.326216 0.336635
v 1.322437 2.336365 0.356184
v 1.315432 2.326216 0.407087
v 1.306697 2.313560 0.400110
v 1.248872 2.378832 0.343612
v 1.262487 2.385978 0.336635
v 1.273407 2.391709 0.356184
v 1.262488 2.385978 0.407088
v 1.248872 2.378832 0.400111
vn -0.9412 -0.0000 -0.3378
vn -0.8334 0.4374 -0.3378
vn 0.2675 -0.1404 -0.9533
vn 0.3021 -0.0000 -0.9533
vn 0.8783 -0.4610 -0.1268
vn 0.9919 -0.0000 -0.1268
vn 0.5961 -0.0000 0.8029
vn 0.5278 -0.2770 0.8029
vn -0.8334 0.4374 0.3378
vn -0.9412 -0.0000 0.3378
vn -0.5347 0.7746 -0.3378
vn 0.1716 -0.2486 -0.9533
vn 0.5635 -0.8163 -0.1268
vn 0.3386 -0.4906 0.8029
vn -0.5347 0.7746 0.3378
vn -0.1135 0.9343 -0.3378
vn 0.0364 -0.2999 -0.9533
vn 0.1196 -0.9847 -0.1268
vn 0.0719 -0.5918 0.8029
vn -0.1135 0.9343 0.3378
vn 0.3338 0.8800 -0.3378
vn -0.1071 -0.2825 -0.9533
vn -0.3517 -0.9275 -0.1268
vn -0.2114 -0.5574 0.8029
vn 0.3338 0.8800 0.3378
vn 0.7045 0.6241 -0.3378
vn -0.2261 -0.2003 -0.9533
vn -0.7425 -0.6578 -0.1268
vn -0.4462 -0.3953 0.8029
vn 0.7045 0.6241 0.3378
vn 0.9139 0.2252 -0.3378
vn -0.2934 -0.0723 -0.9533
vn -0.9631 -0.2374 -0.1268
vn -0.2114 0.5574 0.8029
vn -0.4462 0.3953 0.8029
vn -0.7425 0.6578 -0.1268
vn -0.3517 0.9275 -0.1268
vn -0.5788 -0.1427 0.8029
vn 0.9139 0.2252 0.3378
vn -0.8334 -0.4374 -0.3378
vn -0.5347 -0.7746 -0.3378
vn -0.5347 -0.7746 0.3378
vn -0.8334 -0.4374 0.3378
vn 0.9139 -0.2252 -0.3378
vn -0.2934 0.0723 -0.9533
vn -0.9631 0.2374 -0.1268
vn -0.5788 0.1427 0.8029
vn 0.9139 -0.2252 0.3378
vn 0.7045 -0.6241 -0.3378
vn -0.2261 0.2003 -0.9533
vn 0.7045 -0.6241 0.3378
vn 0.3338 -0.8800 -0.3378
vn -0.1071 0.2825 -0.9533
vn 0.3338 -0.8800 0.3378
vn -0.1135 -0.9343 -0.3378
vn 0.0364 0.2999 -0.9533
vn 0.1196 0.9847 -0.1268
vn 0.0719 0.5918 0.8029
vn -0.1135 -0.9343 0.3378
vn 0.1716 0.2486 -0.9533
vn 0.5635 0.8163 -0.1268
vn 0.8783 0.4610 -0.1268
vn 0.5278 0.2770 0.8029
vn 0.3386 0.4906 0.8029
vn 0.2675 0.1404 -0.9533
vt 0.538462 0.714286
vt 0.615385 0.714286
vt 0.615385 0.857143
vt 0.538462 0.857143
vt 0.615385 1.000000
vt 0.538462 1.000000
vt 0.538462 0.285714
vt 0.615385 0.285714
vt 0.615385 0.428571
vt 0.538462 0.428571
vt 0.692308 0.714286
vt 0.692308 0.857143
vt 0.692308 1.000000
vt 0.692308 0.285714
vt 0.692308 0.428571
vt 0.769231 0.714286
vt 0.769231 0.857143
vt 0.769231 1.000000
vt 0.769231 0.285714
vt 0.769231 0.428571
vt 0.846154 0.714286
vt 0.846154 0.857143
vt 0.846154 1.000000
vt 0.846154 0.285714
vt 0.846154 0.428571
vt 0.923077 0.714286
vt 0.923077 0.857143
vt 0.923077 1.000000
vt 0.923077 0.285714
vt 0.923077 0.428571
vt 1.000000 0.714286
vt 1.000000 0.857143
vt 1.000000 1.000000
vt 0.230769 0.285714
vt 0.153846 0.285714
vt 0.153846 1.000000
vt 0.230769 1.000000
vt 1.000000 0.285714
vt 1.000000 0.428571
vt 0.461538 0.714286
vt 0.384615 0.714286
vt 0.384615 0.428571
vt 0.461538 0.428571
vt -0.000000 0.714286
vt 0.076923 0.714286
vt 0.076923 0.857143
vt -0.000000 0.857143
vt 0.076923 1.000000
vt -0.000000 1.000000
vt -0.000000 0.285714
vt 0.076923 0.285714
vt 0.076923 0.428571
vt -0.000000 0.428571
vt 0.153846 0.714286
vt 0.153846 0.857143
vt 0.153846 0.428571
vt 0.230769 0.714286
vt 0.230769 0.857143
vt 0.230769 0.428571
vt 0.307692 0.714286
vt 0.307692 0.857143
vt 0.307692 1.000000
vt 0.307692 0.285714
vt 0.307692 0.428571
vt 0.384615 0.857143
vt 0.384615 1.000000
vt 0.461538 1.000000
vt 0.461538 0.285714
vt 0.384615 0.285714
vt 0.461538 0.857143
s 1
usemtl Глаза_обрамление
f 632/921/618 637/922/619 638/923/620 633/924/621
f 633/924/621 638/923/620 639/925/622 634/926/623
f 635/927/624 640/928/625 641/929/626 636/930/627
f 637/922/619 642/931/628 643/932/629 638/923/620
f 638/923/620 643/932/629 644/933/630 639/925/622
f 640/928/625 645/934/631 646/935/632 641/929/626
f 642/931/628 647/936/633 648/937/634 643/932/629
f 643/932/629 648/937/634 649/938/635 644/933/630
f 645/934/631 650/939/636 651/940/637 646/935/632
f 647/936/633 652/941/638 653/942/639 648/937/634
f 648/937/634 653/942/639 654/943/640 649/938/635
f 650/939/636 655/944/641 656/945/642 651/940/637
f 652/941/638 657/946/643 658/947/644 653/942/639
f 653/942/639 658/947/644 659/948/645 654/943/640
f 655/944/641 660/949/646 661/950/647 656/945/642
f 657/946/643 662/951/648 663/952/649 658/947/644
f 658/947/644 663/952/649 664/953/650 659/948/645
f 680/954/651 675/955/652 674/956/653 679/957/654
f 660/949/646 665/958/655 666/959/656 661/950/647
f 692/960/657 687/961/658 691/962/659 696/963/660
f 692/960/657 696/963/660 636/930/627 632/921/618
f 662/964/648 667/965/661 668/966/662 663/967/649
f 663/967/649 668/966/662 669/968/663 664/969/650
f 665/970/655 664/969/650 669/968/663 670/971/664
f 674/956/653 675/955/652 670/971/664 669/968/663
f 665/970/655 670/971/664 671/972/665 666/973/656
f 641/929/626 637/922/619 632/921/618 636/930/627
f 642/931/628 637/922/619 641/929/626 646/935/632
f 667/965/661 672/974/666 673/975/667 668/966/662
f 668/966/662 673/975/667 674/956/653 669/968/663
f 665/958/655 660/949/646 659/948/645 664/953/650
f 660/949/646 655/944/641 654/943/640 659/948/645
f 670/971/664 675/955/652 676/976/668 671/972/665
f 651/940/637 647/936/633 642/931/628 646/935/632
f 652/941/638 647/936/633 651/940/637 656/945/642
f 672/974/666 677/977/669 678/978/670 673/975/667
f 673/975/667 678/978/670 679/957/654 674/956/653
f 649/938/635 650/939/636 645/934/631 644/933/630
f 650/939/636 649/938/635 654/943/640 655/944/641
f 675/955/652 680/954/651 681/979/671 676/976/668
f 652/941/638 656/945/642 661/950/647 657/946/643
f 657/946/643 661/950/647 666/973/656 662/951/648
f 677/977/669 682/980/672 683/981/673 678/978/670
f 678/978/670 683/981/673 684/982/674 679/957/654
f 644/933/630 645/934/631 640/928/625 639/925/622
f 635/927/624 634/926/623 639/925/622 640/928/625
f 680/954/651 685/983/675 686/984/676 681/979/671
f 666/973/656 671/972/665 667/965/661 662/964/648
f 672/974/666 667/965/661 671/972/665 676/976/668
f 682/980/672 687/961/658 688/985/677 683/981/673
f 683/981/673 688/985/677 689/986/678 684/982/674
f 694/987/679 695/988/680 690/989/681 689/986/678
f 635/927/624 695/988/680 694/987/679 634/926/623
f 685/983/675 690/989/681 691/962/659 686/984/676
f 677/977/669 672/974/666 676/976/668 681/979/671
f 691/962/659 687/961/658 682/980/672 686/984/676
f 687/961/658 692/960/657 693/990/682 688/985/677
f 688/985/677 693/990/682 694/987/679 689/986/678
f 685/983/675 684/982/674 689/986/678 690/989/681
f 685/983/675 680/954/651 679/957/654 684/982/674
f 690/989/681 695/988/680 696/963/660 691/962/659
f 686/984/676 682/980/672 677/977/669 681/979/671
f 692/960/657 632/921/618 633/924/621 693/990/682
f 693/990/682 633/924/621 634/926/623 694/987/679
f 695/988/680 635/927/624 636/930/627 696/963/660
o Cylinder.014
v 1.403861 2.626342 0.751742
v 1.403863 2.626342 0.642745
v 1.288877 2.578647 0.751740
v 1.288879 2.578647 0.642743
v 1.241249 2.463500 0.751739
v 1.241251 2.463500 0.642742
v 1.288877 2.348352 0.751740
v 1.288879 2.348352 0.642743
v 1.403861 2.300657 0.751742
v 1.403863 2.300657 0.642745
v 1.518844 2.348352 0.751744
v 1.518847 2.348352 0.642748
v 1.566472 2.463500 0.751745
v 1.566474 2.463500 0.642749
v 1.518844 2.578647 0.751744
v 1.518847 2.578647 0.642748
vn -0.0000 0.3811 0.9245
vn -0.0000 0.3811 -0.9245
vn -0.2698 0.2695 -0.9244
vn -0.2699 0.2695 0.9244
vn -0.3816 -0.0000 -0.9243
vn -0.3816 -0.0000 0.9243
vn -0.2698 -0.2695 -0.9244
vn -0.2699 -0.2695 0.9244
vn -0.0000 -0.3811 -0.9245
vn -0.0000 -0.3811 0.9245
vn 0.2699 -0.2695 -0.9244
vn 0.2698 -0.2695 0.9244
vn 0.3816 -0.0000 -0.9243
vn 0.3816 -0.0000 0.9243
vn 0.2699 0.2695 -0.9244
vn 0.2698 0.2695 0.9244
vt 1.000000 0.500000
vt 1.000000 1.000000
vt 0.875000 1.000000
vt 0.875000 0.500000
vt 0.750000 1.000000
vt 0.750000 0.500000
vt 0.625000 1.000000
vt 0.625000 0.500000
vt 0.500000 1.000000
vt 0.500000 0.500000
vt 0.375000 1.000000
vt 0.375000 0.500000
vt 0.250000 1.000000
vt 0.250000 0.500000
vt 0.419706 0.419706
vt 0.250000 0.490000
vt 0.080294 0.419706
vt 0.010000 0.250000
vt 0.080294 0.080294
vt 0.250000 0.010000
vt 0.419706 0.080294
vt 0.490000 0.250000
vt 0.125000 1.000000
vt 0.125000 0.500000
vt 0.000000 1.000000
vt 0.000000 0.500000
vt 0.750000 0.490000
vt 0.919706 0.419706
vt 0.990000 0.250000
vt 0.919706 0.080294
vt 0.750000 0.010000
vt 0.580294 0.080294
vt 0.510000 0.250000
vt 0.580294 0.419706
s 1
usemtl Глаза_обрамление
f 697/991/683 698/992/684 700/993/685 699/994/686
f 699/994/686 700/993/685 702/995/687 701/996/688
f 701/996/688 702/995/687 704/997/689 703/998/690
f 703/998/690 704/997/689 706/999/691 705/1000/692
f 705/1000/692 706/999/691 708/1001/693 707/1002/694
f 707/1002/694 708/1001/693 710/1003/695 709/1004/696
f 700/1005/685 698/1006/684 712/1007/697 710/1008/695 708/1009/693 706/1010/691 704/1011/689 702/1012/687
f 709/1004/696 710/1003/695 712/1013/697 711/1014/698
f 711/1014/698 712/1013/697 698/1015/684 697/1016/683
f 697/1017/683 699/1018/686 701/1019/688 703/1020/690 705/1021/692 707/1022/694 709/1023/696 711/1024/698
o Torus.014
v 1.224561 2.463500 0.262805
v 1.239425 2.463500 0.254754
v 1.253117 2.463500 0.273407
v 1.244390 2.463500 0.325109
v 1.228543 2.463500 0.319226
v 1.245401 2.548260 0.261335
v 1.258506 2.541106 0.253408
v 1.270788 2.535369 0.272160
v 1.263471 2.541106 0.323762
v 1.249382 2.548260 0.317755
v 1.303146 2.613603 0.257259
v 1.311377 2.600934 0.249676
v 1.319751 2.590774 0.268704
v 1.316343 2.600934 0.320031
v 1.307128 2.613603 0.313679
v 1.384568 2.644559 0.251513
v 1.385927 2.629277 0.244415
v 1.388789 2.617022 0.263832
v 1.390893 2.629277 0.314769
v 1.388550 2.644559 0.307933
v 1.471014 2.634037 0.245411
v 1.465077 2.619643 0.238828
v 1.462088 2.608100 0.258659
v 1.470042 2.619643 0.309183
v 1.474996 2.634037 0.301831
v 1.542680 2.584446 0.240353
v 1.530694 2.574238 0.234197
v 1.522854 2.566052 0.254370
v 1.535659 2.574238 0.304552
v 1.546662 2.584446 0.296773
v 1.583148 2.507148 0.237497
v 1.567747 2.503464 0.231582
v 1.557168 2.500510 0.251948
v 1.572712 2.503464 0.301937
v 1.587130 2.507148 0.293917
v 1.583148 2.419851 0.237497
v 1.567747 2.423535 0.231582
v 1.557168 2.426489 0.251948
v 1.572712 2.423535 0.301937
v 1.587130 2.419851 0.293917
v 1.542680 2.342553 0.240353
v 1.530694 2.352761 0.234197
v 1.522854 2.360947 0.254370
v 1.535659 2.352761 0.304552
v 1.546662 2.342553 0.296773
v 1.471014 2.292962 0.245411
v 1.465077 2.307356 0.238828
v 1.462088 2.318899 0.258658
v 1.470042 2.307356 0.309183
v 1.474996 2.292962 0.301831
v 1.384568 2.282440 0.251512
v 1.385927 2.297722 0.244415
v 1.388789 2.309977 0.263832
v 1.390892 2.297722 0.314769
v 1.388550 2.282440 0.307933
v 1.303146 2.313396 0.257259
v 1.311377 2.326065 0.249676
v 1.319751 2.336225 0.268704
v 1.316343 2.326065 0.320031
v 1.307128 2.313396 0.313679
v 1.245401 2.378739 0.261335
v 1.258506 2.385893 0.253408
v 1.270788 2.391630 0.272160
v 1.263471 2.385893 0.323762
v 1.249382 2.378739 0.317755
vn -0.9627 -0.0000 -0.2707
vn -0.8551 0.4374 -0.2783
vn 0.1997 -0.1404 -0.9697
vn 0.2343 -0.0000 -0.9722
vn 0.8672 -0.4610 -0.1883
vn 0.9805 -0.0000 -0.1963
vn 0.6512 -0.0000 0.7589
vn 0.5831 -0.2770 0.7637
vn -0.8075 0.4374 0.3957
vn -0.9151 -0.0000 0.4032
vn -0.5571 0.7746 -0.2993
vn 0.1041 -0.2486 -0.9630
vn 0.5532 -0.8163 -0.1662
vn 0.3943 -0.4906 0.7771
vn -0.5096 0.7746 0.3746
vn -0.1370 0.9343 -0.3290
vn -0.0308 -0.2999 -0.9535
vn 0.1103 -0.9847 -0.1349
vn 0.1282 -0.5918 0.7958
vn -0.0894 0.9343 0.3450
vn 0.3091 0.8800 -0.3605
vn -0.1740 -0.2825 -0.9434
vn -0.3598 -0.9275 -0.1017
vn -0.1543 -0.5574 0.8158
vn 0.3567 0.8800 0.3135
vn 0.6790 0.6241 -0.3866
vn -0.2927 -0.2003 -0.9350
vn -0.7496 -0.6578 -0.0742
vn -0.3886 -0.3953 0.8323
vn 0.7265 0.6241 0.2874
vn 0.8878 0.2252 -0.4013
vn -0.3597 -0.0723 -0.9302
vn -0.9696 -0.2374 -0.0587
vn -0.1543 0.5574 0.8158
vn -0.3886 0.3953 0.8323
vn -0.7496 0.6578 -0.0742
vn -0.3598 0.9275 -0.1017
vn -0.5208 -0.1427 0.8417
vn 0.9354 0.2252 0.2726
vn -0.8551 -0.4374 -0.2783
vn -0.5571 -0.7746 -0.2993
vn -0.5096 -0.7746 0.3746
vn -0.8075 -0.4374 0.3957
vn 0.8878 -0.2252 -0.4013
vn -0.3597 0.0723 -0.9302
vn -0.9696 0.2374 -0.0587
vn -0.5208 0.1427 0.8417
vn 0.9354 -0.2252 0.2726
vn 0.6790 -0.6241 -0.3866
vn -0.2927 0.2003 -0.9350
vn 0.7265 -0.6241 0.2874
vn 0.3091 -0.8800 -0.3605
vn -0.1740 0.2825 -0.9434
vn 0.3567 -0.8800 0.3135
vn -0.1370 -0.9343 -0.3290
vn -0.0308 0.2999 -0.9535
vn 0.1103 0.9847 -0.1349
vn 0.1282 0.5918 0.7958
vn -0.0894 -0.9343 0.3450
vn 0.1041 0.2486 -0.9630
vn 0.5532 0.8163 -0.1662
vn 0.8672 0.4610 -0.1883
vn 0.5831 0.2770 0.7637
vn 0.3943 0.4906 0.7771
vn 0.1997 0.1404 -0.9697
vt 0.538462 0.714286
vt 0.615385 0.714286
vt 0.615385 0.857143
vt 0.538462 0.857143
vt 0.615385 1.000000
vt 0.538462 1.000000
vt 0.538462 0.285714
vt 0.615385 0.285714
vt 0.615385 0.428571
vt 0.538462 0.428571
vt 0.692308 0.714286
vt 0.692308 0.857143
vt 0.692308 1.000000
vt 0.692308 0.285714
vt 0.692308 0.428571
vt 0.769231 0.714286
vt 0.769231 0.857143
vt 0.769231 1.000000
vt 0.769231 0.285714
vt 0.769231 0.428571
vt 0.846154 0.714286
vt 0.846154 0.857143
vt 0.846154 1.000000
vt 0.846154 0.285714
vt 0.846154 0.428571
vt 0.923077 0.714286
vt 0.923077 0.857143
vt 0.923077 1.000000
vt 0.923077 0.285714
vt 0.923077 0.428571
vt 1.000000 0.714286
vt 1.000000 0.857143
vt 1.000000 1.000000
vt 0.230769 0.285714
vt 0.153846 0.285714
vt 0.153846 1.000000
vt 0.230769 1.000000
vt 1.000000 0.285714
vt 1.000000 0.428571
vt 0.461538 0.714286
vt 0.384615 0.714286
vt 0.384615 0.428571
vt 0.461538 0.428571
vt -0.000000 0.714286
vt 0.076923 0.714286
vt 0.076923 0.857143
vt -0.000000 0.857143
vt 0.076923 1.000000
vt -0.000000 1.000000
vt -0.000000 0.285714
vt 0.076923 0.285714
vt 0.076923 0.428571
vt -0.000000 0.428571
vt 0.153846 0.714286
vt 0.153846 0.857143
vt 0.153846 0.428571
vt 0.230769 0.714286
vt 0.230769 0.857143
vt 0.230769 0.428571
vt 0.307692 0.714286
vt 0.307692 0.857143
vt 0.307692 1.000000
vt 0.307692 0.285714
vt 0.307692 0.428571
vt 0.384615 0.857143
vt 0.384615 1.000000
vt 0.461538 1.000000
vt 0.461538 0.285714
vt 0.384615 0.285714
vt 0.461538 0.857143
s 1
usemtl Глаза_обрамление
f 713/1025/699 718/1026/700 719/1027/701 714/1028/702
f 714/1028/702 719/1027/701 720/1029/703 715/1030/704
f 716/1031/705 721/1032/706 722/1033/707 717/1034/708
f 718/1026/700 723/1035/709 724/1036/710 719/1027/701
f 719/1027/701 724/1036/710 725/1037/711 720/1029/703
f 721/1032/706 726/1038/712 727/1039/713 722/1033/707
f 723/1035/709 728/1040/714 729/1041/715 724/1036/710
f 724/1036/710 729/1041/715 730/1042/716 725/1037/711
f 726/1038/712 731/1043/717 732/1044/718 727/1039/713
f 728/1040/714 733/1045/719 734/1046/720 729/1041/715
f 729/1041/715 734/1046/720 735/1047/721 730/1042/716
f 731/1043/717 736/1048/722 737/1049/723 732/1044/718
f 733/1045/719 738/1050/724 739/1051/725 734/1046/720
f 734/1046/720 739/1051/725 740/1052/726 735/1047/721
f 736/1048/722 741/1053/727 742/1054/728 737/1049/723
f 738/1050/724 743/1055/729 744/1056/730 739/1051/725
f 739/1051/725 744/1056/730 745/1057/731 740/1052/726
f 761/1058/732 756/1059/733 755/1060/734 760/1061/735
f 741/1053/727 746/1062/736 747/1063/737 742/1054/728
f 773/1064/738 768/1065/739 772/1066/740 777/1067/741
f 773/1064/738 777/1067/741 717/1034/708 713/1025/699
f 743/1068/729 748/1069/742 749/1070/743 744/1071/730
f 744/1071/730 749/1070/743 750/1072/744 745/1073/731
f 746/1074/736 745/1073/731 750/1072/744 751/1075/745
f 755/1060/734 756/1059/733 751/1075/745 750/1072/744
f 746/1074/736 751/1075/745 752/1076/746 747/1077/737
f 722/1033/707 718/1026/700 713/1025/699 717/1034/708
f 723/1035/709 718/1026/700 722/1033/707 727/1039/713
f 748/1069/742 753/1078/747 754/1079/748 749/1070/743
f 749/1070/743 754/1079/748 755/1060/734 750/1072/744
f 746/1062/736 741/1053/727 740/1052/726 745/1057/731
f 741/1053/727 736/1048/722 735/1047/721 740/1052/726
f 751/1075/745 756/1059/733 757/1080/749 752/1076/746
f 732/1044/718 728/1040/714 723/1035/709 727/1039/713
f 733/1045/719 728/1040/714 732/1044/718 737/1049/723
f 753/1078/747 758/1081/750 759/1082/751 754/1079/748
f 754/1079/748 759/1082/751 760/1061/735 755/1060/734
f 730/1042/716 731/1043/717 726/1038/712 725/1037/711
f 731/1043/717 730/1042/716 735/1047/721 736/1048/722
f 756/1059/733 761/1058/732 762/1083/752 757/1080/749
f 733/1045/719 737/1049/723 742/1054/728 738/1050/724
f 738/1050/724 742/1054/728 747/1077/737 743/1055/729
f 758/1081/750 763/1084/753 764/1085/754 759/1082/751
f 759/1082/751 764/1085/754 765/1086/755 760/1061/735
f 725/1037/711 726/1038/712 721/1032/706 720/1029/703
f 716/1031/705 715/1030/704 720/1029/703 721/1032/706
f 761/1058/732 766/1087/756 767/1088/757 762/1083/752
f 747/1077/737 752/1076/746 748/1069/742 743/1068/729
f 753/1078/747 748/1069/742 752/1076/746 757/1080/749
f 763/1084/753 768/1065/739 769/1089/758 764/1085/754
f 764/1085/754 769/1089/758 770/1090/759 765/1086/755
f 775/1091/760 776/1092/761 771/1093/762 770/1090/759
f 716/1031/705 776/1092/761 775/1091/760 715/1030/704
f 766/1087/756 771/1093/762 772/1066/740 767/1088/757
f 758/1081/750 753/1078/747 757/1080/749 762/1083/752
f 772/1066/740 768/1065/739 763/1084/753 767/1088/757
f 768/1065/739 773/1064/738 774/1094/763 769/1089/758
f 769/1089/758 774/1094/763 775/1091/760 770/1090/759
f 766/1087/756 765/1086/755 770/1090/759 771/1093/762
f 766/1087/756 761/1058/732 760/1061/735 765/1086/755
f 771/1093/762 776/1092/761 777/1067/741 772/1066/740
f 767/1088/757 763/1084/753 758/1081/750 762/1083/752
f 773/1064/738 713/1025/699 714/1028/702 774/1094/763
f 774/1094/763 714/1028/702 715/1030/704 775/1091/760
f 776/1092/761 716/1031/705 717/1034/708 777/1067/741
o Cylinder.005
v -0.307297 3.272978 0.489293
v -0.307297 3.272978 0.526179
v -0.271455 3.256812 0.489293
v -0.271455 3.256812 0.526179
v -0.256609 3.217785 0.489293
v -0.256609 3.217785 0.526179
v -0.271455 3.178758 0.489293
v -0.271455 3.178758 0.526179
v -0.307297 3.162592 0.489293
v -0.307297 3.162592 0.526179
v -0.343139 3.178758 0.489293
v -0.343139 3.178758 0.526179
v -0.357985 3.217785 0.489293
v -0.357985 3.217785 0.526179
v -0.343139 3.256812 0.489293
v -0.343139 3.256812 0.526179
vn -0.0000 0.3806 -0.9247
vn -0.0000 0.3806 0.9247
vn 0.2911 0.2674 0.9186
vn 0.2911 0.2674 -0.9186
vn 0.4090 -0.0000 0.9125
vn 0.4090 -0.0000 -0.9125
vn 0.2911 -0.2674 0.9186
vn 0.2911 -0.2674 -0.9186
vn -0.0000 -0.3806 0.9247
vn -0.0000 -0.3806 -0.9247
vn -0.2911 -0.2674 0.9186
vn -0.2911 -0.2674 -0.9186
vn -0.4090 -0.0000 0.9125
vn -0.4090 -0.0000 -0.9125
vn -0.2911 0.2674 0.9186
vn -0.2911 0.2674 -0.9186
vt 1.000000 0.500000
vt 1.000000 1.000000
vt 0.875000 1.000000
vt 0.875000 0.500000
vt 0.750000 1.000000
vt 0.750000 0.500000
vt 0.625000 1.000000
vt 0.625000 0.500000
vt 0.500000 1.000000
vt 0.500000 0.500000
vt 0.375000 1.000000
vt 0.375000 0.500000
vt 0.250000 1.000000
vt 0.250000 0.500000
vt 0.419706 0.419706
vt 0.250000 0.490000
vt 0.080294 0.419706
vt 0.010000 0.250000
vt 0.080294 0.080294
vt 0.250000 0.010000
vt 0.419706 0.080294
vt 0.490000 0.250000
vt 0.125000 1.000000
vt 0.125000 0.500000
vt 0.000000 1.000000
vt 0.000000 0.500000
vt 0.750000 0.490000
vt 0.919706 0.419706
vt 0.990000 0.250000
vt 0.919706 0.080294
vt 0.750000 0.010000
vt 0.580294 0.080294
vt 0.510000 0.250000
vt 0.580294 0.419706
s 1
usemtl Глаза_обрамление
f 778/1095/764 779/1096/765 781/1097/766 780/1098/767
f 780/1098/767 781/1097/766 783/1099/768 782/1100/769
f 782/1100/769 783/1099/768 785/1101/770 784/1102/771
f 784/1102/771 785/1101/770 787/1103/772 786/1104/773
f 786/1104/773 787/1103/772 789/1105/774 788/1106/775
f 788/1106/775 789/1105/774 791/1107/776 790/1108/777
f 781/1109/766 779/1110/765 793/1111/778 791/1112/776 789/1113/774 787/1114/772 785/1115/770 783/1116/768
f 790/1108/777 791/1107/776 793/1117/778 792/1118/779
f 792/1118/779 793/1117/778 779/1119/765 778/1120/764
f 778/1121/764 780/1122/767 782/1123/769 784/1124/771 786/1125/773 788/1126/775 790/1127/777 792/1128/779
o Cube.022
v 1.291572 2.349926 1.185482
v 1.294844 2.324215 1.016621
v 1.291572 2.577074 1.185482
v 1.294844 2.602784 1.016622
v 1.140225 2.349926 1.185482
v 1.109236 2.324215 1.016621
v 1.140225 2.577074 1.185482
v 1.109236 2.602784 1.016622
vn 0.9998 -0.0000 0.0194
vn -0.0000 0.9886 0.1505
vn -0.9836 -0.0000 0.1805
vn -0.0000 -0.9886 0.1505
vn -0.0000 -0.0000 1.0000
vn -0.0000 -0.0000 -1.0000
vt 0.375000 0.000000
vt 0.625000 0.000000
vt 0.625000 0.250000
vt 0.375000 0.250000
vt 0.625000 0.500000
vt 0.375000 0.500000
vt 0.625000 0.750000
vt 0.375000 0.750000
vt 0.625000 1.000000
vt 0.375000 1.000000
vt 0.125000 0.500000
vt 0.125000 0.750000
vt 0.875000 0.500000
vt 0.875000 0.750000
s 1
usemtl Сталь
f 796/1132/781 797/1131/781 801/1133/781 800/1134/781
f 798/1136/783 799/1135/783 795/1137/783 794/1138/783
f 796/1139/784 800/1134/784 798/1136/784 794/1140/784
f 801/1133/785 797/1141/785 795/1142/785 799/1135/785
usemtl тени_глаза
f 794/1129/780 795/1130/780 797/1131/780 796/1132/780
f 800/1134/782 801/1133/782 799/1135/782 798/1136/782
o Torus.025
v 0.562040 3.225536 0.520011
v 0.555790 3.225536 0.535100
v 0.540701 3.225536 0.541350
v 0.525612 3.225536 0.535100
v 0.519362 3.225536 0.520011
v 0.525612 3.225536 0.504922
v 0.540701 3.225536 0.498672
v 0.555790 3.225536 0.504922
v 0.553051 3.291947 0.520011
v 0.547054 3.290077 0.535100
v 0.532576 3.285561 0.541350
v 0.518098 3.281046 0.535100
v 0.512101 3.279176 0.520011
v 0.518098 3.281046 0.504922
v 0.532576 3.285561 0.498672
v 0.547054 3.290077 0.504922
v 0.526810 3.352978 0.520011
v 0.521552 3.349389 0.535100
v 0.508858 3.340724 0.541350
v 0.496164 3.332059 0.535100
v 0.490906 3.328470 0.520011
v 0.496164 3.332059 0.504922
v 0.508858 3.340724 0.498672
v 0.521552 3.349389 0.504922
v 0.485444 3.403685 0.520011
v 0.481351 3.398668 0.535100
v 0.471470 3.386555 0.541350
v 0.461589 3.374442 0.535100
v 0.457496 3.369425 0.520011
v 0.461589 3.374442 0.504922
v 0.471470 3.386555 0.498672
v 0.481351 3.398668 0.504922
v 0.432304 3.439959 0.520011
v 0.429708 3.433920 0.535100
v 0.423440 3.419341 0.541350
v 0.417171 3.404762 0.535100
v 0.414575 3.398723 0.520011
v 0.417171 3.404762 0.504922
v 0.423440 3.419341 0.498672
v 0.429708 3.433920 0.504922
v 0.371695 3.458861 0.520011
v 0.370806 3.452290 0.535100
v 0.368658 3.436426 0.541350
v 0.366511 3.420562 0.535100
v 0.365622 3.413991 0.520011
v 0.366511 3.420562 0.504922
v 0.368658 3.436426 0.498672
v 0.370806 3.452290 0.504922
v 0.308528 3.458861 0.520011
v 0.309417 3.452290 0.535100
v 0.311565 3.436426 0.541350
v 0.313712 3.420562 0.535100
v 0.314602 3.413991 0.520011
v 0.313712 3.420562 0.504922
v 0.311565 3.436426 0.498672
v 0.309417 3.452290 0.504922
v 0.247919 3.439959 0.520011
v 0.250516 3.433920 0.535100
v 0.256784 3.419341 0.541350
v 0.263052 3.404762 0.535100
v 0.265648 3.398723 0.520011
v 0.263052 3.404762 0.504922
v 0.256784 3.419341 0.498672
v 0.250516 3.433920 0.504922
v 0.194779 3.403685 0.520011
v 0.198872 3.398668 0.535100
v 0.208754 3.386555 0.541350
v 0.218635 3.374443 0.535100
v 0.222728 3.369425 0.520011
v 0.218635 3.374443 0.504922
v 0.208754 3.386555 0.498672
v 0.198872 3.398668 0.504922
v 0.153413 3.352978 0.520011
v 0.158671 3.349389 0.535100
v 0.171365 3.340724 0.541350
v 0.184059 3.332059 0.535100
v 0.189317 3.328470 0.520011
v 0.184059 3.332059 0.504922
v 0.171365 3.340724 0.498672
v 0.158671 3.349389 0.504922
v 0.127173 3.291947 0.520011
v 0.133170 3.290077 0.535100
v 0.147648 3.285561 0.541350
v 0.162125 3.281046 0.535100
v 0.168122 3.279176 0.520011
v 0.162125 3.281046 0.504922
v 0.147648 3.285561 0.498672
v 0.133170 3.290077 0.504922
v 0.118183 3.225536 0.520011
v 0.124433 3.225536 0.535100
v 0.139522 3.225536 0.541350
v 0.154611 3.225536 0.535100
v 0.160862 3.225536 0.520011
v 0.154611 3.225536 0.504922
v 0.139522 3.225536 0.498672
v 0.124433 3.225536 0.504922
v 0.127173 3.159124 0.520011
v 0.133170 3.160995 0.535100
v 0.147648 3.165510 0.541350
v 0.162125 3.170025 0.535100
v 0.168122 3.171896 0.520011
v 0.162125 3.170025 0.504922
v 0.147648 3.165510 0.498672
v 0.133170 3.160995 0.504922
v 0.153413 3.098093 0.520011
v 0.158671 3.101682 0.535100
v 0.171365 3.110347 0.541350
v 0.184059 3.119012 0.535100
v 0.189317 3.122601 0.520011
v 0.184059 3.119012 0.504922
v 0.171365 3.110347 0.498672
v 0.158671 3.101682 0.504922
v 0.194779 3.047387 0.520011
v 0.198872 3.052404 0.535100
v 0.208753 3.064516 0.541350
v 0.218635 3.076629 0.535100
v 0.222728 3.081646 0.520011
v 0.218635 3.076629 0.504922
v 0.208753 3.064516 0.498672
v 0.198872 3.052404 0.504922
v 0.247919 3.011113 0.520011
v 0.250516 3.017151 0.535100
v 0.256784 3.031730 0.541350
v 0.263052 3.046309 0.535100
v 0.265648 3.052348 0.520011
v 0.263052 3.046309 0.504922
v 0.256784 3.031730 0.498672
v 0.250516 3.017151 0.504922
v 0.308528 2.992210 0.520011
v 0.309417 2.998781 0.535100
v 0.311565 3.014645 0.541350
v 0.313712 3.030509 0.535100
v 0.314602 3.037080 0.520011
v 0.313712 3.030509 0.504922
v 0.311565 3.014645 0.498672
v 0.309417 2.998781 0.504922
v 0.371695 2.992210 0.520011
v 0.370806 2.998781 0.535100
v 0.368658 3.014645 0.541350
v 0.366511 3.030509 0.535100
v 0.365622 3.037080 0.520011
v 0.366511 3.030509 0.504922
v 0.368658 3.014645 0.498672
v 0.370806 2.998781 0.504922
v 0.432304 3.011113 0.520011
v 0.429708 3.017151 0.535100
v 0.423440 3.031730 0.541350
v 0.417171 3.046309 0.535100
v 0.414575 3.052348 0.520011
v 0.417171 3.046309 0.504922
v 0.423440 3.031730 0.498672
v 0.429708 3.017151 0.504922
v 0.485444 3.047386 0.520011
v 0.481351 3.052404 0.535100
v 0.471470 3.064516 0.541350
v 0.461588 3.076629 0.535100
v 0.457495 3.081646 0.520011
v 0.461588 3.076629 0.504922
v 0.471470 3.064516 0.498672
v 0.481351 3.052404 0.504922
v 0.526810 3.098093 0.520011
v 0.521552 3.101682 0.535100
v 0.508858 3.110347 0.541350
v 0.496164 3.119012 0.535100
v 0.490906 3.122601 0.520011
v 0.496164 3.119012 0.504922
v 0.508858 3.110347 0.498672
v 0.521552 3.101682 0.504922
v 0.553051 3.159124 0.520011
v 0.547054 3.160995 0.535100
v 0.532576 3.165510 0.541350
v 0.518098 3.170025 0.535100
v 0.512101 3.171896 0.520011
v 0.518098 3.170025 0.504922
v 0.532576 3.165510 0.498672
v 0.547054 3.160995 0.504922
v 0.137552 3.323209 0.520011
v 0.176506 3.304426 0.520011
v 0.143257 3.320458 0.535100
v 0.170801 3.307177 0.504922
v 0.157029 3.313818 0.541350
v 0.157029 3.313818 0.498672
v 0.170801 3.307177 0.535100
v 0.143257 3.320458 0.504922
v 0.171819 3.379508 0.520011
v 0.204183 3.349898 0.520011
v 0.176559 3.375172 0.535100
v 0.199444 3.354235 0.504922
v 0.188001 3.364703 0.541350
v 0.188001 3.364703 0.498672
v 0.199444 3.354235 0.535100
v 0.176559 3.375172 0.504922
v 0.219720 3.423334 0.520011
v 0.242872 3.385296 0.520011
v 0.223111 3.417763 0.535100
v 0.239482 3.390866 0.504922
v 0.231296 3.404315 0.541350
v 0.231296 3.404315 0.498672
v 0.239482 3.390866 0.535100
v 0.223111 3.417763 0.504922
v 0.277375 3.451134 0.520011
v 0.289439 3.407750 0.520011
v 0.279141 3.444781 0.535100
v 0.287673 3.414104 0.504922
v 0.283407 3.429442 0.541350
v 0.283407 3.429442 0.498672
v 0.287673 3.414104 0.535100
v 0.279141 3.444781 0.504922
v 0.340112 3.460659 0.520011
v 0.340112 3.415443 0.520011
v 0.340112 3.454037 0.535100
v 0.340112 3.422064 0.504922
v 0.340112 3.438051 0.541350
v 0.340112 3.438051 0.498672
v 0.340112 3.422064 0.535100
v 0.340112 3.454037 0.504922
v 0.402848 3.451134 0.520011
v 0.390784 3.407750 0.520011
v 0.401082 3.444781 0.535100
v 0.392551 3.414104 0.504922
v 0.396816 3.429442 0.541350
v 0.396816 3.429442 0.498672
v 0.392551 3.414104 0.535100
v 0.401082 3.444781 0.504922
v 0.460503 3.423334 0.520011
v 0.437351 3.385296 0.520011
v 0.457112 3.417763 0.535100
v 0.440741 3.390866 0.504922
v 0.448927 3.404315 0.541350
v 0.448927 3.404315 0.498672
v 0.440741 3.390866 0.535100
v 0.457112 3.417763 0.504922
v 0.508404 3.379508 0.520011
v 0.476040 3.349898 0.520011
v 0.503664 3.375172 0.535100
v 0.480779 3.354235 0.504922
v 0.492222 3.364703 0.541350
v 0.492222 3.364703 0.498672
v 0.480779 3.354235 0.535100
v 0.503664 3.375172 0.504922
v 0.542807 3.322894 0.520011
v 0.503827 3.304171 0.520011
v 0.537099 3.320152 0.535100
v 0.509536 3.306913 0.504922
v 0.523317 3.313533 0.541350
v 0.523317 3.313533 0.498672
v 0.509536 3.306913 0.535100
v 0.537099 3.320152 0.504922
v 0.560528 3.258997 0.520011
v 0.518140 3.252562 0.520011
v 0.554320 3.258055 0.535100
v 0.524347 3.253505 0.504922
v 0.539334 3.255780 0.541350
v 0.539334 3.255780 0.498672
v 0.524347 3.253505 0.535100
v 0.554320 3.258055 0.504922
v 0.554320 3.193017 0.535100
v 0.539334 3.195292 0.541350
v 0.539334 3.195292 0.498672
v 0.524347 3.197567 0.535100
v 0.554320 3.193017 0.504922
v 0.524347 3.197567 0.504922
v 0.560527 3.192074 0.520011
v 0.518140 3.198509 0.520011
v 0.542671 3.127862 0.520011
v 0.503717 3.146646 0.520011
v 0.536966 3.130613 0.535100
v 0.509422 3.143895 0.504922
v 0.523194 3.137254 0.541350
v 0.523194 3.137254 0.498672
v 0.509422 3.143895 0.535100
v 0.536966 3.130613 0.504922
v 0.508404 3.071563 0.520011
v 0.476040 3.101173 0.520011
v 0.503664 3.075899 0.535100
v 0.480779 3.096837 0.504922
v 0.492222 3.086368 0.541350
v 0.492222 3.086368 0.498672
v 0.480779 3.096837 0.535100
v 0.503664 3.075899 0.504922
v 0.460503 3.027738 0.520011
v 0.437351 3.065776 0.520011
v 0.457112 3.033308 0.535100
v 0.440741 3.060205 0.504922
v 0.448927 3.046757 0.541350
v 0.448927 3.046757 0.498672
v 0.440741 3.060205 0.535100
v 0.457112 3.033308 0.504922
v 0.402848 2.999937 0.520011
v 0.390784 3.043321 0.520011
v 0.401082 3.006291 0.535100
v 0.392551 3.036968 0.504922
v 0.396816 3.021629 0.541350
v 0.396816 3.021629 0.498672
v 0.392551 3.036968 0.535100
v 0.401082 3.006291 0.504922
v 0.340111 2.990413 0.520011
v 0.340111 3.035629 0.520011
v 0.340111 2.997035 0.535100
v 0.340111 3.029007 0.504922
v 0.340111 3.013021 0.541350
v 0.340111 3.013021 0.498672
v 0.340111 3.029007 0.535100
v 0.340111 2.997035 0.504922
v 0.277375 2.999937 0.520011
v 0.289439 3.043321 0.520011
v 0.279141 3.006291 0.535100
v 0.287673 3.036968 0.504922
v 0.283407 3.021629 0.541350
v 0.283407 3.021629 0.498672
v 0.287673 3.036968 0.535100
v 0.279141 3.006291 0.504922
v 0.219720 3.027738 0.520011
v 0.242872 3.065776 0.520011
v 0.223111 3.033309 0.535100
v 0.239482 3.060205 0.504922
v 0.231296 3.046757 0.541350
v 0.231296 3.046757 0.498672
v 0.239482 3.060205 0.535100
v 0.223111 3.033309 0.504922
v 0.171819 3.071563 0.520011
v 0.204183 3.101173 0.520011
v 0.176559 3.075899 0.535100
v 0.199444 3.096837 0.504922
v 0.188001 3.086368 0.541350
v 0.188001 3.086368 0.498672
v 0.199444 3.096837 0.535100
v 0.176559 3.075899 0.504922
v 0.137552 3.127862 0.520011
v 0.176506 3.146646 0.520011
v 0.143257 3.130613 0.535100
v 0.170801 3.143895 0.504922
v 0.157029 3.137254 0.541350
v 0.157029 3.137254 0.498672
v 0.170801 3.143895 0.535100
v 0.143257 3.130613 0.504922
v 0.119696 3.192074 0.520011
v 0.162083 3.198509 0.520011
v 0.125903 3.193017 0.535100
v 0.155876 3.197567 0.504922
v 0.140889 3.195292 0.541350
v 0.140889 3.195292 0.498672
v 0.155876 3.197567 0.535100
v 0.125903 3.193017 0.504922
v 0.119696 3.258997 0.520011
v 0.162083 3.252562 0.520011
v 0.125903 3.258055 0.535100
v 0.155876 3.253505 0.504922
v 0.140889 3.255780 0.541350
v 0.140889 3.255780 0.498672
v 0.155876 3.253505 0.535100
v 0.125903 3.258055 0.504922
v 0.295081 3.216790 0.520011
v 0.309276 3.253460 0.520011
vn 0.9910 0.1336 -0.0000
vn 0.9634 0.2680 -0.0000
vn 0.6855 0.1907 0.7026
vn 0.7106 0.0958 0.6970
vn 0.0118 0.0033 0.9999
vn 0.0226 0.0031 0.9997
vn -0.6736 -0.1874 0.7149
vn -0.6878 -0.0927 0.7200
vn -0.8547 -0.2378 0.4615
vn -0.8864 -0.1195 0.4472
vn -0.8864 -0.1196 0.4472
vn -0.8546 -0.2378 0.4616
vn -0.6736 -0.1874 -0.7149
vn -0.6878 -0.0927 -0.7200
vn 0.0118 0.0033 -0.9999
vn 0.0226 0.0031 -0.9997
vn 0.6855 0.1907 -0.7026
vn 0.7106 0.0958 -0.6970
vn 0.9196 0.3929 -0.0000
vn 0.8539 0.5205 -0.0000
vn 0.6048 0.3687 0.7059
vn 0.6561 0.2804 0.7007
vn 0.0123 0.0076 0.9999
vn 0.0195 0.0083 0.9998
vn -0.5921 -0.3610 0.7205
vn -0.6363 -0.2719 0.7220
vn -0.7568 -0.4614 0.4631
vn -0.8202 -0.3505 0.4521
vn -0.8202 -0.3506 0.4522
vn -0.7567 -0.4614 0.4631
vn -0.5921 -0.3610 -0.7205
vn -0.6363 -0.2719 -0.7220
vn 0.0123 0.0076 -0.9999
vn 0.0195 0.0083 -0.9998
vn 0.6048 0.3687 -0.7059
vn 0.6561 0.2804 -0.7007
vn 0.7759 0.6309 -0.0000
vn 0.6740 0.7387 -0.0000
vn 0.4742 0.5199 0.7105
vn 0.5488 0.4463 0.7069
vn 0.0113 0.0125 0.9999
vn 0.0142 0.0116 0.9998
vn -0.4623 -0.5068 0.7276
vn -0.5340 -0.4342 0.7255
vn -0.5963 -0.6538 0.4658
vn -0.6886 -0.5600 0.4607
vn -0.6885 -0.5600 0.4608
vn -0.4623 -0.5068 -0.7276
vn -0.5340 -0.4342 -0.7255
vn 0.0113 0.0125 -0.9999
vn 0.0142 0.0116 -0.9998
vn 0.4742 0.5199 -0.7105
vn 0.5488 0.4463 -0.7069
vn 0.5649 0.8252 -0.0000
vn 0.4332 0.9013 -0.0000
vn 0.3029 0.6303 0.7148
vn 0.3956 0.5779 0.7138
vn 0.0081 0.0171 0.9998
vn 0.0087 0.0127 0.9999
vn -0.2941 -0.6119 0.7342
vn -0.3864 -0.5645 0.7294
vn -0.3827 -0.7964 0.4683
vn -0.4984 -0.7282 0.4704
vn -0.4984 -0.7282 0.4705
vn -0.3826 -0.7964 0.4684
vn -0.2941 -0.6119 -0.7342
vn -0.3864 -0.5645 -0.7294
vn 0.0081 0.0171 -0.9998
vn 0.0087 0.0127 -0.9999
vn 0.3029 0.6303 -0.7148
vn 0.3956 0.5779 -0.7138
vn 0.2984 0.9544 -0.0000
vn 0.1496 0.9887 -0.0000
vn 0.1042 0.6888 0.7174
vn 0.2073 0.6632 0.7192
vn 0.0030 0.0200 0.9998
vn 0.0039 0.0125 0.9999
vn -0.1009 -0.6670 0.7382
vn -0.2031 -0.6496 0.7326
vn -0.1320 -0.8728 0.4699
vn -0.2621 -0.8383 0.4780
vn -0.2620 -0.8383 0.4781
vn -0.1320 -0.8728 0.4700
vn -0.1009 -0.6670 -0.7382
vn -0.2031 -0.6496 -0.7326
vn 0.0030 0.0200 -0.9998
vn 0.0039 0.0125 -0.9999
vn 0.1042 0.6888 -0.7174
vn 0.2073 0.6632 -0.7192
vn -0.0000 1.0000 -0.0000
vn -0.1496 0.9887 -0.0000
vn -0.1042 0.6888 0.7174
vn -0.0000 0.6927 0.7212
vn -0.0030 0.0200 0.9998
vn -0.0000 0.0123 0.9999
vn 0.1009 -0.6670 0.7382
vn -0.0000 -0.6793 0.7338
vn 0.1320 -0.8728 0.4699
vn -0.0000 -0.8768 0.4809
vn -0.0000 -0.8767 0.4810
vn 0.1320 -0.8727 0.4700
vn 0.1009 -0.6670 -0.7382
vn -0.0000 -0.6793 -0.7338
vn -0.0030 0.0200 -0.9998
vn -0.0000 0.0123 -0.9999
vn -0.1042 0.6888 -0.7174
vn -0.0000 0.6927 -0.7212
vn -0.2984 0.9544 -0.0000
vn -0.4332 0.9013 -0.0000
vn -0.3029 0.6303 0.7148
vn -0.2073 0.6632 0.7192
vn -0.0081 0.0171 0.9998
vn -0.0039 0.0125 0.9999
vn 0.2941 -0.6119 0.7342
vn 0.2031 -0.6496 0.7326
vn 0.3827 -0.7964 0.4683
vn 0.2621 -0.8383 0.4780
vn 0.2620 -0.8383 0.4781
vn 0.3826 -0.7964 0.4684
vn 0.2941 -0.6119 -0.7342
vn 0.2031 -0.6496 -0.7326
vn -0.0081 0.0171 -0.9998
vn -0.0039 0.0125 -0.9999
vn -0.3029 0.6303 -0.7148
vn -0.2073 0.6632 -0.7192
vn -0.5649 0.8252 -0.0000
vn -0.6740 0.7387 -0.0000
vn -0.4742 0.5199 0.7105
vn -0.3956 0.5779 0.7138
vn -0.0113 0.0125 0.9999
vn -0.0087 0.0127 0.9999
vn 0.4623 -0.5068 0.7276
vn 0.3864 -0.5645 0.7294
vn 0.5963 -0.6538 0.4658
vn 0.4984 -0.7282 0.4704
vn 0.4984 -0.7282 0.4705
vn 0.4623 -0.5068 -0.7276
vn 0.3864 -0.5645 -0.7294
vn -0.0113 0.0125 -0.9999
vn -0.0087 0.0127 -0.9999
vn -0.4742 0.5199 -0.7105
vn -0.3956 0.5779 -0.7138
vn -0.7759 0.6309 -0.0000
vn -0.8537 0.5208 -0.0000
vn -0.6046 0.3689 0.7060
vn -0.5488 0.4463 0.7069
vn -0.0122 0.0075 0.9999
vn -0.0142 0.0116 0.9998
vn 0.5920 -0.3612 0.7204
vn 0.5340 -0.4342 0.7255
vn 0.7565 -0.4617 0.4632
vn 0.6886 -0.5600 0.4607
vn 0.6886 -0.5599 0.4608
vn 0.5920 -0.3612 -0.7204
vn 0.5340 -0.4342 -0.7255
vn -0.0122 0.0075 -0.9999
vn -0.0142 0.0116 -0.9998
vn -0.6046 0.3689 -0.7060
vn -0.5488 0.4463 -0.7069
vn -0.9192 0.3938 -0.0000
vn -0.9633 0.2684 -0.0000
vn -0.6855 0.1910 0.7026
vn -0.6558 0.2810 0.7007
vn -0.0120 0.0034 0.9999
vn -0.0194 0.0083 0.9998
vn 0.6735 -0.1877 0.7150
vn 0.6360 -0.2725 0.7220
vn 0.8547 -0.2382 0.4613
vn 0.8199 -0.3512 0.4522
vn 0.8546 -0.2381 0.4614
vn 0.6735 -0.1877 -0.7150
vn 0.6360 -0.2725 -0.7220
vn -0.0120 0.0034 -0.9999
vn -0.0194 0.0083 -0.9998
vn -0.6855 0.1910 -0.7026
vn -0.6558 0.2810 -0.7007
vn -0.9910 0.1336 -0.0000
vn -1.0000 -0.0000 -0.0000
vn -0.7129 -0.0000 0.7013
vn -0.7106 0.0958 0.6970
vn -0.0117 -0.0000 0.9999
vn -0.0226 0.0031 0.9997
vn 0.7012 -0.0000 0.7130
vn 0.6878 -0.0927 0.7200
vn 0.8876 -0.0000 0.4607
vn 0.8864 -0.1195 0.4472
vn 0.8875 -0.0000 0.4608
vn 0.7012 -0.0000 -0.7130
vn 0.6878 -0.0927 -0.7200
vn -0.0117 -0.0000 -0.9999
vn -0.0226 0.0031 -0.9997
vn -0.7129 -0.0000 -0.7013
vn -0.7106 0.0958 -0.6970
vn -0.9910 -0.1336 -0.0000
vn -0.9633 -0.2684 -0.0000
vn -0.6855 -0.1910 0.7026
vn -0.7106 -0.0958 0.6970
vn -0.0120 -0.0034 0.9999
vn -0.0226 -0.0031 0.9997
vn 0.6735 0.1877 0.7150
vn 0.6878 0.0927 0.7200
vn 0.8547 0.2382 0.4613
vn 0.8864 0.1195 0.4472
vn 0.8864 0.1196 0.4472
vn 0.8546 0.2381 0.4614
vn 0.6735 0.1877 -0.7150
vn 0.6878 0.0927 -0.7200
vn -0.0120 -0.0034 -0.9999
vn -0.0226 -0.0031 -0.9997
vn -0.6855 -0.1910 -0.7026
vn -0.7106 -0.0958 -0.6970
vn -0.9192 -0.3938 -0.0000
vn -0.8537 -0.5208 -0.0000
vn -0.6046 -0.3689 0.7060
vn -0.6558 -0.2810 0.7007
vn -0.0122 -0.0075 0.9999
vn -0.0194 -0.0083 0.9998
vn 0.5920 0.3612 0.7204
vn 0.6360 0.2725 0.7220
vn 0.7565 0.4617 0.4632
vn 0.8199 0.3512 0.4522
vn 0.8198 0.3513 0.4522
vn 0.5920 0.3612 -0.7204
vn 0.6360 0.2725 -0.7220
vn -0.0122 -0.0075 -0.9999
vn -0.0194 -0.0083 -0.9998
vn -0.6046 -0.3689 -0.7060
vn -0.6558 -0.2810 -0.7007
vn -0.7759 -0.6309 -0.0000
vn -0.6740 -0.7387 -0.0000
vn -0.4742 -0.5199 0.7105
vn -0.5488 -0.4463 0.7069
vn -0.0113 -0.0125 0.9999
vn -0.0142 -0.0116 0.9998
vn 0.4623 0.5068 0.7276
vn 0.5340 0.4342 0.7255
vn 0.5963 0.6538 0.4658
vn 0.6886 0.5600 0.4607
vn 0.6885 0.5600 0.4608
vn 0.4623 0.5068 -0.7276
vn 0.5340 0.4342 -0.7255
vn -0.0113 -0.0125 -0.9999
vn -0.0142 -0.0116 -0.9998
vn -0.4742 -0.5199 -0.7105
vn -0.5488 -0.4463 -0.7069
vn -0.5649 -0.8252 -0.0000
vn -0.4332 -0.9013 -0.0000
vn -0.3029 -0.6303 0.7148
vn -0.3956 -0.5779 0.7138
vn -0.0081 -0.0171 0.9998
vn -0.0087 -0.0127 0.9999
vn 0.2941 0.6119 0.7342
vn 0.3864 0.5645 0.7294
vn 0.3827 0.7964 0.4683
vn 0.4984 0.7282 0.4704
vn 0.4984 0.7282 0.4705
vn 0.3826 0.7964 0.4684
vn 0.2941 0.6119 -0.7342
vn 0.3864 0.5645 -0.7294
vn -0.0081 -0.0171 -0.9998
vn -0.0087 -0.0127 -0.9999
vn -0.3029 -0.6303 -0.7148
vn -0.3956 -0.5779 -0.7138
vn -0.2984 -0.9544 -0.0000
vn -0.1496 -0.9887 -0.0000
vn -0.1042 -0.6888 0.7174
vn -0.2073 -0.6632 0.7192
vn -0.0030 -0.0200 0.9998
vn -0.0039 -0.0125 0.9999
vn 0.1009 0.6670 0.7382
vn 0.2031 0.6496 0.7326
vn 0.1320 0.8728 0.4699
vn 0.2621 0.8383 0.4780
vn 0.2620 0.8383 0.4781
vn 0.1320 0.8728 0.4700
vn 0.1009 0.6670 -0.7382
vn 0.2031 0.6496 -0.7326
vn -0.0030 -0.0200 -0.9998
vn -0.0039 -0.0125 -0.9999
vn -0.1042 -0.6888 -0.7174
vn -0.2073 -0.6632 -0.7192
vn -0.0000 -1.0000 -0.0000
vn 0.1496 -0.9887 -0.0000
vn 0.1042 -0.6888 0.7174
vn -0.0000 -0.6927 0.7212
vn 0.0030 -0.0200 0.9998
vn -0.0000 -0.0123 0.9999
vn -0.1009 0.6670 0.7382
vn -0.0000 0.6793 0.7338
vn -0.1320 0.8728 0.4699
vn -0.0000 0.8768 0.4809
vn -0.0000 0.8767 0.4810
vn -0.1320 0.8728 0.4700
vn -0.1009 0.6670 -0.7382
vn -0.0000 0.6793 -0.7338
vn 0.0030 -0.0200 -0.9998
vn -0.0000 -0.0123 -0.9999
vn 0.1042 -0.6888 -0.7174
vn -0.0000 -0.6927 -0.7212
vn 0.2984 -0.9544 -0.0000
vn 0.4332 -0.9013 -0.0000
vn 0.3029 -0.6303 0.7148
vn 0.2073 -0.6632 0.7192
vn 0.0081 -0.0171 0.9998
vn 0.0039 -0.0125 0.9999
vn -0.2941 0.6119 0.7342
vn -0.2031 0.6496 0.7326
vn -0.3827 0.7964 0.4683
vn -0.2621 0.8383 0.4780
vn -0.2621 0.8383 0.4781
vn -0.3826 0.7964 0.4684
vn -0.2941 0.6119 -0.7342
vn -0.2031 0.6496 -0.7326
vn 0.0081 -0.0171 -0.9998
vn 0.0039 -0.0125 -0.9999
vn 0.3029 -0.6303 -0.7148
vn 0.2073 -0.6632 -0.7192
vn 0.5649 -0.8252 -0.0000
vn 0.6740 -0.7387 -0.0000
vn 0.4742 -0.5199 0.7105
vn 0.3956 -0.5779 0.7138
vn 0.0113 -0.0125 0.9999
vn 0.0087 -0.0127 0.9999
vn -0.4623 0.5068 0.7276
vn -0.3864 0.5645 0.7294
vn -0.5963 0.6538 0.4658
vn -0.4984 0.7282 0.4704
vn -0.4984 0.7282 0.4705
vn -0.4623 0.5068 -0.7276
vn -0.3864 0.5645 -0.7294
vn 0.0113 -0.0125 -0.9999
vn 0.0087 -0.0127 -0.9999
vn 0.4742 -0.5199 -0.7105
vn 0.3956 -0.5779 -0.7138
vn 0.7759 -0.6309 -0.0000
vn 0.8537 -0.5208 -0.0000
vn 0.6046 -0.3689 0.7060
vn 0.5488 -0.4463 0.7069
vn 0.0122 -0.0075 0.9999
vn 0.0142 -0.0116 0.9998
vn -0.5920 0.3612 0.7204
vn -0.5340 0.4342 0.7255
vn -0.7565 0.4617 0.4632
vn -0.6886 0.5600 0.4607
vn -0.6886 0.5599 0.4608
vn -0.7565 0.4616 0.4632
vn -0.5920 0.3612 -0.7204
vn -0.5340 0.4342 -0.7255
vn 0.0122 -0.0075 -0.9999
vn 0.0142 -0.0116 -0.9998
vn 0.6046 -0.3689 -0.7060
vn 0.5488 -0.4463 -0.7069
vn 0.9192 -0.3938 -0.0000
vn 0.9633 -0.2684 -0.0000
vn 0.6855 -0.1910 0.7026
vn 0.6558 -0.2810 0.7007
vn 0.0120 -0.0034 0.9999
vn 0.0194 -0.0083 0.9998
vn -0.6735 0.1877 0.7150
vn -0.6360 0.2725 0.7220
vn -0.8547 0.2382 0.4613
vn -0.8199 0.3512 0.4522
vn -0.8546 0.2381 0.4614
vn -0.6735 0.1877 -0.7150
vn -0.6360 0.2725 -0.7220
vn 0.0120 -0.0034 -0.9999
vn 0.0194 -0.0083 -0.9998
vn 0.6855 -0.1910 -0.7026
vn 0.6558 -0.2810 -0.7007
vn 0.9910 -0.1336 -0.0000
vn 1.0000 -0.0000 -0.0000
vn 0.7129 -0.0000 0.7013
vn 0.7106 -0.0958 0.6970
vn 0.0117 -0.0000 0.9999
vn 0.0226 -0.0031 0.9997
vn -0.7012 -0.0000 0.7130
vn -0.6878 0.0927 0.7200
vn -0.8876 -0.0000 0.4607
vn -0.8864 0.1195 0.4472
vn -0.8875 -0.0000 0.4608
vn -0.7012 -0.0000 -0.7130
vn -0.6878 0.0927 -0.7200
vn 0.0117 -0.0000 -0.9999
vn 0.0226 -0.0031 -0.9997
vn 0.7129 -0.0000 -0.7013
vn 0.7106 -0.0958 -0.6970
vn -0.0000 -0.0000 1.0000
vt 0.568182 0.500000
vt 0.590909 0.500000
vt 0.590909 0.625000
vt 0.568182 0.625000
vt 0.590909 0.750000
vt 0.568182 0.750000
vt 0.590909 0.875000
vt 0.568182 0.875000
vt 0.590909 1.000000
vt 0.568182 1.000000
vt 0.568182 0.000000
vt 0.590909 0.000000
vt 0.590909 0.125000
vt 0.568182 0.125000
vt 0.590909 0.250000
vt 0.568182 0.250000
vt 0.590909 0.375000
vt 0.568182 0.375000
vt 0.613403 0.500000
vt 0.636364 0.500000
vt 0.636364 0.625000
vt 0.613403 0.625000
vt 0.636364 0.750000
vt 0.613403 0.750000
vt 0.636364 0.875000
vt 0.613403 0.875000
vt 0.636364 1.000000
vt 0.613403 1.000000
vt 0.613403 0.000000
vt 0.636364 0.000000
vt 0.636364 0.125000
vt 0.613403 0.125000
vt 0.636364 0.250000
vt 0.613403 0.250000
vt 0.636364 0.375000
vt 0.613403 0.375000
vt 0.659091 0.500000
vt 0.681818 0.500000
vt 0.681818 0.625000
vt 0.659091 0.625000
vt 0.681818 0.750000
vt 0.659091 0.750000
vt 0.681818 0.875000
vt 0.659091 0.875000
vt 0.681818 1.000000
vt 0.659091 1.000000
vt 0.659091 0.000000
vt 0.681818 0.000000
vt 0.681818 0.125000
vt 0.659091 0.125000
vt 0.681818 0.250000
vt 0.659091 0.250000
vt 0.681818 0.375000
vt 0.659091 0.375000
vt 0.704545 0.500000
vt 0.727273 0.500000
vt 0.727273 0.625000
vt 0.704546 0.625000
vt 0.727273 0.750000
vt 0.704545 0.750000
vt 0.727273 0.875000
vt 0.704545 0.875000
vt 0.727273 1.000000
vt 0.704545 1.000000
vt 0.704545 0.000000
vt 0.727273 0.000000
vt 0.727273 0.125000
vt 0.704545 0.125000
vt 0.727273 0.250000
vt 0.704545 0.250000
vt 0.727273 0.375000
vt 0.704545 0.375000
vt 0.750000 0.500000
vt 0.772727 0.500000
vt 0.772727 0.625000
vt 0.750000 0.625000
vt 0.772727 0.750000
vt 0.750000 0.750000
vt 0.772727 0.875000
vt 0.750000 0.875000
vt 0.772727 1.000000
vt 0.750000 1.000000
vt 0.750000 0.000000
vt 0.772727 0.000000
vt 0.772727 0.125000
vt 0.750000 0.125000
vt 0.772727 0.250000
vt 0.750000 0.250000
vt 0.772727 0.375000
vt 0.750000 0.375000
vt 0.795455 0.500000
vt 0.818182 0.500000
vt 0.818182 0.625000
vt 0.795455 0.625000
vt 0.818182 0.750000
vt 0.795455 0.750000
vt 0.818182 0.875000
vt 0.795455 0.875000
vt 0.818182 1.000000
vt 0.795454 1.000000
vt 0.795454 0.000000
vt 0.818182 0.000000
vt 0.818182 0.125000
vt 0.795455 0.125000
vt 0.818182 0.250000
vt 0.795454 0.250000
vt 0.818182 0.375000
vt 0.795455 0.375000
vt 0.840909 0.500000
vt 0.863636 0.500000
vt 0.863636 0.625000
vt 0.840909 0.625000
vt 0.863636 0.750000
vt 0.840909 0.750000
vt 0.863636 0.875000
vt 0.840909 0.875000
vt 0.863636 1.000000
vt 0.840909 1.000000
vt 0.840909 0.000000
vt 0.863636 0.000000
vt 0.863636 0.125000
vt 0.840909 0.125000
vt 0.863636 0.250000
vt 0.840909 0.250000
vt 0.863636 0.375000
vt 0.840909 0.375000
vt 0.886364 0.500000
vt 0.909091 0.500000
vt 0.909091 0.625000
vt 0.886364 0.625000
vt 0.909091 0.750000
vt 0.886364 0.750000
vt 0.909091 0.875000
vt 0.886364 0.875000
vt 0.909091 1.000000
vt 0.886364 1.000000
vt 0.886364 0.000000
vt 0.909091 0.000000
vt 0.909091 0.125000
vt 0.886364 0.125000
vt 0.909091 0.250000
vt 0.886364 0.250000
vt 0.909091 0.375000
vt 0.886364 0.375000
vt 0.931818 0.500000
vt 0.954545 0.500000
vt 0.954545 0.625000
vt 0.931818 0.625000
vt 0.954545 0.750000
vt 0.931818 0.750000
vt 0.954545 0.875000
vt 0.931818 0.875000
vt 0.954545 1.000000
vt 0.931818 1.000000
vt 0.931818 0.000000
vt 0.954545 0.000000
vt 0.954545 0.125000
vt 0.931818 0.125000
vt 0.954545 0.250000
vt 0.931818 0.250000
vt 0.954545 0.375000
vt 0.931818 0.375000
vt 0.977273 0.500000
vt 1.000000 0.500000
vt 1.000000 0.625000
vt 0.977273 0.625000
vt 1.000000 0.750000
vt 0.977273 0.750000
vt 1.000000 0.875000
vt 0.977273 0.875000
vt 1.000000 1.000000
vt 0.977273 1.000000
vt 0.977273 0.000000
vt 1.000000 0.000000
vt 1.000000 0.125000
vt 0.977273 0.125000
vt 1.000000 0.250000
vt 0.977273 0.250000
vt 1.000000 0.375000
vt 0.977273 0.375000
vt 0.022727 0.500000
vt 0.045455 0.500000
vt 0.045455 0.625000
vt 0.022727 0.625000
vt 0.045455 0.750000
vt 0.022727 0.750000
vt 0.045455 0.875000
vt 0.022727 0.875000
vt 0.045455 1.000000
vt 0.022727 1.000000
vt 0.022727 0.000000
vt 0.045455 0.000000
vt 0.045455 0.125000
vt 0.022727 0.125000
vt 0.045455 0.250000
vt 0.022727 0.250000
vt 0.045455 0.375000
vt 0.022727 0.375000
vt 0.068182 0.500000
vt 0.090909 0.500000
vt 0.090909 0.625000
vt 0.068182 0.625000
vt 0.090909 0.750000
vt 0.068182 0.750000
vt 0.090909 0.875000
vt 0.068182 0.875000
vt 0.090909 1.000000
vt 0.068182 1.000000
vt 0.068182 0.000000
vt 0.090909 0.000000
vt 0.090909 0.125000
vt 0.068182 0.125000
vt 0.090909 0.250000
vt 0.068182 0.250000
vt 0.090909 0.375000
vt 0.068182 0.375000
vt 0.113636 0.500000
vt 0.136364 0.500000
vt 0.136364 0.625000
vt 0.113636 0.625000
vt 0.136364 0.750000
vt 0.113636 0.750000
vt 0.136364 0.875000
vt 0.113636 0.875000
vt 0.136364 1.000000
vt 0.113636 1.000000
vt 0.113636 0.000000
vt 0.136364 0.000000
vt 0.136364 0.125000
vt 0.113636 0.125000
vt 0.136364 0.250000
vt 0.113636 0.250000
vt 0.136364 0.375000
vt 0.113636 0.375000
vt 0.159091 0.500000
vt 0.181818 0.500000
vt 0.181818 0.625000
vt 0.159091 0.625000
vt 0.181818 0.750000
vt 0.159091 0.750000
vt 0.181818 0.875000
vt 0.159091 0.875000
vt 0.181818 1.000000
vt 0.159091 1.000000
vt 0.159091 0.000000
vt 0.181818 0.000000
vt 0.181818 0.125000
vt 0.159091 0.125000
vt 0.181818 0.250000
vt 0.159091 0.250000
vt 0.181818 0.375000
vt 0.159091 0.375000
vt 0.204545 0.500000
vt 0.227273 0.500000
vt 0.227273 0.625000
vt 0.204545 0.625000
vt 0.227273 0.750000
vt 0.204545 0.750000
vt 0.227273 0.875000
vt 0.204545 0.875000
vt 0.227273 1.000000
vt 0.204545 1.000000
vt 0.204545 0.000000
vt 0.227273 0.000000
vt 0.227273 0.125000
vt 0.204545 0.125000
vt 0.227273 0.250000
vt 0.204545 0.250000
vt 0.227273 0.375000
vt 0.204545 0.375000
vt 0.250000 0.500000
vt 0.272727 0.500000
vt 0.272727 0.625000
vt 0.250000 0.625000
vt 0.272727 0.750000
vt 0.250000 0.750000
vt 0.272727 0.875000
vt 0.250000 0.875000
vt 0.272727 1.000000
vt 0.250000 1.000000
vt 0.250000 0.000000
vt 0.272727 0.000000
vt 0.272727 0.125000
vt 0.250000 0.125000
vt 0.272727 0.250000
vt 0.250000 0.250000
vt 0.272727 0.375000
vt 0.250000 0.375000
vt 0.295455 0.500000
vt 0.318182 0.500000
vt 0.318182 0.625000
vt 0.295455 0.625000
vt 0.318182 0.750000
vt 0.295455 0.750000
vt 0.318182 0.875000
vt 0.295455 0.875000
vt 0.318182 1.000000
vt 0.295455 1.000000
vt 0.295455 0.000000
vt 0.318182 0.000000
vt 0.318182 0.125000
vt 0.295455 0.125000
vt 0.318182 0.250000
vt 0.295455 0.250000
vt 0.318182 0.375000
vt 0.295455 0.375000
vt 0.340909 0.500000
vt 0.363636 0.500000
vt 0.363636 0.625000
vt 0.340909 0.625000
vt 0.363636 0.750000
vt 0.340909 0.750000
vt 0.363636 0.875000
vt 0.340909 0.875000
vt 0.363636 1.000000
vt 0.340909 1.000000
vt 0.340909 0.000000
vt 0.363636 0.000000
vt 0.363636 0.125000
vt 0.340909 0.125000
vt 0.363636 0.250000
vt 0.340909 0.250000
vt 0.363636 0.375000
vt 0.340909 0.375000
vt 0.386364 0.500000
vt 0.409091 0.500000
vt 0.409091 0.625000
vt 0.386364 0.625000
vt 0.409091 0.750000
vt 0.386364 0.750000
vt 0.409091 0.875000
vt 0.386364 0.875000
vt 0.409091 1.000000
vt 0.386364 1.000000
vt 0.386364 0.000000
vt 0.409091 0.000000
vt 0.409091 0.125000
vt 0.386364 0.125000
vt 0.409091 0.250000
vt 0.386364 0.250000
vt 0.409091 0.375000
vt 0.386364 0.375000
vt 0.431818 0.500000
vt 0.454545 0.500000
vt 0.454545 0.625000
vt 0.431818 0.625000
vt 0.454545 0.750000
vt 0.431818 0.750000
vt 0.454545 0.875000
vt 0.431818 0.875000
vt 0.454545 1.000000
vt 0.431818 1.000000
vt 0.431818 0.000000
vt 0.454545 0.000000
vt 0.454545 0.125000
vt 0.431818 0.125000
vt 0.454545 0.250000
vt 0.431818 0.250000
vt 0.454545 0.375000
vt 0.431818 0.375000
vt 0.477273 0.500000
vt 0.500000 0.500000
vt 0.500000 0.625000
vt 0.477273 0.625000
vt 0.500000 0.750000
vt 0.477273 0.750000
vt 0.500000 0.875000
vt 0.477273 0.875000
vt 0.500000 1.000000
vt 0.477273 1.000000
vt 0.477273 0.000000
vt 0.500000 0.000000
vt 0.500000 0.125000
vt 0.477273 0.125000
vt 0.500000 0.250000
vt 0.477273 0.250000
vt 0.500000 0.375000
vt 0.477273 0.375000
vt 0.522727 0.500000
vt 0.545455 0.500000
vt 0.545455 0.625000
vt 0.522727 0.625000
vt 0.545455 0.750000
vt 0.522727 0.750000
vt 0.545455 0.875000
vt 0.522727 0.875000
vt 0.545455 1.000000
vt 0.522727 1.000000
vt 0.522727 0.000000
vt 0.545455 0.000000
vt 0.545455 0.125000
vt 0.522727 0.125000
vt 0.545455 0.250000
vt 0.522727 0.250000
vt 0.545455 0.375000
vt 0.522727 0.375000
vt -0.000000 0.375000
vt -0.000000 0.500000
vt -0.000000 0.250000
vt -0.000000 0.125000
vt -0.000000 0.000000
vt -0.000000 0.875000
vt -0.000000 1.000000
vt -0.000000 0.750000
vt -0.000000 0.625000
vt 0.000000 0.000000
s 1
usemtl Зубы
f 894/1548/1172 1154/1548/1172 1155/1548/1172 995/1548/1172 870/1548/1172 987/1548/1172 878/1548/1172 979/1548/1172 886/1548/1172 1147/1548/1172
usemtl Глаза_обрамление
f 1050/1143/786 810/1144/787 811/1145/788 1052/1146/789
f 1052/1146/789 811/1145/788 812/1147/790 1054/1148/791
f 1054/1148/791 812/1147/790 813/1149/792 1056/1150/793
f 1056/1150/793 813/1149/792 814/1151/794 1051/1152/795
f 1051/1153/796 814/1154/797 815/1155/798 1053/1156/799
f 1053/1156/799 815/1155/798 816/1157/800 1055/1158/801
f 1055/1158/801 816/1157/800 817/1159/802 1057/1160/803
f 1057/1160/803 817/1159/802 810/1144/787 1050/1143/786
f 1042/1161/804 818/1162/805 819/1163/806 1044/1164/807
f 1044/1164/807 819/1163/806 820/1165/808 1046/1166/809
f 1046/1166/809 820/1165/808 821/1167/810 1048/1168/811
f 1048/1168/811 821/1167/810 822/1169/812 1043/1170/813
f 1043/1171/814 822/1172/815 823/1173/816 1045/1174/817
f 1045/1174/817 823/1173/816 824/1175/818 1047/1176/819
f 1047/1176/819 824/1175/818 825/1177/820 1049/1178/821
f 1049/1178/821 825/1177/820 818/1162/805 1042/1161/804
f 1034/1179/822 826/1180/823 827/1181/824 1036/1182/825
f 1036/1182/825 827/1181/824 828/1183/826 1038/1184/827
f 1038/1184/827 828/1183/826 829/1185/828 1040/1186/829
f 1040/1186/829 829/1185/828 830/1187/830 1035/1188/831
f 1035/1189/832 830/1190/830 831/1191/833 1037/1192/834
f 1037/1192/834 831/1191/833 832/1193/835 1039/1194/836
f 1039/1194/836 832/1193/835 833/1195/837 1041/1196/838
f 1041/1196/838 833/1195/837 826/1180/823 1034/1179/822
f 1026/1197/839 834/1198/840 835/1199/841 1028/1200/842
f 1028/1200/842 835/1199/841 836/1201/843 1030/1202/844
f 1030/1202/844 836/1201/843 837/1203/845 1032/1204/846
f 1032/1204/846 837/1203/845 838/1205/847 1027/1206/848
f 1027/1207/849 838/1208/850 839/1209/851 1029/1210/852
f 1029/1210/852 839/1209/851 840/1211/853 1031/1212/854
f 1031/1212/854 840/1211/853 841/1213/855 1033/1214/856
f 1033/1214/856 841/1213/855 834/1198/840 1026/1197/839
f 1018/1215/857 842/1216/858 843/1217/859 1020/1218/860
f 1020/1218/860 843/1217/859 844/1219/861 1022/1220/862
f 1022/1220/862 844/1219/861 845/1221/863 1024/1222/864
f 1024/1222/864 845/1221/863 846/1223/865 1019/1224/866
f 1019/1225/867 846/1226/868 847/1227/869 1021/1228/870
f 1021/1228/870 847/1227/869 848/1229/871 1023/1230/872
f 1023/1230/872 848/1229/871 849/1231/873 1025/1232/874
f 1025/1232/874 849/1231/873 842/1216/858 1018/1215/857
f 1010/1233/875 850/1234/876 851/1235/877 1012/1236/878
f 1012/1236/878 851/1235/877 852/1237/879 1014/1238/880
f 1014/1238/880 852/1237/879 853/1239/881 1016/1240/882
f 1016/1240/882 853/1239/881 854/1241/883 1011/1242/884
f 1011/1243/885 854/1244/886 855/1245/887 1013/1246/888
f 1013/1246/888 855/1245/887 856/1247/889 1015/1248/890
f 1015/1248/890 856/1247/889 857/1249/891 1017/1250/892
f 1017/1250/892 857/1249/891 850/1234/876 1010/1233/875
f 1002/1251/893 858/1252/894 859/1253/895 1004/1254/896
f 1004/1254/896 859/1253/895 860/1255/897 1006/1256/898
f 1006/1256/898 860/1255/897 861/1257/899 1008/1258/900
f 1008/1258/900 861/1257/899 862/1259/901 1003/1260/902
f 1003/1261/903 862/1262/904 863/1263/905 1005/1264/906
f 1005/1264/906 863/1263/905 864/1265/907 1007/1266/908
f 1007/1266/908 864/1265/907 865/1267/909 1009/1268/910
f 1009/1268/910 865/1267/909 858/1252/894 1002/1251/893
f 994/1269/911 866/1270/912 867/1271/913 996/1272/914
f 996/1272/914 867/1271/913 868/1273/915 998/1274/916
f 998/1274/916 868/1273/915 869/1275/917 1000/1276/918
f 1000/1276/918 869/1275/917 870/1277/919 995/1278/920
f 995/1279/921 870/1280/919 871/1281/922 997/1282/923
f 997/1282/923 871/1281/922 872/1283/924 999/1284/925
f 999/1284/925 872/1283/924 873/1285/926 1001/1286/927
f 1001/1286/927 873/1285/926 866/1270/912 994/1269/911
f 986/1287/928 874/1288/929 875/1289/930 988/1290/931
f 988/1290/931 875/1289/930 876/1291/932 990/1292/933
f 990/1292/933 876/1291/932 877/1293/934 992/1294/935
f 992/1294/935 877/1293/934 878/1295/936 987/1296/937
f 987/1297/938 878/1298/936 879/1299/939 989/1300/940
f 989/1300/940 879/1299/939 880/1301/941 991/1302/942
f 991/1302/942 880/1301/941 881/1303/943 993/1304/944
f 993/1304/944 881/1303/943 874/1288/929 986/1287/928
f 978/1305/945 882/1306/946 883/1307/947 980/1308/948
f 980/1308/948 883/1307/947 884/1309/949 982/1310/950
f 982/1310/950 884/1309/949 885/1311/951 984/1312/952
f 984/1312/952 885/1311/951 886/1313/953 979/1314/954
f 979/1315/954 886/1316/955 887/1317/956 981/1318/957
f 981/1318/957 887/1317/956 888/1319/958 983/1320/959
f 983/1320/959 888/1319/958 889/1321/960 985/1322/961
f 985/1322/961 889/1321/960 882/1306/946 978/1305/945
f 1146/1323/962 890/1324/963 891/1325/964 1148/1326/965
f 1148/1326/965 891/1325/964 892/1327/966 1150/1328/967
f 1150/1328/967 892/1327/966 893/1329/968 1152/1330/969
f 1152/1330/969 893/1329/968 894/1331/970 1147/1332/971
f 1147/1333/971 894/1334/972 895/1335/973 1149/1336/974
f 1149/1336/974 895/1335/973 896/1337/975 1151/1338/976
f 1151/1338/976 896/1337/975 897/1339/977 1153/1340/978
f 1153/1340/978 897/1339/977 890/1324/963 1146/1323/962
f 1138/1341/979 898/1342/980 899/1343/981 1140/1344/982
f 1140/1344/982 899/1343/981 900/1345/983 1142/1346/984
f 1142/1346/984 900/1345/983 901/1347/985 1144/1348/986
f 1144/1348/986 901/1347/985 902/1349/987 1139/1350/988
f 1139/1351/989 902/1352/990 903/1353/991 1141/1354/992
f 1141/1354/992 903/1353/991 904/1355/993 1143/1356/994
f 1143/1356/994 904/1355/993 905/1357/995 1145/1358/996
f 1145/1358/996 905/1357/995 898/1342/980 1138/1341/979
f 1130/1359/997 906/1360/998 907/1361/999 1132/1362/1000
f 1132/1362/1000 907/1361/999 908/1363/1001 1134/1364/1002
f 1134/1364/1002 908/1363/1001 909/1365/1003 1136/1366/1004
f 1136/1366/1004 909/1365/1003 910/1367/1005 1131/1368/1006
f 1131/1369/1007 910/1370/1005 911/1371/1008 1133/1372/1009
f 1133/1372/1009 911/1371/1008 912/1373/1010 1135/1374/1011
f 1135/1374/1011 912/1373/1010 913/1375/1012 1137/1376/1013
f 1137/1376/1013 913/1375/1012 906/1360/998 1130/1359/997
f 1122/1377/1014 914/1378/1015 915/1379/1016 1124/1380/1017
f 1124/1380/1017 915/1379/1016 916/1381/1018 1126/1382/1019
f 1126/1382/1019 916/1381/1018 917/1383/1020 1128/1384/1021
f 1128/1384/1021 917/1383/1020 918/1385/1022 1123/1386/1023
f 1123/1387/1024 918/1388/1022 919/1389/1025 1125/1390/1026
f 1125/1390/1026 919/1389/1025 920/1391/1027 1127/1392/1028
f 1127/1392/1028 920/1391/1027 921/1393/1029 1129/1394/1030
f 1129/1394/1030 921/1393/1029 914/1378/1015 1122/1377/1014
f 1114/1395/1031 922/1396/1032 923/1397/1033 1116/1398/1034
f 1116/1398/1034 923/1397/1033 924/1399/1035 1118/1400/1036
f 1118/1400/1036 924/1399/1035 925/1401/1037 1120/1402/1038
f 1120/1402/1038 925/1401/1037 926/1403/1039 1115/1404/1040
f 1115/1405/1041 926/1406/1042 927/1407/1043 1117/1408/1044
f 1117/1408/1044 927/1407/1043 928/1409/1045 1119/1410/1046
f 1119/1410/1046 928/1409/1045 929/1411/1047 1121/1412/1048
f 1121/1412/1048 929/1411/1047 922/1396/1032 1114/1395/1031
f 1106/1413/1049 930/1414/1050 931/1415/1051 1108/1416/1052
f 1108/1416/1052 931/1415/1051 932/1417/1053 1110/1418/1054
f 1110/1418/1054 932/1417/1053 933/1419/1055 1112/1420/1056
f 1112/1420/1056 933/1419/1055 934/1421/1057 1107/1422/1058
f 1107/1423/1059 934/1424/1060 935/1425/1061 1109/1426/1062
f 1109/1426/1062 935/1425/1061 936/1427/1063 1111/1428/1064
f 1111/1428/1064 936/1427/1063 937/1429/1065 1113/1430/1066
f 1113/1430/1066 937/1429/1065 930/1414/1050 1106/1413/1049
f 1098/1431/1067 938/1432/1068 939/1433/1069 1100/1434/1070
f 1100/1434/1070 939/1433/1069 940/1435/1071 1102/1436/1072
f 1102/1436/1072 940/1435/1071 941/1437/1073 1104/1438/1074
f 1104/1438/1074 941/1437/1073 942/1439/1075 1099/1440/1076
f 1099/1441/1077 942/1442/1078 943/1443/1079 1101/1444/1080
f 1101/1444/1080 943/1443/1079 944/1445/1081 1103/1446/1082
f 1103/1446/1082 944/1445/1081 945/1447/1083 1105/1448/1084
f 1105/1448/1084 945/1447/1083 938/1432/1068 1098/1431/1067
f 1090/1449/1085 946/1450/1086 947/1451/1087 1092/1452/1088
f 1092/1452/1088 947/1451/1087 948/1453/1089 1094/1454/1090
f 1094/1454/1090 948/1453/1089 949/1455/1091 1096/1456/1092
f 1096/1456/1092 949/1455/1091 950/1457/1093 1091/1458/1094
f 1091/1459/1095 950/1460/1096 951/1461/1097 1093/1462/1098
f 1093/1462/1098 951/1461/1097 952/1463/1099 1095/1464/1100
f 1095/1464/1100 952/1463/1099 953/1465/1101 1097/1466/1102
f 1097/1466/1102 953/1465/1101 946/1450/1086 1090/1449/1085
f 1082/1467/1103 954/1468/1104 955/1469/1105 1084/1470/1106
f 1084/1470/1106 955/1469/1105 956/1471/1107 1086/1472/1108
f 1086/1472/1108 956/1471/1107 957/1473/1109 1088/1474/1110
f 1088/1474/1110 957/1473/1109 958/1475/1111 1083/1476/1112
f 1083/1477/1113 958/1478/1111 959/1479/1114 1085/1480/1115
f 1085/1480/1115 959/1479/1114 960/1481/1116 1087/1482/1117
f 1087/1482/1117 960/1481/1116 961/1483/1118 1089/1484/1119
f 1089/1484/1119 961/1483/1118 954/1468/1104 1082/1467/1103
f 1074/1485/1120 962/1486/1121 963/1487/1122 1076/1488/1123
f 1076/1488/1123 963/1487/1122 964/1489/1124 1078/1490/1125
f 1078/1490/1125 964/1489/1124 965/1491/1126 1080/1492/1127
f 1080/1492/1127 965/1491/1126 966/1493/1128 1075/1494/1129
f 1075/1495/1130 966/1496/1131 967/1497/1132 1077/1498/1133
f 1077/1498/1133 967/1497/1132 968/1499/1134 1079/1500/1135
f 1079/1500/1135 968/1499/1134 969/1501/1136 1081/1502/1137
f 1081/1502/1137 969/1501/1136 962/1486/1121 1074/1485/1120
f 1066/1503/1138 970/1504/1139 971/1505/1140 1068/1506/1141
f 1068/1506/1141 971/1505/1140 972/1507/1142 1070/1508/1143
f 1070/1508/1143 972/1507/1142 973/1509/1144 1072/1510/1145
f 1072/1510/1145 973/1509/1144 974/1511/1146 1067/1512/1147
f 1067/1513/1147 974/1514/1148 975/1515/1149 1069/1516/1150
f 1069/1516/1150 975/1515/1149 976/1517/1151 1071/1518/1152
f 1071/1518/1152 976/1517/1151 977/1519/1153 1073/1520/1154
f 1073/1520/1154 977/1519/1153 970/1504/1139 1066/1503/1138
f 1064/1521/1155 802/1522/1156 803/1523/1157 1058/1524/1158
f 1058/1524/1158 803/1523/1157 804/1525/1159 1059/1526/1160
f 1059/1526/1160 804/1525/1159 805/1527/1161 1061/1528/1162
f 1061/1528/1162 805/1527/1161 806/1529/1163 1065/1530/1164
f 1065/1531/1164 806/1532/1165 807/1533/1166 1063/1534/1167
f 1063/1534/1167 807/1533/1166 808/1535/1168 1060/1536/1169
f 1060/1536/1169 808/1535/1168 809/1537/1170 1062/1538/1171
f 1062/1538/1171 809/1537/1170 802/1522/1156 1064/1521/1155
f 881/1303/943 985/1322/961 978/1305/945 874/1288/929
f 880/1301/941 983/1320/959 985/1322/961 881/1303/943
f 879/1299/939 981/1318/957 983/1320/959 880/1301/941
f 878/1298/936 979/1315/954 981/1318/957 879/1299/939
f 877/1293/934 984/1312/952 979/1314/954 878/1295/936
f 876/1291/932 982/1310/950 984/1312/952 877/1293/934
f 875/1289/930 980/1308/948 982/1310/950 876/1291/932
f 874/1288/929 978/1305/945 980/1308/948 875/1289/930
f 873/1285/926 993/1304/944 986/1287/928 866/1270/912
f 872/1283/924 991/1302/942 993/1304/944 873/1285/926
f 871/1281/922 989/1300/940 991/1302/942 872/1283/924
f 870/1280/919 987/1297/938 989/1300/940 871/1281/922
f 869/1275/917 992/1294/935 987/1296/937 870/1277/919
f 868/1273/915 990/1292/933 992/1294/935 869/1275/917
f 867/1271/913 988/1290/931 990/1292/933 868/1273/915
f 866/1270/912 986/1287/928 988/1290/931 867/1271/913
f 865/1267/909 1001/1286/927 994/1269/911 858/1252/894
f 864/1265/907 999/1284/925 1001/1286/927 865/1267/909
f 863/1263/905 997/1282/923 999/1284/925 864/1265/907
f 862/1262/904 995/1279/921 997/1282/923 863/1263/905
f 861/1257/899 1000/1276/918 995/1278/920 862/1259/901
f 860/1255/897 998/1274/916 1000/1276/918 861/1257/899
f 859/1253/895 996/1272/914 998/1274/916 860/1255/897
f 858/1252/894 994/1269/911 996/1272/914 859/1253/895
f 857/1249/891 1009/1268/910 1002/1251/893 850/1234/876
f 856/1247/889 1007/1266/908 1009/1268/910 857/1249/891
f 855/1245/887 1005/1264/906 1007/1266/908 856/1247/889
f 854/1244/886 1003/1261/903 1005/1264/906 855/1245/887
f 853/1239/881 1008/1258/900 1003/1260/902 854/1241/883
f 852/1237/879 1006/1256/898 1008/1258/900 853/1239/881
f 851/1235/877 1004/1254/896 1006/1256/898 852/1237/879
f 850/1234/876 1002/1251/893 1004/1254/896 851/1235/877
f 849/1231/873 1017/1250/892 1010/1233/875 842/1216/858
f 848/1229/871 1015/1248/890 1017/1250/892 849/1231/873
f 847/1227/869 1013/1246/888 1015/1248/890 848/1229/871
f 846/1226/868 1011/1243/885 1013/1246/888 847/1227/869
f 845/1221/863 1016/1240/882 1011/1242/884 846/1223/865
f 844/1219/861 1014/1238/880 1016/1240/882 845/1221/863
f 843/1217/859 1012/1236/878 1014/1238/880 844/1219/861
f 842/1216/858 1010/1233/875 1012/1236/878 843/1217/859
f 841/1213/855 1025/1232/874 1018/1215/857 834/1198/840
f 840/1211/853 1023/1230/872 1025/1232/874 841/1213/855
f 839/1209/851 1021/1228/870 1023/1230/872 840/1211/853
f 838/1208/850 1019/1225/867 1021/1228/870 839/1209/851
f 837/1203/845 1024/1222/864 1019/1224/866 838/1205/847
f 836/1201/843 1022/1220/862 1024/1222/864 837/1203/845
f 835/1199/841 1020/1218/860 1022/1220/862 836/1201/843
f 834/1198/840 1018/1215/857 1020/1218/860 835/1199/841
f 833/1195/837 1033/1214/856 1026/1197/839 826/1180/823
f 832/1193/835 1031/1212/854 1033/1214/856 833/1195/837
f 831/1191/833 1029/1210/852 1031/1212/854 832/1193/835
f 830/1190/830 1027/1207/849 1029/1210/852 831/1191/833
f 829/1185/828 1032/1204/846 1027/1206/848 830/1187/830
f 828/1183/826 1030/1202/844 1032/1204/846 829/1185/828
f 827/1181/824 1028/1200/842 1030/1202/844 828/1183/826
f 826/1180/823 1026/1197/839 1028/1200/842 827/1181/824
f 825/1177/820 1041/1196/838 1034/1179/822 818/1162/805
f 824/1175/818 1039/1194/836 1041/1196/838 825/1177/820
f 823/1173/816 1037/1192/834 1039/1194/836 824/1175/818
f 822/1172/815 1035/1189/832 1037/1192/834 823/1173/816
f 821/1167/810 1040/1186/829 1035/1188/831 822/1169/812
f 820/1165/808 1038/1184/827 1040/1186/829 821/1167/810
f 819/1163/806 1036/1182/825 1038/1184/827 820/1165/808
f 818/1162/805 1034/1179/822 1036/1182/825 819/1163/806
f 817/1159/802 1049/1178/821 1042/1161/804 810/1144/787
f 816/1157/800 1047/1176/819 1049/1178/821 817/1159/802
f 815/1155/798 1045/1174/817 1047/1176/819 816/1157/800
f 814/1154/797 1043/1171/814 1045/1174/817 815/1155/798
f 813/1149/792 1048/1168/811 1043/1170/813 814/1151/794
f 812/1147/790 1046/1166/809 1048/1168/811 813/1149/792
f 811/1145/788 1044/1164/807 1046/1166/809 812/1147/790
f 810/1144/787 1042/1161/804 1044/1164/807 811/1145/788
f 809/1537/1170 1057/1160/803 1050/1143/786 802/1522/1156
f 808/1535/1168 1055/1158/801 1057/1160/803 809/1537/1170
f 807/1533/1166 1053/1156/799 1055/1158/801 808/1535/1168
f 806/1532/1165 1051/1153/796 1053/1156/799 807/1533/1166
f 805/1527/1161 1056/1150/793 1051/1152/795 806/1529/1163
f 804/1525/1159 1054/1148/791 1056/1150/793 805/1527/1161
f 803/1523/1157 1052/1146/789 1054/1148/791 804/1525/1159
f 802/1522/1156 1050/1143/786 1052/1146/789 803/1523/1157
f 977/1519/1153 1062/1538/1171 1064/1521/1155 970/1504/1139
f 976/1517/1151 1060/1536/1169 1062/1538/1171 977/1519/1153
f 975/1515/1149 1063/1534/1167 1060/1536/1169 976/1517/1151
f 974/1514/1148 1065/1531/1164 1063/1534/1167 975/1515/1149
f 973/1509/1144 1061/1528/1162 1065/1530/1164 974/1511/1146
f 972/1507/1142 1059/1526/1160 1061/1528/1162 973/1509/1144
f 971/1505/1140 1058/1524/1158 1059/1526/1160 972/1507/1142
f 970/1504/1139 1064/1521/1155 1058/1524/1158 971/1505/1140
f 969/1501/1136 1073/1520/1154 1066/1503/1138 962/1486/1121
f 968/1499/1134 1071/1518/1152 1073/1520/1154 969/1501/1136
f 967/1497/1132 1069/1516/1150 1071/1518/1152 968/1499/1134
f 966/1496/1131 1067/1513/1147 1069/1516/1150 967/1497/1132
f 965/1491/1126 1072/1510/1145 1067/1512/1147 966/1493/1128
f 964/1489/1124 1070/1508/1143 1072/1510/1145 965/1491/1126
f 963/1487/1122 1068/1506/1141 1070/1508/1143 964/1489/1124
f 962/1486/1121 1066/1503/1138 1068/1506/1141 963/1487/1122
f 961/1483/1118 1081/1502/1137 1074/1485/1120 954/1468/1104
f 960/1481/1116 1079/1500/1135 1081/1502/1137 961/1483/1118
f 959/1479/1114 1077/1498/1133 1079/1500/1135 960/1481/1116
f 958/1478/1111 1075/1495/1130 1077/1498/1133 959/1479/1114
f 957/1473/1109 1080/1492/1127 1075/1494/1129 958/1475/1111
f 956/1471/1107 1078/1490/1125 1080/1492/1127 957/1473/1109
f 955/1469/1105 1076/1488/1123 1078/1490/1125 956/1471/1107
f 954/1468/1104 1074/1485/1120 1076/1488/1123 955/1469/1105
f 953/1465/1101 1089/1484/1119 1082/1467/1103 946/1450/1086
f 952/1463/1099 1087/1482/1117 1089/1484/1119 953/1465/1101
f 951/1461/1097 1085/1480/1115 1087/1482/1117 952/1463/1099
f 950/1460/1096 1083/1477/1113 1085/1480/1115 951/1461/1097
f 949/1455/1091 1088/1474/1110 1083/1476/1112 950/1457/1093
f 948/1453/1089 1086/1472/1108 1088/1474/1110 949/1455/1091
f 947/1451/1087 1084/1470/1106 1086/1472/1108 948/1453/1089
f 946/1450/1086 1082/1467/1103 1084/1470/1106 947/1451/1087
f 945/1447/1083 1097/1466/1102 1090/1449/1085 938/1432/1068
f 944/1445/1081 1095/1464/1100 1097/1466/1102 945/1447/1083
f 943/1443/1079 1093/1462/1098 1095/1464/1100 944/1445/1081
f 942/1442/1078 1091/1459/1095 1093/1462/1098 943/1443/1079
f 941/1437/1073 1096/1456/1092 1091/1458/1094 942/1439/1075
f 940/1435/1071 1094/1454/1090 1096/1456/1092 941/1437/1073
f 939/1433/1069 1092/1452/1088 1094/1454/1090 940/1435/1071
f 938/1432/1068 1090/1449/1085 1092/1452/1088 939/1433/1069
f 937/1429/1065 1105/1448/1084 1098/1431/1067 930/1414/1050
f 936/1427/1063 1103/1446/1082 1105/1448/1084 937/1429/1065
f 935/1425/1061 1101/1444/1080 1103/1446/1082 936/1427/1063
f 934/1424/1060 1099/1441/1077 1101/1444/1080 935/1425/1061
f 933/1419/1055 1104/1438/1074 1099/1440/1076 934/1421/1057
f 932/1417/1053 1102/1436/1072 1104/1438/1074 933/1419/1055
f 931/1415/1051 1100/1434/1070 1102/1436/1072 932/1417/1053
f 930/1414/1050 1098/1431/1067 1100/1434/1070 931/1415/1051
f 929/1411/1047 1113/1430/1066 1106/1413/1049 922/1396/1032
f 928/1409/1045 1111/1428/1064 1113/1430/1066 929/1411/1047
f 927/1407/1043 1109/1426/1062 1111/1428/1064 928/1409/1045
f 926/1406/1042 1107/1423/1059 1109/1426/1062 927/1407/1043
f 925/1401/1037 1112/1420/1056 1107/1422/1058 926/1403/1039
f 924/1399/1035 1110/1418/1054 1112/1420/1056 925/1401/1037
f 923/1397/1033 1108/1416/1052 1110/1418/1054 924/1399/1035
f 922/1396/1032 1106/1413/1049 1108/1416/1052 923/1397/1033
f 921/1393/1029 1121/1412/1048 1114/1395/1031 914/1378/1015
f 920/1391/1027 1119/1410/1046 1121/1412/1048 921/1393/1029
f 919/1389/1025 1117/1408/1044 1119/1410/1046 920/1391/1027
f 918/1388/1022 1115/1405/1041 1117/1408/1044 919/1389/1025
f 917/1383/1020 1120/1402/1038 1115/1404/1040 918/1385/1022
f 916/1381/1018 1118/1400/1036 1120/1402/1038 917/1383/1020
f 915/1379/1016 1116/1398/1034 1118/1400/1036 916/1381/1018
f 914/1378/1015 1114/1395/1031 1116/1398/1034 915/1379/1016
f 913/1375/1012 1129/1394/1030 1122/1377/1014 906/1360/998
f 912/1373/1010 1127/1392/1028 1129/1394/1030 913/1375/1012
f 911/1371/1008 1125/1390/1026 1127/1392/1028 912/1373/1010
f 910/1370/1005 1123/1387/1024 1125/1390/1026 911/1371/1008
f 909/1365/1003 1128/1384/1021 1123/1386/1023 910/1367/1005
f 908/1363/1001 1126/1382/1019 1128/1384/1021 909/1365/1003
f 907/1361/999 1124/1380/1017 1126/1382/1019 908/1363/1001
f 906/1360/998 1122/1377/1014 1124/1380/1017 907/1361/999
f 905/1357/995 1137/1376/1013 1130/1359/997 898/1342/980
f 904/1355/993 1135/1374/1011 1137/1376/1013 905/1357/995
f 903/1353/991 1133/1372/1009 1135/1374/1011 904/1355/993
f 902/1352/990 1131/1369/1007 1133/1372/1009 903/1353/991
f 901/1347/985 1136/1366/1004 1131/1368/1006 902/1349/987
f 900/1345/983 1134/1364/1002 1136/1366/1004 901/1347/985
f 899/1343/981 1132/1362/1000 1134/1364/1002 900/1345/983
f 898/1342/980 1130/1359/997 1132/1362/1000 899/1343/981
f 897/1339/977 1145/1358/996 1138/1341/979 890/1324/963
f 896/1337/975 1143/1356/994 1145/1358/996 897/1339/977
f 895/1335/973 1141/1354/992 1143/1356/994 896/1337/975
f 894/1334/972 1139/1351/989 1141/1354/992 895/1335/973
f 893/1329/968 1144/1348/986 1139/1350/988 894/1331/970
f 892/1327/966 1142/1346/984 1144/1348/986 893/1329/968
f 891/1325/964 1140/1344/982 1142/1346/984 892/1327/966
f 890/1324/963 1138/1341/979 1140/1344/982 891/1325/964
f 889/1539/960 1153/1340/978 1146/1323/962 882/1540/946
f 888/1541/958 1151/1338/976 1153/1340/978 889/1539/960
f 887/1542/956 1149/1336/974 1151/1338/976 888/1541/958
f 886/1543/955 1147/1333/971 1149/1336/974 887/1542/956
f 885/1544/951 1152/1330/969 1147/1332/971 886/1545/953
f 884/1546/949 1150/1328/967 1152/1330/969 885/1544/951
f 883/1547/947 1148/1326/965 1150/1328/967 884/1546/949
f 882/1540/946 1146/1323/962 1148/1326/965 883/1547/947
usemtl цвет_глаз
f 806/1548/1172 1051/1548/1172 814/1548/1172 1043/1548/1172 822/1548/1172 1035/1548/1172 830/1548/1172 1027/1548/1172 838/1548/1172 1019/1548/1172 846/1548/1172 1011/1548/1172 854/1548/1172 1003/1548/1172 862/1548/1172 995/1548/1172 1155/1548/1172 1154/1548/1172 894/1548/1172 1139/1548/1172 902/1548/1172 1131/1548/1172 910/1548/1172 1123/1548/1172 918/1548/1172 1115/1548/1172 926/1548/1172 1107/1548/1172 934/1548/1172 1099/1548/1172 942/1548/1172 1091/1548/1172 950/1548/1172 1083/1548/1172 958/1548/1172 1075/1548/1172 966/1548/1172 1067/1548/1172 974/1548/1172 1065/1548/1172
o Torus.011
v -1.121594 2.319466 -0.000582
v -1.116334 2.323466 -0.000582
v -1.128695 2.327178 -0.000582
v -1.143559 2.314839 -0.000582
v -1.138119 2.311817 -0.000582
v -1.120837 2.336375 -0.081978
v -1.121031 2.347940 -0.075059
v -1.132521 2.349603 -0.069510
v -1.152790 2.326613 -0.075059
v -1.146306 2.319272 -0.081978
v -1.146416 2.386484 -0.145176
v -1.146173 2.396290 -0.132922
v -1.161614 2.392029 -0.123096
v -1.189983 2.362314 -0.132922
v -1.181548 2.359237 -0.145176
v -1.185474 2.452447 -0.175116
v -1.180989 2.457808 -0.160335
v -1.197284 2.448071 -0.148482
v -1.236723 2.418477 -0.160335
v -1.230169 2.420906 -0.175116
v -1.233801 2.520928 -0.164938
v -1.225237 2.520509 -0.151017
v -1.238261 2.506136 -0.139853
v -1.280971 2.481178 -0.151017
v -1.278496 2.489387 -0.164938
v -1.273865 2.577701 -0.116976
v -1.261920 2.572490 -0.107103
v -1.272232 2.554275 -0.099185
v -1.317654 2.533159 -0.107103
v -1.318560 2.546160 -0.116976
v -1.296488 2.609759 -0.042215
v -1.282634 2.601843 -0.038652
v -1.291414 2.581457 -0.035795
v -1.338368 2.562512 -0.038652
v -1.341183 2.578218 -0.042215
v -1.296488 2.609759 0.042216
v -1.282634 2.601843 0.038653
v -1.291414 2.581457 0.035796
v -1.338368 2.562512 0.038653
v -1.341183 2.578218 0.042216
v -1.273865 2.577701 0.116977
v -1.261920 2.572490 0.107103
v -1.272232 2.554275 0.099186
v -1.317654 2.533159 0.107103
v -1.318560 2.546160 0.116977
v -1.233801 2.520928 0.164939
v -1.225237 2.520509 0.151018
v -1.238261 2.506136 0.139854
v -1.280971 2.481178 0.151018
v -1.278496 2.489387 0.164939
v -1.185474 2.452447 0.175116
v -1.180989 2.457808 0.160336
v -1.197284 2.448071 0.148483
v -1.236723 2.418477 0.160336
v -1.230169 2.420906 0.175116
v -1.146416 2.386484 0.145176
v -1.146173 2.396290 0.132923
v -1.161614 2.392029 0.123097
v -1.189983 2.362314 0.132923
v -1.181548 2.359237 0.145176
v -1.120837 2.336375 0.081979
v -1.121031 2.347940 0.075059
v -1.132521 2.349603 0.069511
v -1.152790 2.326613 0.075059
v -1.146306 2.319272 0.081979
vn 0.7390 -0.6737 -0.0009
vn 0.7334 -0.5668 -0.3753
vn 0.8758 0.4616 0.1412
vn 0.9472 0.3208 0.0005
vn -0.3287 0.8016 0.4994
vn -0.3690 0.9294 0.0024
vn -0.9832 0.1826 0.0014
vn -0.9377 -0.0026 0.3476
vn 0.1751 -0.9092 -0.3777
vn 0.1641 -0.9864 -0.0009
vn 0.6005 -0.2529 -0.7586
vn 0.7616 0.5979 0.2501
vn -0.1949 0.5040 0.8414
vn -0.8235 -0.2237 0.5214
vn 0.0387 -0.6583 -0.7518
vn 0.3560 0.0961 -0.9295
vn 0.7819 0.5473 0.2985
vn 0.0447 0.1605 0.9860
vn -0.6872 -0.4226 0.5910
vn -0.2085 -0.2973 -0.9317
vn 0.0836 0.4675 -0.8800
vn 0.8406 0.4621 0.2825
vn 0.3064 -0.2143 0.9275
vn -0.5341 -0.6356 0.5574
vn -0.4685 0.0779 -0.8800
vn -0.1302 0.7704 -0.6241
vn 0.9092 0.3649 0.2003
vn 0.5317 -0.5335 0.6578
vn -0.3987 -0.8275 0.3953
vn -0.6822 0.3808 -0.6241
vn -0.2509 0.9414 -0.2252
vn 0.9480 0.3100 0.0723
vn 0.6589 -0.7138 0.2374
vn -0.5341 -0.6356 -0.5574
vn -0.3987 -0.8275 -0.3953
vn 0.5317 -0.5335 -0.6578
vn 0.3064 -0.2143 -0.9275
vn -0.3223 -0.9358 0.1427
vn -0.8029 0.5519 -0.2252
vn 0.7335 -0.5673 0.3744
vn 0.6005 -0.2529 0.7586
vn 0.0387 -0.6583 0.7518
vn 0.1755 -0.9095 0.3769
vn -0.2509 0.9414 0.2252
vn 0.9480 0.3100 -0.0723
vn 0.6589 -0.7138 -0.2374
vn -0.3223 -0.9358 -0.1427
vn -0.8029 0.5519 0.2252
vn -0.1302 0.7704 0.6241
vn 0.9092 0.3649 -0.2003
vn -0.6822 0.3808 0.6241
vn 0.0836 0.4675 0.8800
vn 0.8406 0.4621 -0.2825
vn -0.4685 0.0779 0.8800
vn 0.3560 0.0961 0.9295
vn 0.7819 0.5473 -0.2985
vn 0.0447 0.1605 -0.9860
vn -0.6872 -0.4226 -0.5910
vn -0.2085 -0.2973 0.9317
vn 0.7616 0.5979 -0.2501
vn -0.1949 0.5040 -0.8414
vn -0.3292 0.8028 -0.4972
vn -0.9381 -0.0029 -0.3464
vn -0.8235 -0.2237 -0.5214
vn 0.8764 0.4606 -0.1404
vt 0.538462 0.714286
vt 0.615385 0.714286
vt 0.615385 0.857143
vt 0.538462 0.857143
vt 0.615385 1.000000
vt 0.538462 1.000000
vt 0.538462 0.285714
vt 0.615385 0.285714
vt 0.615385 0.428571
vt 0.538462 0.428571
vt 0.692308 0.714286
vt 0.692308 0.857143
vt 0.692308 1.000000
vt 0.692308 0.285714
vt 0.692308 0.428571
vt 0.769231 0.714286
vt 0.769231 0.857143
vt 0.769231 1.000000
vt 0.769231 0.285714
vt 0.769231 0.428571
vt 0.846154 0.714286
vt 0.846154 0.857143
vt 0.846154 1.000000
vt 0.846154 0.285714
vt 0.846154 0.428571
vt 0.923077 0.714286
vt 0.923077 0.857143
vt 0.923077 1.000000
vt 0.923077 0.285714
vt 0.923077 0.428571
vt 1.000000 0.714286
vt 1.000000 0.857143
vt 1.000000 1.000000
vt 0.230769 0.285714
vt 0.153846 0.285714
vt 0.153846 1.000000
vt 0.230769 1.000000
vt 1.000000 0.285714
vt 1.000000 0.428571
vt 0.461538 0.714286
vt 0.384615 0.714286
vt 0.384615 0.428571
vt 0.461538 0.428571
vt -0.000000 0.714286
vt 0.076923 0.714286
vt 0.076923 0.857143
vt -0.000000 0.857143
vt 0.076923 1.000000
vt -0.000000 1.000000
vt -0.000000 0.285714
vt 0.076923 0.285714
vt 0.076923 0.428571
vt -0.000000 0.428571
vt 0.153846 0.714286
vt 0.153846 0.857143
vt 0.153846 0.428571
vt 0.230769 0.714286
vt 0.230769 0.857143
vt 0.230769 0.428571
vt 0.307692 0.714286
vt 0.307692 0.857143
vt 0.307692 1.000000
vt 0.307692 0.285714
vt 0.307692 0.428571
vt 0.384615 0.857143
vt 0.384615 1.000000
vt 0.461538 1.000000
vt 0.461538 0.285714
vt 0.384615 0.285714
vt 0.461538 0.857143
s 1
usemtl Глаза_обрамление
f 1156/1549/1173 1161/1550/1174 1162/1551/1175 1157/1552/1176
f 1157/1552/1176 1162/1551/1175 1163/1553/1177 1158/1554/1178
f 1159/1555/1179 1164/1556/1180 1165/1557/1181 1160/1558/1182
f 1161/1550/1174 1166/1559/1183 1167/1560/1184 1162/1551/1175
f 1162/1551/1175 1167/1560/1184 1168/1561/1185 1163/1553/1177
f 1164/1556/1180 1169/1562/1186 1170/1563/1187 1165/1557/1181
f 1166/1559/1183 1171/1564/1188 1172/1565/1189 1167/1560/1184
f 1167/1560/1184 1172/1565/1189 1173/1566/1190 1168/1561/1185
f 1169/1562/1186 1174/1567/1191 1175/1568/1192 1170/1563/1187
f 1171/1564/1188 1176/1569/1193 1177/1570/1194 1172/1565/1189
f 1172/1565/1189 1177/1570/1194 1178/1571/1195 1173/1566/1190
f 1174/1567/1191 1179/1572/1196 1180/1573/1197 1175/1568/1192
f 1176/1569/1193 1181/1574/1198 1182/1575/1199 1177/1570/1194
f 1177/1570/1194 1182/1575/1199 1183/1576/1200 1178/1571/1195
f 1179/1572/1196 1184/1577/1201 1185/1578/1202 1180/1573/1197
f 1181/1574/1198 1186/1579/1203 1187/1580/1204 1182/1575/1199
f 1182/1575/1199 1187/1580/1204 1188/1581/1205 1183/1576/1200
f 1204/1582/1206 1199/1583/1207 1198/1584/1208 1203/1585/1209
f 1184/1577/1201 1189/1586/1210 1190/1587/1211 1185/1578/1202
f 1216/1588/1212 1211/1589/1213 1215/1590/1214 1220/1591/1215
f 1216/1588/1212 1220/1591/1215 1160/1558/1182 1156/1549/1173
f 1186/1592/1203 1191/1593/1216 1192/1594/1217 1187/1595/1204
f 1187/1595/1204 1192/1594/1217 1193/1596/1218 1188/1597/1205
f 1189/1598/1210 1188/1597/1205 1193/1596/1218 1194/1599/1219
f 1198/1584/1208 1199/1583/1207 1194/1599/1219 1193/1596/1218
f 1189/1598/1210 1194/1599/1219 1195/1600/1220 1190/1601/1211
f 1165/1557/1181 1161/1550/1174 1156/1549/1173 1160/1558/1182
f 1166/1559/1183 1161/1550/1174 1165/1557/1181 1170/1563/1187
f 1191/1593/1216 1196/1602/1221 1197/1603/1222 1192/1594/1217
f 1192/1594/1217 1197/1603/1222 1198/1584/1208 1193/1596/1218
f 1189/1586/1210 1184/1577/1201 1183/1576/1200 1188/1581/1205
f 1184/1577/1201 1179/1572/1196 1178/1571/1195 1183/1576/1200
f 1194/1599/1219 1199/1583/1207 1200/1604/1223 1195/1600/1220
f 1175/1568/1192 1171/1564/1188 1166/1559/1183 1170/1563/1187
f 1176/1569/1193 1171/1564/1188 1175/1568/1192 1180/1573/1197
f 1196/1602/1221 1201/1605/1224 1202/1606/1225 1197/1603/1222
f 1197/1603/1222 1202/1606/1225 1203/1585/1209 1198/1584/1208
f 1173/1566/1190 1174/1567/1191 1169/1562/1186 1168/1561/1185
f 1174/1567/1191 1173/1566/1190 1178/1571/1195 1179/1572/1196
f 1199/1583/1207 1204/1582/1206 1205/1607/1226 1200/1604/1223
f 1176/1569/1193 1180/1573/1197 1185/1578/1202 1181/1574/1198
f 1181/1574/1198 1185/1578/1202 1190/1601/1211 1186/1579/1203
f 1201/1605/1224 1206/1608/1227 1207/1609/1228 1202/1606/1225
f 1202/1606/1225 1207/1609/1228 1208/1610/1229 1203/1585/1209
f 1168/1561/1185 1169/1562/1186 1164/1556/1180 1163/1553/1177
f 1159/1555/1179 1158/1554/1178 1163/1553/1177 1164/1556/1180
f 1204/1582/1206 1209/1611/1230 1210/1612/1231 1205/1607/1226
f 1190/1601/1211 1195/1600/1220 1191/1593/1216 1186/1592/1203
f 1196/1602/1221 1191/1593/1216 1195/1600/1220 1200/1604/1223
f 1206/1608/1227 1211/1589/1213 1212/1613/1232 1207/1609/1228
f 1207/1609/1228 1212/1613/1232 1213/1614/1233 1208/1610/1229
f 1218/1615/1234 1219/1616/1235 1214/1617/1236 1213/1614/1233
f 1159/1555/1179 1219/1616/1235 1218/1615/1234 1158/1554/1178
f 1209/1611/1230 1214/1617/1236 1215/1590/1214 1210/1612/1231
f 1201/1605/1224 1196/1602/1221 1200/1604/1223 1205/1607/1226
f 1215/1590/1214 1211/1589/1213 1206/1608/1227 1210/1612/1231
f 1211/1589/1213 1216/1588/1212 1217/1618/1237 1212/1613/1232
f 1212/1613/1232 1217/1618/1237 1218/1615/1234 1213/1614/1233
f 1209/1611/1230 1208/1610/1229 1213/1614/1233 1214/1617/1236
f 1209/1611/1230 1204/1582/1206 1203/1585/1209 1208/1610/1229
f 1214/1617/1236 1219/1616/1235 1220/1591/1215 1215/1590/1214
f 1210/1612/1231 1206/1608/1227 1201/1605/1224 1205/1607/1226
f 1216/1588/1212 1156/1549/1173 1157/1552/1176 1217/1618/1237
f 1217/1618/1237 1157/1552/1176 1158/1554/1178 1218/1615/1234
f 1219/1616/1235 1159/1555/1179 1160/1558/1182 1220/1591/1215
o Cube.009
v -0.704625 0.181076 0.501088
v -0.704625 0.482941 0.501088
v -0.704625 0.181076 -0.222397
v -0.704625 0.482941 -0.222397
v -0.067151 0.181076 0.501088
v -0.067151 0.482941 0.501088
v -0.067151 0.181076 -0.222397
v -0.067151 0.482941 -0.222397
vn -1.0000 -0.0000 -0.0000
vn -0.0000 -0.0000 -1.0000
vn 1.0000 -0.0000 -0.0000
vn -0.0000 -0.0000 1.0000
vn -0.0000 -1.0000 -0.0000
vn -0.0000 1.0000 -0.0000
vt 0.375000 0.000000
vt 0.625000 0.000000
vt 0.625000 0.250000
vt 0.375000 0.250000
vt 0.625000 0.500000
vt 0.375000 0.500000
vt 0.625000 0.750000
vt 0.375000 0.750000
vt 0.625000 1.000000
vt 0.375000 1.000000
vt 0.125000 0.500000
vt 0.125000 0.750000
vt 0.875000 0.500000
vt 0.875000 0.750000
s 1
usemtl Сталь
f 1221/1619/1238 1222/1620/1238 1224/1621/1238 1223/1622/1238
f 1223/1622/1239 1224/1621/1239 1228/1623/1239 1227/1624/1239
f 1227/1624/1240 1228/1623/1240 1226/1625/1240 1225/1626/1240
f 1225/1626/1241 1226/1625/1241 1222/1627/1241 1221/1628/1241
usemtl Бровь_и_тени
f 1223/1629/1242 1227/1624/1242 1225/1626/1242 1221/1630/1242
f 1228/1623/1243 1224/1631/1243 1222/1632/1243 1226/1625/1243
o Cube.027
v 0.711707 0.482941 0.501088
v 0.711707 0.181075 0.501088
v 0.711707 0.482941 -0.222397
v 0.711707 0.181075 -0.222397
v 0.074232 0.482942 0.501088
v 0.074232 0.181075 0.501088
v 0.074232 0.482942 -0.222397
v 0.074232 0.181076 -0.222397
vn 1.0000 -0.0000 -0.0000
vn -0.0000 -0.0000 -1.0000
vn -1.0000 -0.0000 -0.0000
vn -0.0000 -0.0000 1.0000
vn -0.0000 1.0000 -0.0000
vn -0.0000 -1.0000 -0.0000
vt 0.375000 0.000000
vt 0.625000 0.000000
vt 0.625000 0.250000
vt 0.375000 0.250000
vt 0.625000 0.500000
vt 0.375000 0.500000
vt 0.625000 0.750000
vt 0.375000 0.750000
vt 0.625000 1.000000
vt 0.375000 1.000000
vt 0.125000 0.500000
vt 0.125000 0.750000
vt 0.875000 0.500000
vt 0.875000 0.750000
s 1
usemtl Сталь
f 1229/1633/1244 1230/1634/1244 1232/1635/1244 1231/1636/1244
f 1231/1636/1245 1232/1635/1245 1236/1637/1245 1235/1638/1245
f 1235/1638/1246 1236/1637/1246 1234/1639/1246 1233/1640/1246
f 1233/1640/1247 1234/1639/1247 1230/1641/1247 1229/1642/1247
usemtl Бровь_и_тени
f 1231/1643/1248 1235/1638/1248 1233/1640/1248 1229/1644/1248
f 1236/1637/1249 1232/1645/1249 1230/1646/1249 1234/1639/1249
o Cylinder.015
v 0.352292 0.471367 -0.183654
v 0.352293 1.009251 -0.183654
v 0.482155 0.471367 -0.129863
v 0.482156 1.009251 -0.129863
v 0.535946 0.471367 0.000000
v 0.535947 1.009251 0.000000
v 0.482155 0.471367 0.129863
v 0.482156 1.009251 0.129863
v 0.352292 0.471367 0.183654
v 0.352292 1.009251 0.183655
v 0.222429 0.471367 0.129863
v 0.222429 1.009251 0.129863
v 0.168638 0.471367 -0.000000
v 0.168638 1.009251 0.000000
v 0.222429 0.471367 -0.129863
v 0.222429 1.009251 -0.129863
v 0.283666 0.471367 0.168400
v 0.283666 1.009251 0.168400
v 0.420919 0.471367 0.168400
v 0.420919 1.009251 0.168400
v 0.517971 0.471367 0.069753
v 0.517972 1.009251 0.069754
v 0.517971 0.471367 -0.069753
v 0.517972 1.009251 -0.069753
v 0.420919 0.471367 -0.168400
v 0.420919 1.009251 -0.168399
v 0.283666 0.471367 -0.168400
v 0.283666 1.009251 -0.168399
v 0.186613 0.471367 -0.069753
v 0.186613 1.009251 -0.069753
v 0.186613 0.471367 0.069753
v 0.186613 1.009251 0.069754
vn 0.3237 -0.5253 -0.7869
vn 0.3237 0.5253 -0.7869
vn 0.6145 0.5125 -0.5997
vn 0.6145 -0.5125 -0.5997
vn 0.7820 -0.5314 -0.3258
vn 0.7820 0.5314 -0.3258
vn 0.8605 0.5094 -0.0000
vn 0.8605 -0.5094 -0.0000
vn 0.7820 -0.5314 0.3258
vn 0.7820 0.5314 0.3258
vn 0.6145 0.5125 0.5997
vn 0.6145 -0.5125 0.5997
vn 0.3237 -0.5253 0.7869
vn 0.3237 0.5253 0.7869
vn -0.0000 0.5158 0.8567
vn -0.0000 -0.5158 0.8567
vn -0.3237 -0.5253 0.7869
vn -0.3237 0.5253 0.7869
vn -0.6145 0.5125 0.5997
vn -0.6145 -0.5125 0.5997
vn -0.7820 -0.5314 0.3258
vn -0.7820 0.5314 0.3258
vn -0.8605 0.5094 -0.0000
vn -0.8605 -0.5094 -0.0000
vn -0.0000 0.5158 -0.8567
vn -0.3237 0.5253 -0.7869
vn -0.6145 0.5125 -0.5997
vn -0.7820 0.5314 -0.3258
vn -0.7820 -0.5314 -0.3258
vn -0.6145 -0.5125 -0.5997
vn -0.3237 -0.5253 -0.7869
vn -0.0000 -0.5158 -0.8567
vt 0.937500 0.500000
vt 0.937500 1.000000
vt 0.875000 1.000000
vt 0.875000 0.500000
vt 0.812500 0.500000
vt 0.812500 1.000000
vt 0.750000 1.000000
vt 0.750000 0.500000
vt 0.687500 0.500000
vt 0.687500 1.000000
vt 0.625000 1.000000
vt 0.625000 0.500000
vt 0.562500 0.500000
vt 0.562500 1.000000
vt 0.500000 1.000000
vt 0.500000 0.500000
vt 0.437500 0.500000
vt 0.437500 1.000000
vt 0.375000 1.000000
vt 0.375000 0.500000
vt 0.312500 0.500000
vt 0.312500 1.000000
vt 0.250000 1.000000
vt 0.250000 0.500000
vt 0.419706 0.419706
vt 0.334853 0.454853
vt 0.250000 0.490000
vt 0.165147 0.454853
vt 0.080294 0.419706
vt 0.045147 0.334853
vt 0.010000 0.250000
vt 0.045147 0.165147
vt 0.080294 0.080294
vt 0.165147 0.045147
vt 0.250000 0.010000
vt 0.334853 0.045147
vt 0.419706 0.080294
vt 0.454853 0.165147
vt 0.490000 0.250000
vt 0.454853 0.334853
vt 0.187500 0.500000
vt 0.187500 1.000000
vt 0.125000 1.000000
vt 0.125000 0.500000
vt 0.062500 0.500000
vt 0.062500 1.000000
vt 0.000000 1.000000
vt 0.000000 0.500000
vt 0.750000 0.490000
vt 0.834853 0.454853
vt 0.919706 0.419706
vt 0.954853 0.334853
vt 0.990000 0.250000
vt 0.954853 0.165147
vt 0.919706 0.080294
vt 0.834853 0.045147
vt 0.750000 0.010000
vt 0.665147 0.045147
vt 0.580294 0.080294
vt 0.545147 0.165147
vt 0.510000 0.250000
vt 0.545147 0.334853
vt 0.580294 0.419706
vt 0.665147 0.454853
vt 1.000000 0.500000
vt 1.000000 1.000000
s 1
usemtl Глаза_обрамление
f 1261/1647/1250 1262/1648/1251 1240/1649/1252 1239/1650/1253
f 1259/1651/1254 1260/1652/1255 1242/1653/1256 1241/1654/1257
f 1257/1655/1258 1258/1656/1259 1244/1657/1260 1243/1658/1261
f 1255/1659/1262 1256/1660/1263 1246/1661/1264 1245/1662/1265
f 1253/1663/1266 1254/1664/1267 1248/1665/1268 1247/1666/1269
f 1267/1667/1270 1268/1668/1271 1250/1669/1272 1249/1670/1273
f 1240/1671/1252 1262/1672/1251 1238/1673/1274 1264/1674/1275 1252/1675/1276 1266/1676/1277 1250/1677/1272 1268/1678/1271 1248/1679/1268 1254/1680/1267 1246/1681/1264 1256/1682/1263 1244/1683/1260 1258/1684/1259 1242/1685/1256 1260/1686/1255
f 1265/1687/1278 1266/1688/1277 1252/1689/1276 1251/1690/1279
f 1263/1691/1280 1264/1692/1275 1238/1693/1274 1237/1694/1281
f 1237/1695/1281 1261/1696/1250 1239/1697/1253 1259/1698/1254 1241/1699/1257 1257/1700/1258 1243/1701/1261 1255/1702/1262 1245/1703/1265 1253/1704/1266 1247/1705/1269 1267/1706/1270 1249/1707/1273 1265/1708/1278 1251/1709/1279 1263/1710/1280
f 1245/1662/1265 1246/1661/1264 1254/1664/1267 1253/1663/1266
f 1243/1658/1261 1244/1657/1260 1256/1660/1263 1255/1659/1262
f 1241/1654/1257 1242/1653/1256 1258/1656/1259 1257/1655/1258
f 1239/1650/1253 1240/1649/1252 1260/1652/1255 1259/1651/1254
f 1237/1711/1281 1238/1712/1274 1262/1648/1251 1261/1647/1250
f 1251/1690/1279 1252/1689/1276 1264/1692/1275 1263/1691/1280
f 1249/1670/1273 1250/1669/1272 1266/1688/1277 1265/1687/1278
f 1247/1666/1269 1248/1665/1268 1268/1668/1271 1267/1667/1270
o Torus.015
v 1.206660 2.463500 0.193206
v 1.220257 2.463500 0.183161
v 1.236416 2.463500 0.199723
v 1.234981 2.463500 0.252137
v 1.218468 2.463500 0.248520
v 1.227091 2.548260 0.188844
v 1.238963 2.541106 0.179168
v 1.253739 2.535369 0.196025
v 1.253688 2.541106 0.248143
v 1.238899 2.548260 0.244158
v 1.283704 2.613603 0.176759
v 1.290798 2.600934 0.168102
v 1.301742 2.590774 0.185778
v 1.305523 2.600934 0.237078
v 1.295513 2.613603 0.232073
v 1.363530 2.644559 0.159718
v 1.363887 2.629277 0.152500
v 1.369428 2.617022 0.171328
v 1.378611 2.629277 0.221475
v 1.375338 2.644559 0.215032
v 1.448281 2.634037 0.141625
v 1.441485 2.619643 0.135934
v 1.441289 2.608100 0.155987
v 1.456209 2.619643 0.204910
v 1.460090 2.634037 0.196939
v 1.518543 2.584446 0.126626
v 1.505816 2.574238 0.122201
v 1.500865 2.566052 0.143269
v 1.520540 2.574238 0.191176
v 1.530351 2.584446 0.181940
v 1.558218 2.507148 0.118156
v 1.542142 2.503464 0.114446
v 1.534505 2.500510 0.136088
v 1.556867 2.503464 0.183422
v 1.570026 2.507148 0.173470
v 1.558218 2.419851 0.118156
v 1.542142 2.423535 0.114446
v 1.534505 2.426489 0.136088
v 1.556867 2.423535 0.183422
v 1.570026 2.419851 0.173470
v 1.518543 2.342553 0.126626
v 1.505816 2.352761 0.122201
v 1.500865 2.360947 0.143269
v 1.520540 2.352761 0.191176
v 1.530351 2.342553 0.181940
v 1.448281 2.292962 0.141625
v 1.441485 2.307356 0.135934
v 1.441289 2.318899 0.155987
v 1.456209 2.307356 0.204910
v 1.460090 2.292962 0.196939
v 1.363530 2.282440 0.159718
v 1.363887 2.297722 0.152500
v 1.369428 2.309977 0.171328
v 1.378611 2.297722 0.221475
v 1.375338 2.282440 0.215032
v 1.283704 2.313396 0.176759
v 1.290798 2.326065 0.168102
v 1.301743 2.336225 0.185777
v 1.305523 2.326065 0.237078
v 1.295513 2.313396 0.232073
v 1.227091 2.378739 0.188844
v 1.238963 2.385893 0.179168
v 1.253739 2.391630 0.196025
v 1.253688 2.385893 0.248143
v 1.238899 2.378739 0.244158
vn -0.9910 -0.0000 -0.1339
vn -0.8856 0.4374 -0.1564
vn 0.0626 -0.1404 -0.9881
vn 0.0965 -0.0000 -0.9953
vn 0.8325 -0.4610 -0.3074
vn 0.9436 -0.0000 -0.3311
vn 0.7506 -0.0000 0.6607
vn 0.6838 -0.2770 0.6750
vn -0.7445 0.4374 0.5044
vn -0.8499 -0.0000 0.5269
vn -0.5934 0.7746 -0.2188
vn -0.0312 -0.2486 -0.9681
vn 0.5246 -0.8163 -0.2417
vn 0.4988 -0.4906 0.7145
vn -0.4524 0.7746 0.4420
vn -0.1815 0.9343 -0.3067
vn -0.1634 -0.2999 -0.9399
vn 0.0905 -0.9847 -0.1490
vn 0.2379 -0.5918 0.7702
vn -0.0404 0.9343 0.3541
vn 0.2559 0.8800 -0.4001
vn -0.3038 -0.2825 -0.9099
vn -0.3705 -0.9275 -0.0506
vn -0.0391 -0.5574 0.8293
vn 0.3969 0.8800 0.2607
vn 0.6185 0.6241 -0.4775
vn -0.4202 -0.2003 -0.8850
vn -0.7526 -0.6578 0.0310
vn -0.2687 -0.3953 0.8784
vn 0.7595 0.6241 0.1833
vn 0.8232 0.2252 -0.5212
vn -0.4859 -0.0723 -0.8710
vn -0.9684 -0.2374 0.0770
vn -0.0391 0.5574 0.8293
vn -0.2687 0.3953 0.8784
vn -0.7526 0.6578 0.0310
vn -0.3705 0.9275 -0.0506
vn -0.3984 -0.1427 0.9060
vn 0.9643 0.2252 0.1396
vn -0.8856 -0.4374 -0.1564
vn -0.5934 -0.7746 -0.2188
vn -0.4524 -0.7746 0.4420
vn -0.7445 -0.4374 0.5044
vn 0.8232 -0.2252 -0.5212
vn -0.4859 0.0723 -0.8710
vn -0.9684 0.2374 0.0770
vn -0.3984 0.1427 0.9060
vn 0.9643 -0.2252 0.1396
vn 0.6185 -0.6241 -0.4775
vn -0.4202 0.2003 -0.8850
vn 0.7595 -0.6241 0.1833
vn 0.2559 -0.8800 -0.4001
vn -0.3038 0.2825 -0.9099
vn 0.3969 -0.8800 0.2607
vn -0.1815 -0.9343 -0.3067
vn -0.1634 0.2999 -0.9399
vn 0.0905 0.9847 -0.1490
vn 0.2379 0.5918 0.7702
vn -0.0404 -0.9343 0.3541
vn -0.0312 0.2486 -0.9681
vn 0.5246 0.8163 -0.2417
vn 0.8325 0.4610 -0.3074
vn 0.6838 0.2770 0.6750
vn 0.4988 0.4906 0.7145
vn 0.0626 0.1404 -0.9881
vt 0.538462 0.714286
vt 0.615385 0.714286
vt 0.615385 0.857143
vt 0.538462 0.857143
vt 0.615385 1.000000
vt 0.538462 1.000000
vt 0.538462 0.285714
vt 0.615385 0.285714
vt 0.615385 0.428571
vt 0.538462 0.428571
vt 0.692308 0.714286
vt 0.692308 0.857143
vt 0.692308 1.000000
vt 0.692308 0.285714
vt 0.692308 0.428571
vt 0.769231 0.714286
vt 0.769231 0.857143
vt 0.769231 1.000000
vt 0.769231 0.285714
vt 0.769231 0.428571
vt 0.846154 0.714286
vt 0.846154 0.857143
vt 0.846154 1.000000
vt 0.846154 0.285714
vt 0.846154 0.428571
vt 0.923077 0.714286
vt 0.923077 0.857143
vt 0.923077 1.000000
vt 0.923077 0.285714
vt 0.923077 0.428571
vt 1.000000 0.714286
vt 1.000000 0.857143
vt 1.000000 1.000000
vt 0.230769 0.285714
vt 0.153846 0.285714
vt 0.153846 1.000000
vt 0.230769 1.000000
vt 1.000000 0.285714
vt 1.000000 0.428571
vt 0.461538 0.714286
vt 0.384615 0.714286
vt 0.384615 0.428571
vt 0.461538 0.428571
vt -0.000000 0.714286
vt 0.076923 0.714286
vt 0.076923 0.857143
vt -0.000000 0.857143
vt 0.076923 1.000000
vt -0.000000 1.000000
vt -0.000000 0.285714
vt 0.076923 0.285714
vt 0.076923 0.428571
vt -0.000000 0.428571
vt 0.153846 0.714286
vt 0.153846 0.857143
vt 0.153846 0.428571
vt 0.230769 0.714286
vt 0.230769 0.857143
vt 0.230769 0.428571
vt 0.307692 0.714286
vt 0.307692 0.857143
vt 0.307692 1.000000
vt 0.307692 0.285714
vt 0.307692 0.428571
vt 0.384615 0.857143
vt 0.384615 1.000000
vt 0.461538 1.000000
vt 0.461538 0.285714
vt 0.384615 0.285714
vt 0.461538 0.857143
s 1
usemtl Глаза_обрамление
f 1269/1713/1282 1274/1714/1283 1275/1715/1284 1270/1716/1285
f 1270/1716/1285 1275/1715/1284 1276/1717/1286 1271/1718/1287
f 1272/1719/1288 1277/1720/1289 1278/1721/1290 1273/1722/1291
f 1274/1714/1283 1279/1723/1292 1280/1724/1293 1275/1715/1284
f 1275/1715/1284 1280/1724/1293 1281/1725/1294 1276/1717/1286
f 1277/1720/1289 1282/1726/1295 1283/1727/1296 1278/1721/1290
f 1279/1723/1292 1284/1728/1297 1285/1729/1298 1280/1724/1293
f 1280/1724/1293 1285/1729/1298 1286/1730/1299 1281/1725/1294
f 1282/1726/1295 1287/1731/1300 1288/1732/1301 1283/1727/1296
f 1284/1728/1297 1289/1733/1302 1290/1734/1303 1285/1729/1298
f 1285/1729/1298 1290/1734/1303 1291/1735/1304 1286/1730/1299
f 1287/1731/1300 1292/1736/1305 1293/1737/1306 1288/1732/1301
f 1289/1733/1302 1294/1738/1307 1295/1739/1308 1290/1734/1303
f 1290/1734/1303 1295/1739/1308 1296/1740/1309 1291/1735/1304
f 1292/1736/1305 1297/1741/1310 1298/1742/1311 1293/1737/1306
f 1294/1738/1307 1299/1743/1312 1300/1744/1313 1295/1739/1308
f 1295/1739/1308 1300/1744/1313 1301/1745/1314 1296/1740/1309
f 1317/1746/1315 1312/1747/1316 1311/1748/1317 1316/1749/1318
f 1297/1741/1310 1302/1750/1319 1303/1751/1320 1298/1742/1311
f 1329/1752/1321 1324/1753/1322 1328/1754/1323 1333/1755/1324
f 1329/1752/1321 1333/1755/1324 1273/1722/1291 1269/1713/1282
f 1299/1756/1312 1304/1757/1325 1305/1758/1326 1300/1759/1313
f 1300/1759/1313 1305/1758/1326 1306/1760/1327 1301/1761/1314
f 1302/1762/1319 1301/1761/1314 1306/1760/1327 1307/1763/1328
f 1311/1748/1317 1312/1747/1316 1307/1763/1328 1306/1760/1327
f 1302/1762/1319 1307/1763/1328 1308/1764/1329 1303/1765/1320
f 1278/1721/1290 1274/1714/1283 1269/1713/1282 1273/1722/1291
f 1279/1723/1292 1274/1714/1283 1278/1721/1290 1283/1727/1296
f 1304/1757/1325 1309/1766/1330 1310/1767/1331 1305/1758/1326
f 1305/1758/1326 1310/1767/1331 1311/1748/1317 1306/1760/1327
f 1302/1750/1319 1297/1741/1310 1296/1740/1309 1301/1745/1314
f 1297/1741/1310 1292/1736/1305 1291/1735/1304 1296/1740/1309
f 1307/1763/1328 1312/1747/1316 1313/1768/1332 1308/1764/1329
f 1288/1732/1301 1284/1728/1297 1279/1723/1292 1283/1727/1296
f 1289/1733/1302 1284/1728/1297 1288/1732/1301 1293/1737/1306
f 1309/1766/1330 1314/1769/1333 1315/1770/1334 1310/1767/1331
f 1310/1767/1331 1315/1770/1334 1316/1749/1318 1311/1748/1317
f 1286/1730/1299 1287/1731/1300 1282/1726/1295 1281/1725/1294
f 1287/1731/1300 1286/1730/1299 1291/1735/1304 1292/1736/1305
f 1312/1747/1316 1317/1746/1315 1318/1771/1335 1313/1768/1332
f 1289/1733/1302 1293/1737/1306 1298/1742/1311 1294/1738/1307
f 1294/1738/1307 1298/1742/1311 1303/1765/1320 1299/1743/1312
f 1314/1769/1333 1319/1772/1336 1320/1773/1337 1315/1770/1334
f 1315/1770/1334 1320/1773/1337 1321/1774/1338 1316/1749/1318
f 1281/1725/1294 1282/1726/1295 1277/1720/1289 1276/1717/1286
f 1272/1719/1288 1271/1718/1287 1276/1717/1286 1277/1720/1289
f 1317/1746/1315 1322/1775/1339 1323/1776/1340 1318/1771/1335
f 1303/1765/1320 1308/1764/1329 1304/1757/1325 1299/1756/1312
f 1309/1766/1330 1304/1757/1325 1308/1764/1329 1313/1768/1332
f 1319/1772/1336 1324/1753/1322 1325/1777/1341 1320/1773/1337
f 1320/1773/1337 1325/1777/1341 1326/1778/1342 1321/1774/1338
f 1331/1779/1343 1332/1780/1344 1327/1781/1345 1326/1778/1342
f 1272/1719/1288 1332/1780/1344 1331/1779/1343 1271/1718/1287
f 1322/1775/1339 1327/1781/1345 1328/1754/1323 1323/1776/1340
f 1314/1769/1333 1309/1766/1330 1313/1768/1332 1318/1771/1335
f 1328/1754/1323 1324/1753/1322 1319/1772/1336 1323/1776/1340
f 1324/1753/1322 1329/1752/1321 1330/1782/1346 1325/1777/1341
f 1325/1777/1341 1330/1782/1346 1331/1779/1343 1326/1778/1342
f 1322/1775/1339 1321/1774/1338 1326/1778/1342 1327/1781/1345
f 1322/1775/1339 1317/1746/1315 1316/1749/1318 1321/1774/1338
f 1327/1781/1345 1332/1780/1344 1333/1755/1324 1328/1754/1323
f 1323/1776/1340 1319/1772/1336 1314/1769/1333 1318/1771/1335
f 1329/1752/1321 1269/1713/1282 1270/1716/1285 1330/1782/1346
f 1330/1782/1346 1270/1716/1285 1271/1718/1287 1331/1779/1343
f 1332/1780/1344 1272/1719/1288 1273/1722/1291 1333/1755/1324
o Torus.002
v -0.145060 0.938247 0.000000
v -0.162017 0.945941 0.000000
v -0.175615 0.924384 0.000000
v -0.162017 0.868252 0.000000
v -0.145060 0.875945 0.000000
v -0.168072 0.938247 -0.093365
v -0.183087 0.945941 -0.085484
v -0.195127 0.924384 -0.079165
v -0.183087 0.868251 -0.085484
v -0.168072 0.875945 -0.093365
v -0.231837 0.938247 -0.165341
v -0.241470 0.945941 -0.151386
v -0.249195 0.924384 -0.140194
v -0.241470 0.868251 -0.151386
v -0.231837 0.875945 -0.165341
v -0.321748 0.938247 -0.199439
v -0.323791 0.945941 -0.182606
v -0.325431 0.924384 -0.169107
v -0.323791 0.868251 -0.182606
v -0.321748 0.875945 -0.199439
v -0.417206 0.938247 -0.187849
v -0.411193 0.945941 -0.171994
v -0.406370 0.924384 -0.159279
v -0.411193 0.868251 -0.171994
v -0.417206 0.875945 -0.187849
v -0.496343 0.938247 -0.133224
v -0.483650 0.945941 -0.121980
v -0.473472 0.924384 -0.112962
v -0.483650 0.868251 -0.121979
v -0.496343 0.875945 -0.133224
v -0.541030 0.938247 -0.048079
v -0.524566 0.945941 -0.044021
v -0.511363 0.924384 -0.040767
v -0.524566 0.868251 -0.044021
v -0.541030 0.875945 -0.048079
v -0.541030 0.938247 0.048080
v -0.524566 0.945941 0.044022
v -0.511363 0.924384 0.040767
v -0.524566 0.868252 0.044022
v -0.541030 0.875945 0.048080
v -0.496343 0.938247 0.133224
v -0.483650 0.945941 0.121980
v -0.473472 0.924384 0.112962
v -0.483650 0.868252 0.121980
v -0.496343 0.875945 0.133224
v -0.417206 0.938247 0.187849
v -0.411193 0.945941 0.171994
v -0.406370 0.924384 0.159279
v -0.411193 0.868252 0.171994
v -0.417206 0.875945 0.187849
v -0.321748 0.938247 0.199440
v -0.323791 0.945941 0.182606
v -0.325431 0.924384 0.169107
v -0.323791 0.868252 0.182606
v -0.321748 0.875945 0.199440
v -0.231837 0.938247 0.165341
v -0.241470 0.945941 0.151386
v -0.249195 0.924384 0.140195
v -0.241470 0.868252 0.151386
v -0.231837 0.875945 0.165341
v -0.168072 0.938247 0.093365
v -0.183087 0.945941 0.085485
v -0.195127 0.924384 0.079165
v -0.183087 0.868252 0.085485
v -0.168072 0.875945 0.093365
vn 0.9412 0.3378 -0.0000
vn 0.8334 0.3378 -0.4374
vn -0.2675 0.9533 0.1404
vn -0.3021 0.9533 -0.0000
vn -0.8783 0.1268 0.4610
vn -0.9919 0.1268 -0.0000
vn -0.5961 -0.8029 -0.0000
vn -0.5278 -0.8029 0.2770
vn 0.8334 -0.3378 -0.4374
vn 0.9412 -0.3378 -0.0000
vn 0.5347 0.3378 -0.7746
vn -0.1716 0.9533 0.2486
vn -0.5635 0.1268 0.8163
vn -0.3386 -0.8029 0.4906
vn 0.5347 -0.3378 -0.7746
vn 0.1135 0.3378 -0.9343
vn -0.0364 0.9533 0.2999
vn -0.1196 0.1268 0.9847
vn -0.0719 -0.8029 0.5918
vn 0.1135 -0.3378 -0.9343
vn -0.3338 0.3378 -0.8800
vn 0.1071 0.9533 0.2825
vn 0.3517 0.1268 0.9275
vn 0.2114 -0.8029 0.5574
vn -0.3338 -0.3378 -0.8800
vn -0.7045 0.3378 -0.6241
vn 0.2261 0.9533 0.2003
vn 0.7425 0.1268 0.6578
vn 0.4462 -0.8029 0.3953
vn -0.7045 -0.3378 -0.6241
vn -0.9139 0.3378 -0.2252
vn 0.2934 0.9533 0.0723
vn 0.9631 0.1268 0.2374
vn 0.2114 -0.8029 -0.5574
vn 0.4462 -0.8029 -0.3953
vn 0.7425 0.1268 -0.6578
vn 0.3517 0.1268 -0.9275
vn 0.5788 -0.8029 0.1427
vn -0.9139 -0.3378 -0.2252
vn 0.8334 0.3378 0.4374
vn 0.5347 0.3378 0.7746
vn 0.5347 -0.3378 0.7746
vn 0.8334 -0.3378 0.4374
vn -0.9139 0.3378 0.2252
vn 0.2934 0.9533 -0.0723
vn 0.9631 0.1268 -0.2374
vn 0.5788 -0.8029 -0.1427
vn -0.9139 -0.3378 0.2252
vn -0.7045 0.3378 0.6241
vn 0.2261 0.9533 -0.2003
vn -0.7045 -0.3378 0.6241
vn -0.3338 0.3378 0.8800
vn 0.1071 0.9533 -0.2825
vn -0.3338 -0.3378 0.8800
vn 0.1135 0.3378 0.9343
vn -0.0364 0.9533 -0.2999
vn -0.1196 0.1268 -0.9847
vn -0.0719 -0.8029 -0.5918
vn 0.1135 -0.3378 0.9343
vn -0.1716 0.9533 -0.2486
vn -0.5635 0.1268 -0.8163
vn -0.8783 0.1268 -0.4610
vn -0.5278 -0.8029 -0.2770
vn -0.3386 -0.8029 -0.4906
vn -0.2675 0.9533 -0.1404
vt 0.538462 0.714286
vt 0.615385 0.714286
vt 0.615385 0.857143
vt 0.538462 0.857143
vt 0.615385 1.000000
vt 0.538462 1.000000
vt 0.538462 0.285714
vt 0.615385 0.285714
vt 0.615385 0.428571
vt 0.538462 0.428571
vt 0.692308 0.714286
vt 0.692308 0.857143
vt 0.692308 1.000000
vt 0.692308 0.285714
vt 0.692308 0.428571
vt 0.769231 0.714286
vt 0.769231 0.857143
vt 0.769231 1.000000
vt 0.769231 0.285714
vt 0.769231 0.428571
vt 0.846154 0.714286
vt 0.846154 0.857143
vt 0.846154 1.000000
vt 0.846154 0.285714
vt 0.846154 0.428571
vt 0.923077 0.714286
vt 0.923077 0.857143
vt 0.923077 1.000000
vt 0.923077 0.285714
vt 0.923077 0.428571
vt 1.000000 0.714286
vt 1.000000 0.857143
vt 1.000000 1.000000
vt 0.230769 0.285714
vt 0.153846 0.285714
vt 0.153846 1.000000
vt 0.230769 1.000000
vt 1.000000 0.285714
vt 1.000000 0.428571
vt 0.461538 0.714286
vt 0.384615 0.714286
vt 0.384615 0.428571
vt 0.461538 0.428571
vt -0.000000 0.714286
vt 0.076923 0.714286
vt 0.076923 0.857143
vt -0.000000 0.857143
vt 0.076923 1.000000
vt -0.000000 1.000000
vt -0.000000 0.285714
vt 0.076923 0.285714
vt 0.076923 0.428571
vt -0.000000 0.428571
vt 0.153846 0.714286
vt 0.153846 0.857143
vt 0.153846 0.428571
vt 0.230769 0.714286
vt 0.230769 0.857143
vt 0.230769 0.428571
vt 0.307692 0.714286
vt 0.307692 0.857143
vt 0.307692 1.000000
vt 0.307692 0.285714
vt 0.307692 0.428571
vt 0.384615 0.857143
vt 0.384615 1.000000
vt 0.461538 1.000000
vt 0.461538 0.285714
vt 0.384615 0.285714
vt 0.461538 0.857143
s 1
usemtl Глаза_обрамление
f 1334/1783/1347 1339/1784/1348 1340/1785/1349 1335/1786/1350
f 1335/1786/1350 1340/1785/1349 1341/1787/1351 1336/1788/1352
f 1337/1789/1353 1342/1790/1354 1343/1791/1355 1338/1792/1356
f 1339/1784/1348 1344/1793/1357 1345/1794/1358 1340/1785/1349
f 1340/1785/1349 1345/1794/1358 1346/1795/1359 1341/1787/1351
f 1342/1790/1354 1347/1796/1360 1348/1797/1361 1343/1791/1355
f 1344/1793/1357 1349/1798/1362 1350/1799/1363 1345/1794/1358
f 1345/1794/1358 1350/1799/1363 1351/1800/1364 1346/1795/1359
f 1347/1796/1360 1352/1801/1365 1353/1802/1366 1348/1797/1361
f 1349/1798/1362 1354/1803/1367 1355/1804/1368 1350/1799/1363
f 1350/1799/1363 1355/1804/1368 1356/1805/1369 1351/1800/1364
f 1352/1801/1365 1357/1806/1370 1358/1807/1371 1353/1802/1366
f 1354/1803/1367 1359/1808/1372 1360/1809/1373 1355/1804/1368
f 1355/1804/1368 1360/1809/1373 1361/1810/1374 1356/1805/1369
f 1357/1806/1370 1362/1811/1375 1363/1812/1376 1358/1807/1371
f 1359/1808/1372 1364/1813/1377 1365/1814/1378 1360/1809/1373
f 1360/1809/1373 1365/1814/1378 1366/1815/1379 1361/1810/1374
f 1382/1816/1380 1377/1817/1381 1376/1818/1382 1381/1819/1383
f 1362/1811/1375 1367/1820/1384 1368/1821/1385 1363/1812/1376
f 1394/1822/1386 1389/1823/1387 1393/1824/1388 1398/1825/1389
f 1394/1822/1386 1398/1825/1389 1338/1792/1356 1334/1783/1347
f 1364/1826/1377 1369/1827/1390 1370/1828/1391 1365/1829/1378
f 1365/1829/1378 1370/1828/1391 1371/1830/1392 1366/1831/1379
f 1367/1832/1384 1366/1831/1379 1371/1830/1392 1372/1833/1393
f 1376/1818/1382 1377/1817/1381 1372/1833/1393 1371/1830/1392
f 1367/1832/1384 1372/1833/1393 1373/1834/1394 1368/1835/1385
f 1343/1791/1355 1339/1784/1348 1334/1783/1347 1338/1792/1356
f 1344/1793/1357 1339/1784/1348 1343/1791/1355 1348/1797/1361
f 1369/1827/1390 1374/1836/1395 1375/1837/1396 1370/1828/1391
f 1370/1828/1391 1375/1837/1396 1376/1818/1382 1371/1830/1392
f 1367/1820/1384 1362/1811/1375 1361/1810/1374 1366/1815/1379
f 1362/1811/1375 1357/1806/1370 1356/1805/1369 1361/1810/1374
f 1372/1833/1393 1377/1817/1381 1378/1838/1397 1373/1834/1394
f 1353/1802/1366 1349/1798/1362 1344/1793/1357 1348/1797/1361
f 1354/1803/1367 1349/1798/1362 1353/1802/1366 1358/1807/1371
f 1374/1836/1395 1379/1839/1398 1380/1840/1399 1375/1837/1396
f 1375/1837/1396 1380/1840/1399 1381/1819/1383 1376/1818/1382
f 1351/1800/1364 1352/1801/1365 1347/1796/1360 1346/1795/1359
f 1352/1801/1365 1351/1800/1364 1356/1805/1369 1357/1806/1370
f 1377/1817/1381 1382/1816/1380 1383/1841/1400 1378/1838/1397
f 1354/1803/1367 1358/1807/1371 1363/1812/1376 1359/1808/1372
f 1359/1808/1372 1363/1812/1376 1368/1835/1385 1364/1813/1377
f 1379/1839/1398 1384/1842/1401 1385/1843/1402 1380/1840/1399
f 1380/1840/1399 1385/1843/1402 1386/1844/1403 1381/1819/1383
f 1346/1795/1359 1347/1796/1360 1342/1790/1354 1341/1787/1351
f 1337/1789/1353 1336/1788/1352 1341/1787/1351 1342/1790/1354
f 1382/1816/1380 1387/1845/1404 1388/1846/1405 1383/1841/1400
f 1368/1835/1385 1373/1834/1394 1369/1827/1390 1364/1826/1377
f 1374/1836/1395 1369/1827/1390 1373/1834/1394 1378/1838/1397
f 1384/1842/1401 1389/1823/1387 1390/1847/1406 1385/1843/1402
f 1385/1843/1402 1390/1847/1406 1391/1848/1407 1386/1844/1403
f 1396/1849/1408 1397/1850/1409 1392/1851/1410 1391/1848/1407
f 1337/1789/1353 1397/1850/1409 1396/1849/1408 1336/1788/1352
f 1387/1845/1404 1392/1851/1410 1393/1824/1388 1388/1846/1405
f 1379/1839/1398 1374/1836/1395 1378/1838/1397 1383/1841/1400
f 1393/1824/1388 1389/1823/1387 1384/1842/1401 1388/1846/1405
f 1389/1823/1387 1394/1822/1386 1395/1852/1411 1390/1847/1406
f 1390/1847/1406 1395/1852/1411 1396/1849/1408 1391/1848/1407
f 1387/1845/1404 1386/1844/1403 1391/1848/1407 1392/1851/1410
f 1387/1845/1404 1382/1816/1380 1381/1819/1383 1386/1844/1403
f 1392/1851/1410 1397/1850/1409 1398/1825/1389 1393/1824/1388
f 1388/1846/1405 1384/1842/1401 1379/1839/1398 1383/1841/1400
f 1394/1822/1386 1334/1783/1347 1335/1786/1350 1395/1852/1411
f 1395/1852/1411 1335/1786/1350 1336/1788/1352 1396/1849/1408
f 1397/1850/1409 1337/1789/1353 1338/1792/1356 1398/1825/1389
o Cube.004
v -1.660220 1.460682 0.259937
v -1.680962 1.725560 0.278030
v -1.660220 1.460681 -0.259937
v -1.680962 1.725560 -0.278030
v -1.064230 1.460682 0.259937
v -1.043488 1.725560 0.278030
v -1.064230 1.460681 -0.259937
v -1.043488 1.725560 -0.278030
vn -0.9969 -0.0781 -0.0000
vn -0.0000 -0.0681 -0.9977
vn 0.9969 -0.0781 -0.0000
vn -0.0000 -0.0681 0.9977
vn -0.0000 -1.0000 -0.0000
vn -0.0000 1.0000 -0.0000
vt 0.375000 0.000000
vt 0.625000 0.000000
vt 0.625000 0.250000
vt 0.375000 0.250000
vt 0.625000 0.500000
vt 0.375000 0.500000
vt 0.625000 0.750000
vt 0.375000 0.750000
vt 0.625000 1.000000
vt 0.375000 1.000000
vt 0.125000 0.500000
vt 0.125000 0.750000
vt 0.875000 0.500000
vt 0.875000 0.750000
s 1
usemtl Сталь
f 1399/1853/1412 1400/1854/1412 1402/1855/1412 1401/1856/1412
f 1401/1856/1413 1402/1855/1413 1406/1857/1413 1405/1858/1413
f 1405/1858/1414 1406/1857/1414 1404/1859/1414 1403/1860/1414
f 1403/1860/1415 1404/1859/1415 1400/1861/1415 1399/1862/1415
f 1406/1857/1417 1402/1865/1417 1400/1866/1417 1404/1859/1417
usemtl тени_глаза
f 1401/1863/1416 1405/1858/1416 1403/1860/1416 1399/1864/1416
o Torus.003
v -0.145060 0.847967 0.000000
v -0.162017 0.855661 0.000000
v -0.175615 0.834104 0.000000
v -0.162017 0.777972 0.000000
v -0.145060 0.785665 0.000000
v -0.168072 0.847967 -0.093365
v -0.183087 0.855661 -0.085484
v -0.195127 0.834104 -0.079165
v -0.183087 0.777972 -0.085484
v -0.168072 0.785665 -0.093365
v -0.231837 0.847967 -0.165341
v -0.241470 0.855661 -0.151386
v -0.249195 0.834104 -0.140194
v -0.241470 0.777972 -0.151386
v -0.231837 0.785665 -0.165341
v -0.321748 0.847967 -0.199439
v -0.323791 0.855661 -0.182606
v -0.325431 0.834104 -0.169107
v -0.323791 0.777972 -0.182606
v -0.321748 0.785665 -0.199439
v -0.417206 0.847967 -0.187849
v -0.411193 0.855661 -0.171994
v -0.406370 0.834104 -0.159279
v -0.411193 0.777972 -0.171994
v -0.417206 0.785665 -0.187849
v -0.496343 0.847967 -0.133224
v -0.483650 0.855661 -0.121980
v -0.473472 0.834104 -0.112962
v -0.483650 0.777972 -0.121979
v -0.496343 0.785665 -0.133224
v -0.541030 0.847967 -0.048079
v -0.524566 0.855661 -0.044021
v -0.511363 0.834104 -0.040767
v -0.524566 0.777972 -0.044021
v -0.541030 0.785665 -0.048079
v -0.541030 0.847967 0.048080
v -0.524566 0.855661 0.044022
v -0.511363 0.834104 0.040767
v -0.524566 0.777972 0.044022
v -0.541030 0.785665 0.048080
v -0.496343 0.847967 0.133224
v -0.483650 0.855661 0.121980
v -0.473472 0.834104 0.112962
v -0.483650 0.777972 0.121980
v -0.496343 0.785665 0.133224
v -0.417206 0.847967 0.187849
v -0.411193 0.855661 0.171994
v -0.406370 0.834104 0.159279
v -0.411193 0.777972 0.171994
v -0.417206 0.785665 0.187849
v -0.321748 0.847967 0.199440
v -0.323791 0.855661 0.182606
v -0.325431 0.834104 0.169107
v -0.323791 0.777972 0.182606
v -0.321748 0.785665 0.199440
v -0.231837 0.847967 0.165341
v -0.241470 0.855661 0.151386
v -0.249195 0.834104 0.140195
v -0.241470 0.777972 0.151386
v -0.231837 0.785665 0.165341
v -0.168072 0.847967 0.093365
v -0.183087 0.855661 0.085485
v -0.195127 0.834104 0.079165
v -0.183087 0.777972 0.085485
v -0.168072 0.785665 0.093365
vn 0.9412 0.3378 -0.0000
vn 0.8334 0.3378 -0.4374
vn -0.2675 0.9533 0.1404
vn -0.3021 0.9533 -0.0000
vn -0.8783 0.1268 0.4610
vn -0.9919 0.1268 -0.0000
vn -0.5961 -0.8029 -0.0000
vn -0.5278 -0.8029 0.2770
vn 0.8334 -0.3378 -0.4374
vn 0.9412 -0.3378 -0.0000
vn 0.5347 0.3378 -0.7746
vn -0.1716 0.9533 0.2486
vn -0.5635 0.1268 0.8163
vn -0.3386 -0.8029 0.4906
vn 0.5347 -0.3378 -0.7746
vn 0.1135 0.3378 -0.9343
vn -0.0364 0.9533 0.2999
vn -0.1196 0.1268 0.9847
vn -0.0719 -0.8029 0.5918
vn 0.1135 -0.3378 -0.9343
vn -0.3338 0.3378 -0.8800
vn 0.1071 0.9533 0.2825
vn 0.3517 0.1268 0.9275
vn 0.2114 -0.8029 0.5574
vn -0.3338 -0.3378 -0.8800
vn -0.7045 0.3378 -0.6241
vn 0.2261 0.9533 0.2003
vn 0.7425 0.1268 0.6578
vn 0.4462 -0.8029 0.3953
vn -0.7045 -0.3378 -0.6241
vn -0.9139 0.3378 -0.2252
vn 0.2934 0.9533 0.0723
vn 0.9631 0.1268 0.2374
vn 0.2114 -0.8029 -0.5574
vn 0.4462 -0.8029 -0.3953
vn 0.7425 0.1268 -0.6578
vn 0.3517 0.1268 -0.9275
vn 0.5788 -0.8029 0.1427
vn -0.9139 -0.3378 -0.2252
vn 0.8334 0.3378 0.4374
vn 0.5347 0.3378 0.7746
vn 0.5347 -0.3378 0.7746
vn 0.8334 -0.3378 0.4374
vn -0.9139 0.3378 0.2252
vn 0.2934 0.9533 -0.0723
vn 0.9631 0.1268 -0.2374
vn 0.5788 -0.8029 -0.1427
vn -0.9139 -0.3378 0.2252
vn -0.7045 0.3378 0.6241
vn 0.2261 0.9533 -0.2003
vn -0.7045 -0.3378 0.6241
vn -0.3338 0.3378 0.8800
vn 0.1071 0.9533 -0.2825
vn -0.3338 -0.3378 0.8800
vn 0.1135 0.3378 0.9343
vn -0.0364 0.9533 -0.2999
vn -0.1196 0.1268 -0.9847
vn -0.0719 -0.8029 -0.5918
vn 0.1135 -0.3378 0.9343
vn -0.1716 0.9533 -0.2486
vn -0.5635 0.1268 -0.8163
vn -0.8783 0.1268 -0.4610
vn -0.5278 -0.8029 -0.2770
vn -0.3386 -0.8029 -0.4906
vn -0.2675 0.9533 -0.1404
vt 0.538462 0.714286
vt 0.615385 0.714286
vt 0.615385 0.857143
vt 0.538462 0.857143
vt 0.615385 1.000000
vt 0.538462 1.000000
vt 0.538462 0.285714
vt 0.615385 0.285714
vt 0.615385 0.428571
vt 0.538462 0.428571
vt 0.692308 0.714286
vt 0.692308 0.857143
vt 0.692308 1.000000
vt 0.692308 0.285714
vt 0.692308 0.428571
vt 0.769231 0.714286
vt 0.769231 0.857143
vt 0.769231 1.000000
vt 0.769231 0.285714
vt 0.769231 0.428571
vt 0.846154 0.714286
vt 0.846154 0.857143
vt 0.846154 1.000000
vt 0.846154 0.285714
vt 0.846154 0.428571
vt 0.923077 0.714286
vt 0.923077 0.857143
vt 0.923077 1.000000
vt 0.923077 0.285714
vt 0.923077 0.428571
vt 1.000000 0.714286
vt 1.000000 0.857143
vt 1.000000 1.000000
vt 0.230769 0.285714
vt 0.153846 0.285714
vt 0.153846 1.000000
vt 0.230769 1.000000
vt 1.000000 0.285714
vt 1.000000 0.428571
vt 0.461538 0.714286
vt 0.384615 0.714286
vt 0.384615 0.428571
vt 0.461538 0.428571
vt -0.000000 0.714286
vt 0.076923 0.714286
vt 0.076923 0.857143
vt -0.000000 0.857143
vt 0.076923 1.000000
vt -0.000000 1.000000
vt -0.000000 0.285714
vt 0.076923 0.285714
vt 0.076923 0.428571
vt -0.000000 0.428571
vt 0.153846 0.714286
vt 0.153846 0.857143
vt 0.153846 0.428571
vt 0.230769 0.714286
vt 0.230769 0.857143
vt 0.230769 0.428571
vt 0.307692 0.714286
vt 0.307692 0.857143
vt 0.307692 1.000000
vt 0.307692 0.285714
vt 0.307692 0.428571
vt 0.384615 0.857143
vt 0.384615 1.000000
vt 0.461538 1.000000
vt 0.461538 0.285714
vt 0.384615 0.285714
vt 0.461538 0.857143
s 1
usemtl Глаза_обрамление
f 1407/1867/1418 1412/1868/1419 1413/1869/1420 1408/1870/1421
f 1408/1870/1421 1413/1869/1420 1414/1871/1422 1409/1872/1423
f 1410/1873/1424 1415/1874/1425 1416/1875/1426 1411/1876/1427
f 1412/1868/1419 1417/1877/1428 1418/1878/1429 1413/1869/1420
f 1413/1869/1420 1418/1878/1429 1419/1879/1430 1414/1871/1422
f 1415/1874/1425 1420/1880/1431 1421/1881/1432 1416/1875/1426
f 1417/1877/1428 1422/1882/1433 1423/1883/1434 1418/1878/1429
f 1418/1878/1429 1423/1883/1434 1424/1884/1435 1419/1879/1430
f 1420/1880/1431 1425/1885/1436 1426/1886/1437 1421/1881/1432
f 1422/1882/1433 1427/1887/1438 1428/1888/1439 1423/1883/1434
f 1423/1883/1434 1428/1888/1439 1429/1889/1440 1424/1884/1435
f 1425/1885/1436 1430/1890/1441 1431/1891/1442 1426/1886/1437
f 1427/1887/1438 1432/1892/1443 1433/1893/1444 1428/1888/1439
f 1428/1888/1439 1433/1893/1444 1434/1894/1445 1429/1889/1440
f 1430/1890/1441 1435/1895/1446 1436/1896/1447 1431/1891/1442
f 1432/1892/1443 1437/1897/1448 1438/1898/1449 1433/1893/1444
f 1433/1893/1444 1438/1898/1449 1439/1899/1450 1434/1894/1445
f 1455/1900/1451 1450/1901/1452 1449/1902/1453 1454/1903/1454
f 1435/1895/1446 1440/1904/1455 1441/1905/1456 1436/1896/1447
f 1467/1906/1457 1462/1907/1458 1466/1908/1459 1471/1909/1460
f 1467/1906/1457 1471/1909/1460 1411/1876/1427 1407/1867/1418
f 1437/1910/1448 1442/1911/1461 1443/1912/1462 1438/1913/1449
f 1438/1913/1449 1443/1912/1462 1444/1914/1463 1439/1915/1450
f 1440/1916/1455 1439/1915/1450 1444/1914/1463 1445/1917/1464
f 1449/1902/1453 1450/1901/1452 1445/1917/1464 1444/1914/1463
f 1440/1916/1455 1445/1917/1464 1446/1918/1465 1441/1919/1456
f 1416/1875/1426 1412/1868/1419 1407/1867/1418 1411/1876/1427
f 1417/1877/1428 1412/1868/1419 1416/1875/1426 1421/1881/1432
f 1442/1911/1461 1447/1920/1466 1448/1921/1467 1443/1912/1462
f 1443/1912/1462 1448/1921/1467 1449/1902/1453 1444/1914/1463
f 1440/1904/1455 1435/1895/1446 1434/1894/1445 1439/1899/1450
f 1435/1895/1446 1430/1890/1441 1429/1889/1440 1434/1894/1445
f 1445/1917/1464 1450/1901/1452 1451/1922/1468 1446/1918/1465
f 1426/1886/1437 1422/1882/1433 1417/1877/1428 1421/1881/1432
f 1427/1887/1438 1422/1882/1433 1426/1886/1437 1431/1891/1442
f 1447/1920/1466 1452/1923/1469 1453/1924/1470 1448/1921/1467
f 1448/1921/1467 1453/1924/1470 1454/1903/1454 1449/1902/1453
f 1424/1884/1435 1425/1885/1436 1420/1880/1431 1419/1879/1430
f 1425/1885/1436 1424/1884/1435 1429/1889/1440 1430/1890/1441
f 1450/1901/1452 1455/1900/1451 1456/1925/1471 1451/1922/1468
f 1427/1887/1438 1431/1891/1442 1436/1896/1447 1432/1892/1443
f 1432/1892/1443 1436/1896/1447 1441/1919/1456 1437/1897/1448
f 1452/1923/1469 1457/1926/1472 1458/1927/1473 1453/1924/1470
f 1453/1924/1470 1458/1927/1473 1459/1928/1474 1454/1903/1454
f 1419/1879/1430 1420/1880/1431 1415/1874/1425 1414/1871/1422
f 1410/1873/1424 1409/1872/1423 1414/1871/1422 1415/1874/1425
f 1455/1900/1451 1460/1929/1475 1461/1930/1476 1456/1925/1471
f 1441/1919/1456 1446/1918/1465 1442/1911/1461 1437/1910/1448
f 1447/1920/1466 1442/1911/1461 1446/1918/1465 1451/1922/1468
f 1457/1926/1472 1462/1907/1458 1463/1931/1477 1458/1927/1473
f 1458/1927/1473 1463/1931/1477 1464/1932/1478 1459/1928/1474
f 1469/1933/1479 1470/1934/1480 1465/1935/1481 1464/1932/1478
f 1410/1873/1424 1470/1934/1480 1469/1933/1479 1409/1872/1423
f 1460/1929/1475 1465/1935/1481 1466/1908/1459 1461/1930/1476
f 1452/1923/1469 1447/1920/1466 1451/1922/1468 1456/1925/1471
f 1466/1908/1459 1462/1907/1458 1457/1926/1472 1461/1930/1476
f 1462/1907/1458 1467/1906/1457 1468/1936/1482 1463/1931/1477
f 1463/1931/1477 1468/1936/1482 1469/1933/1479 1464/1932/1478
f 1460/1929/1475 1459/1928/1474 1464/1932/1478 1465/1935/1481
f 1460/1929/1475 1455/1900/1451 1454/1903/1454 1459/1928/1474
f 1465/1935/1481 1470/1934/1480 1471/1909/1460 1466/1908/1459
f 1461/1930/1476 1457/1926/1472 1452/1923/1469 1456/1925/1471
f 1467/1906/1457 1407/1867/1418 1408/1870/1421 1468/1936/1482
f 1468/1936/1482 1408/1870/1421 1409/1872/1423 1469/1933/1479
f 1470/1934/1480 1410/1873/1424 1411/1876/1427 1471/1909/1460
o Cylinder.001
v -1.007572 2.465351 -0.214304
v -0.627091 2.465351 -0.210327
v -0.971332 2.318212 -0.151536
v -0.627091 2.316627 -0.148724
v -0.956320 2.257265 0.000000
v -0.627091 2.255023 0.000000
v -0.971332 2.318212 0.151537
v -0.627091 2.316627 0.148724
v -1.007572 2.465351 0.214305
v -0.627091 2.465351 0.210328
v -1.043812 2.612490 0.151537
v -0.627091 2.614075 0.148724
v -1.058823 2.673437 0.000000
v -0.627091 2.675678 0.000000
v -1.043812 2.612490 -0.151536
v -0.627091 2.614075 -0.148724
v -0.989452 2.386944 0.192994
v -0.627091 2.386099 0.189412
v -1.025692 2.543758 0.192994
v -0.627091 2.544603 0.189412
v -1.051318 2.654643 0.079941
v -0.627091 2.656682 0.078457
v -0.963826 2.276059 0.079941
v -0.627091 2.274020 0.078457
v -0.963826 2.276059 -0.079940
v -0.627091 2.274020 -0.078457
v -0.989452 2.386944 -0.192993
v -0.627091 2.386099 -0.189412
v -1.025692 2.543758 -0.192993
v -0.627091 2.544603 -0.189411
v -1.051318 2.654643 -0.079940
v -0.627091 2.656682 -0.078457
vn -0.6084 -0.4160 -0.6759
vn 0.6568 -0.2927 -0.6949
vn 0.6322 -0.5479 -0.5479
vn -0.5564 -0.6385 -0.5318
vn -0.5777 -0.7721 -0.2648
vn 0.6484 -0.7054 -0.2863
vn 0.6305 -0.7762 -0.0000
vn -0.5402 -0.8416 -0.0000
vn -0.5777 -0.7721 0.2648
vn 0.6484 -0.7054 0.2863
vn 0.6322 -0.5479 0.5479
vn -0.5564 -0.6385 0.5318
vn -0.6084 -0.4160 0.6759
vn 0.6568 -0.2927 0.6949
vn 0.6334 0.0008 0.7738
vn -0.6115 -0.1194 0.7822
vn -0.6658 0.1627 0.7281
vn 0.6565 0.2939 0.6947
vn 0.6320 0.5482 0.5478
vn -0.6873 0.4400 0.5779
vn -0.7159 0.6228 0.3156
vn 0.6487 0.7051 0.2865
vn 0.6311 0.7757 -0.0000
vn -0.7250 0.6888 -0.0000
vn 0.6334 0.0008 -0.7738
vn 0.6565 0.2939 -0.6947
vn 0.6320 0.5482 -0.5478
vn 0.6487 0.7051 -0.2865
vn -0.7159 0.6228 -0.3156
vn -0.6873 0.4400 -0.5779
vn -0.6658 0.1627 -0.7281
vn -0.6115 -0.1194 -0.7822
vt 0.937500 0.500000
vt 0.937500 1.000000
vt 0.875000 1.000000
vt 0.875000 0.500000
vt 0.812500 0.500000
vt 0.812500 1.000000
vt 0.750000 1.000000
vt 0.750000 0.500000
vt 0.687500 0.500000
vt 0.687500 1.000000
vt 0.625000 1.000000
vt 0.625000 0.500000
vt 0.562500 0.500000
vt 0.562500 1.000000
vt 0.500000 1.000000
vt 0.500000 0.500000
vt 0.437500 0.500000
vt 0.437500 1.000000
vt 0.375000 1.000000
vt 0.375000 0.500000
vt 0.312500 0.500000
vt 0.312500 1.000000
vt 0.250000 1.000000
vt 0.250000 0.500000
vt 0.419706 0.419706
vt 0.334853 0.454853
vt 0.250000 0.490000
vt 0.165147 0.454853
vt 0.080294 0.419706
vt 0.045147 0.334853
vt 0.010000 0.250000
vt 0.045147 0.165147
vt 0.080294 0.080294
vt 0.165147 0.045147
vt 0.250000 0.010000
vt 0.334853 0.045147
vt 0.419706 0.080294
vt 0.454853 0.165147
vt 0.490000 0.250000
vt 0.454853 0.334853
vt 0.187500 0.500000
vt 0.187500 1.000000
vt 0.125000 1.000000
vt 0.125000 0.500000
vt 0.062500 0.500000
vt 0.062500 1.000000
vt 0.000000 1.000000
vt 0.000000 0.500000
vt 0.750000 0.490000
vt 0.834853 0.454853
vt 0.919706 0.419706
vt 0.954853 0.334853
vt 0.990000 0.250000
vt 0.954853 0.165147
vt 0.919706 0.080294
vt 0.834853 0.045147
vt 0.750000 0.010000
vt 0.665147 0.045147
vt 0.580294 0.080294
vt 0.545147 0.165147
vt 0.510000 0.250000
vt 0.545147 0.334853
vt 0.580294 0.419706
vt 0.665147 0.454853
vt 1.000000 0.500000
vt 1.000000 1.000000
s 1
usemtl Рубашка
f 1498/1937/1483 1499/1938/1484 1475/1939/1485 1474/1940/1486
f 1496/1941/1487 1497/1942/1488 1477/1943/1489 1476/1944/1490
f 1494/1945/1491 1495/1946/1492 1479/1947/1493 1478/1948/1494
f 1488/1949/1495 1489/1950/1496 1481/1951/1497 1480/1952/1498
f 1490/1953/1499 1491/1954/1500 1483/1955/1501 1482/1956/1502
f 1492/1957/1503 1493/1958/1504 1485/1959/1505 1484/1960/1506
f 1475/1961/1485 1499/1962/1484 1473/1963/1507 1501/1964/1508 1487/1965/1509 1503/1966/1510 1485/1967/1505 1493/1968/1504 1483/1969/1501 1491/1970/1500 1481/1971/1497 1489/1972/1496 1479/1973/1493 1495/1974/1492 1477/1975/1489 1497/1976/1488
f 1502/1977/1511 1503/1978/1510 1487/1979/1509 1486/1980/1512
f 1500/1981/1513 1501/1982/1508 1473/1983/1507 1472/1984/1514
f 1472/1985/1514 1498/1986/1483 1474/1987/1486 1496/1988/1487 1476/1989/1490 1494/1990/1491 1478/1991/1494 1488/1992/1495 1480/1993/1498 1490/1994/1499 1482/1995/1502 1492/1996/1503 1484/1997/1506 1502/1998/1511 1486/1999/1512 1500/2000/1513
f 1478/1948/1494 1479/1947/1493 1489/1950/1496 1488/1949/1495
f 1480/1952/1498 1481/1951/1497 1491/1954/1500 1490/1953/1499
f 1482/1956/1502 1483/1955/1501 1493/1958/1504 1492/1957/1503
f 1476/1944/1490 1477/1943/1489 1495/1946/1492 1494/1945/1491
f 1474/1940/1486 1475/1939/1485 1497/1942/1488 1496/1941/1487
f 1472/2001/1514 1473/2002/1507 1499/1938/1484 1498/1937/1483
f 1486/1980/1512 1487/1979/1509 1501/1982/1508 1500/1981/1513
f 1484/1960/1506 1485/1959/1505 1503/1978/1510 1502/1977/1511
o Cylinder.011
v 1.403788 2.629359 0.453801
v 1.069895 2.629360 -0.006028
v 1.295557 2.580122 0.437362
v 1.084347 2.580122 0.095993
v 1.244929 2.463499 0.422586
v 1.068764 2.463500 0.141134
v 1.293245 2.350662 0.429154
v 1.082035 2.350663 0.087784
v 1.403788 2.297639 0.453800
v 1.069895 2.297640 -0.006029
v 1.521062 2.346219 0.455104
v 1.064486 2.346219 -0.123184
v 1.569638 2.463500 0.455644
v 1.062245 2.463500 -0.171712
v 1.521062 2.580780 0.455104
v 1.064486 2.580781 -0.123184
v 1.375691 2.629360 0.143893
v 1.286284 2.580122 0.192497
v 1.243454 2.463500 0.204662
v 1.283972 2.350663 0.184289
v 1.375691 2.297640 0.143893
v 1.474140 2.346219 0.080155
v 1.514919 2.463500 0.053754
v 1.474140 2.580780 0.080155
v 1.237255 2.629360 0.007011
v 1.206257 2.580122 0.102110
v 1.187621 2.463500 0.141427
v 1.203945 2.350663 0.093902
v 1.237255 2.297640 0.007011
v 1.277296 2.346219 -0.103223
v 1.293881 2.463500 -0.148883
v 1.277296 2.580781 -0.103223
v 1.302204 2.580122 0.302314
v 1.251590 2.463500 0.289335
v 1.299892 2.350663 0.294106
v 1.410403 2.297639 0.314413
v 1.527645 2.346219 0.311377
v 1.576208 2.463500 0.310120
v 1.527645 2.580780 0.311377
v 1.410403 2.629359 0.314413
v 1.149560 2.629360 -0.006840
v 1.144109 2.580122 0.094407
v 1.120282 2.463500 0.139227
v 1.141797 2.350663 0.086199
v 1.149560 2.297640 -0.006840
v 1.164053 2.346219 -0.123222
v 1.170056 2.463500 -0.171429
v 1.164053 2.580781 -0.123222
v 1.253312 2.580122 0.149121
v 1.220136 2.463500 0.172184
v 1.251000 2.350663 0.140913
v 1.319410 2.297640 0.074207
v 1.394551 2.346219 -0.015841
v 1.425675 2.463500 -0.053140
v 1.394551 2.580781 -0.015841
v 1.319410 2.629360 0.074208
v 1.407578 2.629359 0.245918
v 1.304051 2.580122 0.251914
v 1.255163 2.463500 0.246436
v 1.301739 2.350663 0.243706
v 1.407578 2.297640 0.245918
v 1.519017 2.346219 0.224819
v 1.564533 2.463500 0.216098
v 1.519018 2.580780 0.224819
v 1.299430 2.580122 0.360673
v 1.248358 2.463500 0.345038
v 1.297118 2.350663 0.352465
v 1.409110 2.297639 0.376461
v 1.528614 2.346219 0.375955
v 1.578737 2.463500 0.374176
v 1.528614 2.580780 0.375015
v 1.409110 2.629359 0.376462
v 1.556780 2.402610 0.462273
v 1.055692 2.402610 -0.164440
v 1.503945 2.402610 0.058459
v 1.286723 2.402610 -0.142197
v 1.563617 2.402610 0.311916
v 1.163491 2.402610 -0.164313
v 1.416183 2.402610 -0.047006
v 1.553063 2.402610 0.218048
v 1.565435 2.402610 0.378782
v 1.556780 2.524539 0.462273
v 1.055693 2.524539 -0.158111
v 1.503945 2.524539 0.058459
v 1.286723 2.524539 -0.142197
v 1.563617 2.524539 0.311916
v 1.163491 2.524539 -0.157983
v 1.416183 2.524539 -0.047006
v 1.553063 2.524539 0.218048
v 1.565435 2.524539 0.378293
v 1.470568 2.316393 0.461315
v 1.059669 2.316394 -0.078315
v 1.431572 2.316393 0.105316
v 1.257288 2.316394 -0.061161
v 1.477429 2.316393 0.314147
v 1.152837 2.316394 -0.078757
v 1.360944 2.316393 0.019192
v 1.471475 2.316393 0.233548
v 1.477260 2.316393 0.379970
v 1.470568 2.610756 0.461315
v 1.059669 2.610756 -0.078315
v 1.431572 2.610756 0.105316
v 1.257288 2.610756 -0.061161
v 1.477429 2.610756 0.314148
v 1.152837 2.610756 -0.078757
v 1.360944 2.610756 0.019192
v 1.471475 2.610756 0.233549
v 1.477260 2.610756 0.379482
v 1.348647 2.610756 0.459960
v 1.065293 2.610756 0.043484
v 1.329221 2.610756 0.171580
v 1.215661 2.610756 0.053442
v 1.355541 2.610756 0.317304
v 1.137770 2.610756 0.042238
v 1.282826 2.610756 0.112809
v 1.355032 2.610756 0.255500
v 1.353427 2.610756 0.379894
v 1.348647 2.316393 0.459960
v 1.065293 2.316393 0.043484
v 1.329221 2.316393 0.171580
v 1.215661 2.316393 0.053442
v 1.355541 2.316393 0.317304
v 1.137769 2.316393 0.042238
v 1.282826 2.316393 0.112809
v 1.355032 2.316393 0.255500
v 1.353427 2.316393 0.379894
v 1.264297 2.402610 0.450046
v 1.071132 2.402610 0.124756
v 1.258710 2.402610 0.209481
v 1.188087 2.402610 0.129626
v 1.271215 2.402610 0.310580
v 1.128977 2.402610 0.122941
v 1.229450 2.402610 0.170051
v 1.274032 2.402610 0.262082
v 1.268093 2.402610 0.369872
v 1.264297 2.524539 0.450046
v 1.071132 2.524539 0.124756
v 1.258710 2.524539 0.209481
v 1.188087 2.524539 0.129626
v 1.271215 2.524539 0.310580
v 1.128977 2.524539 0.122941
v 1.229450 2.524539 0.170051
v 1.274032 2.524539 0.262082
v 1.268093 2.524539 0.369872
vn -0.0241 0.9034 0.4282
vn -0.6555 0.6639 0.3599
vn -0.5751 0.5426 0.6122
vn -0.0406 0.7064 0.7067
vn -0.0260 0.3568 0.9338
vn -0.7027 0.2319 0.6726
vn -0.6931 0.0004 0.7208
vn -0.0125 -0.0003 0.9999
vn -0.0250 -0.4260 0.9044
vn -0.6927 -0.2750 0.6667
vn -0.5885 -0.5376 0.6039
vn -0.0406 -0.6973 0.7156
vn -0.0277 -0.8754 0.4825
vn -0.6556 -0.6366 0.4062
vn -0.5420 -0.8314 0.1224
vn -0.0080 -0.9993 0.0357
vn 0.0300 -0.9124 -0.4082
vn -0.6457 -0.7195 -0.2559
vn -0.6214 -0.5974 -0.5070
vn 0.0644 -0.7239 -0.6869
vn 0.0852 -0.3712 -0.9246
vn -0.7111 -0.2870 -0.6418
vn -0.6833 0.0405 -0.7290
vn 0.0933 0.0352 -0.9950
vn -0.5420 0.8315 0.1217
vn -0.6447 0.7205 -0.2556
vn -0.6145 0.5840 -0.5304
vn -0.7291 0.2819 -0.6237
vn 0.0717 0.3793 -0.9225
vn 0.0610 0.7045 -0.7071
vn 0.0300 0.9124 -0.4083
vn -0.0079 0.9993 0.0355
vn -0.1223 0.8442 0.5219
vn -0.3688 0.7014 0.6099
vn -0.6332 0.5747 0.5185
vn -0.7092 0.2888 0.6431
vn -0.8603 -0.0027 0.5098
vn -0.7098 -0.2880 0.6429
vn -0.6577 -0.5844 0.4754
vn -0.3764 -0.6991 0.6080
vn -0.1224 -0.8456 0.5196
vn 0.2396 -0.7388 0.6299
vn 0.4997 -0.6243 0.6004
vn 0.6294 -0.2981 0.7177
vn 0.7338 -0.0025 0.6794
vn 0.6306 0.2938 0.7183
vn 0.5018 0.6208 0.6023
vn 0.2404 0.7370 0.6317
vn 0.4017 0.9125 -0.0767
vn 0.3667 0.9093 -0.1967
vn 0.0194 0.9998 -0.0033
vn 0.0010 1.0000 0.0053
vn 0.9103 0.3651 -0.1951
vn 0.8140 0.3631 -0.4533
vn 0.6291 0.6987 -0.3407
vn 0.6940 0.7057 -0.1429
vn 0.9104 -0.3648 -0.1951
vn 0.8141 -0.3628 -0.4534
vn 0.8752 -0.0002 -0.4837
vn 0.9773 -0.0002 -0.2117
vn 0.4016 -0.9126 -0.0767
vn 0.3664 -0.9095 -0.1966
vn 0.6289 -0.6989 -0.3406
vn 0.6936 -0.7060 -0.1428
vn -0.4287 -0.9012 0.0632
vn -0.3987 -0.8934 0.2069
vn 0.0196 -0.9998 -0.0033
vn 0.0010 -1.0000 0.0053
vn -0.9155 -0.3924 0.0888
vn -0.8320 -0.3831 0.4012
vn -0.6312 -0.6990 0.3362
vn -0.7027 -0.7026 0.1119
vn -0.9162 0.3893 0.0949
vn -0.8385 0.3579 0.4109
vn -0.8902 -0.0002 0.4555
vn -0.9913 -0.0003 0.1316
vn -0.4113 0.9093 0.0629
vn -0.3726 0.9071 0.1959
vn -0.6254 0.7101 0.3235
vn -0.6914 0.7152 0.1020
vn 0.2865 0.9105 -0.2982
vn 0.1638 0.9079 -0.3858
vn -0.0048 0.9998 -0.0189
vn -0.0082 1.0000 0.0033
vn 0.6383 0.3641 -0.6782
vn 0.3714 0.3697 -0.8517
vn 0.2882 0.7079 -0.6448
vn 0.4897 0.7062 -0.5113
vn 0.6384 -0.3638 -0.6783
vn 0.3811 -0.3656 -0.8492
vn 0.4178 0.0102 -0.9085
vn 0.6885 -0.0002 -0.7252
vn 0.2863 -0.9106 -0.2980
vn 0.1637 -0.9081 -0.3854
vn 0.2915 -0.7140 -0.6366
vn 0.4895 -0.7065 -0.5112
vn -0.3526 -0.8758 0.3298
vn -0.1965 -0.8892 0.4132
vn -0.0048 -0.9998 -0.0191
vn -0.0082 -1.0000 0.0033
vn -0.7019 -0.3702 0.6085
vn -0.3974 -0.4292 0.8111
vn -0.3214 -0.7132 0.6229
vn -0.5460 -0.6799 0.4895
vn -0.7116 0.3316 0.6194
vn -0.4053 0.3677 0.8370
vn -0.4467 -0.0002 0.8947
vn -0.7516 -0.0002 0.6596
vn -0.3219 0.8969 0.3032
vn -0.1748 0.9102 0.3755
vn -0.3204 0.7320 0.6012
vn -0.5421 0.6891 0.4809
vn -0.4045 0.9143 -0.0198
vn -0.4099 0.9121 -0.0073
vn -0.7032 0.7105 -0.0282
vn -0.6981 0.7151 -0.0342
vn -0.9129 0.4056 -0.0453
vn -0.9136 0.4034 -0.0507
vn -0.9980 -0.0004 -0.0632
vn -0.9987 -0.0004 -0.0511
vn -0.9149 -0.4011 -0.0454
vn -0.9156 -0.3988 -0.0509
vn -0.7182 -0.6953 -0.0283
vn -0.7124 -0.7009 -0.0348
vn -0.4177 -0.9084 -0.0205
vn -0.4233 -0.9060 -0.0078
vn -0.0224 -0.9997 -0.0014
vn -0.0235 -0.9997 0.0004
vn 0.3906 -0.9204 0.0184
vn 0.3948 -0.9186 -0.0145
vn 0.6933 -0.7195 -0.0405
vn 0.6871 -0.7261 0.0263
vn 0.9233 -0.3825 0.0339
vn 0.9241 -0.3763 -0.0660
vn 0.9969 -0.0003 -0.0781
vn 0.9996 -0.0002 0.0292
vn 0.9232 0.3830 0.0336
vn 0.9240 0.3766 -0.0660
vn 0.6938 0.7191 -0.0406
vn 0.6876 0.7257 0.0258
vn 0.3906 0.9204 0.0183
vn 0.3949 0.9186 -0.0145
vn -0.0222 0.9998 -0.0014
vn -0.0233 0.9997 0.0004
vt 0.937500 0.937500
vt 0.937500 1.000000
vt 0.875000 1.000000
vt 0.875000 0.937500
vt 0.812500 0.937500
vt 0.812500 1.000000
vt 0.750000 1.000000
vt 0.750000 0.937500
vt 0.687500 0.937500
vt 0.687500 1.000000
vt 0.625000 1.000000
vt 0.625000 0.937500
vt 0.562500 0.937500
vt 0.562500 1.000000
vt 0.500000 1.000000
vt 0.500000 0.937500
vt 0.437500 0.937500
vt 0.437500 1.000000
vt 0.375000 1.000000
vt 0.375000 0.937500
vt 0.312500 0.937500
vt 0.312500 1.000000
vt 0.250000 1.000000
vt 0.250000 0.937500
vt 0.419706 0.419706
vt 0.334853 0.454853
vt 0.250000 0.490000
vt 0.165147 0.454853
vt 0.080294 0.419706
vt 0.045147 0.334853
vt 0.010000 0.250000
vt 0.045147 0.165147
vt 0.080294 0.080294
vt 0.165147 0.045147
vt 0.250000 0.010000
vt 0.334853 0.045147
vt 0.419706 0.080294
vt 0.454853 0.165147
vt 0.490000 0.250000
vt 0.454853 0.334853
vt 0.187500 0.937500
vt 0.187500 1.000000
vt 0.125000 1.000000
vt 0.125000 0.937500
vt 0.062500 0.937500
vt 0.062500 1.000000
vt 0.000000 1.000000
vt 0.000000 0.937500
vt 0.750000 0.490000
vt 0.834853 0.454853
vt 0.919706 0.419706
vt 0.954853 0.334853
vt 0.990000 0.250000
vt 0.954853 0.165147
vt 0.919706 0.080294
vt 0.834853 0.045147
vt 0.750000 0.010000
vt 0.665147 0.045147
vt 0.580294 0.080294
vt 0.545147 0.165147
vt 0.510000 0.250000
vt 0.545147 0.334853
vt 0.580294 0.419706
vt 0.665147 0.454853
vt 0.062500 0.687500
vt 0.062500 0.750000
vt 0.000000 0.750000
vt 0.000000 0.687500
vt 0.187500 0.687500
vt 0.187500 0.750000
vt 0.125000 0.750000
vt 0.125000 0.687500
vt 0.312500 0.687500
vt 0.312500 0.750000
vt 0.250000 0.750000
vt 0.250000 0.687500
vt 0.437500 0.687500
vt 0.437500 0.750000
vt 0.375000 0.750000
vt 0.375000 0.687500
vt 0.562500 0.687500
vt 0.562500 0.750000
vt 0.500000 0.750000
vt 0.500000 0.687500
vt 0.687500 0.687500
vt 0.687500 0.750000
vt 0.625000 0.750000
vt 0.625000 0.687500
vt 0.812500 0.687500
vt 0.812500 0.750000
vt 0.750000 0.750000
vt 0.750000 0.687500
vt 0.937500 0.687500
vt 0.937500 0.750000
vt 0.875000 0.750000
vt 0.875000 0.687500
vt 0.062500 0.812500
vt 0.062500 0.875000
vt 0.000000 0.875000
vt 0.000000 0.812500
vt 0.187500 0.812500
vt 0.187500 0.875000
vt 0.125000 0.875000
vt 0.125000 0.812500
vt 0.312500 0.812500
vt 0.312500 0.875000
vt 0.250000 0.875000
vt 0.250000 0.812500
vt 0.437500 0.812500
vt 0.437500 0.875000
vt 0.375000 0.875000
vt 0.375000 0.812500
vt 0.562500 0.812500
vt 0.562500 0.875000
vt 0.500000 0.875000
vt 0.500000 0.812500
vt 0.687500 0.812500
vt 0.687500 0.875000
vt 0.625000 0.875000
vt 0.625000 0.812500
vt 0.812500 0.812500
vt 0.812500 0.875000
vt 0.750000 0.875000
vt 0.750000 0.812500
vt 0.937500 0.812500
vt 0.937500 0.875000
vt 0.875000 0.875000
vt 0.875000 0.812500
vt 0.937500 0.562500
vt 0.937500 0.625000
vt 0.875000 0.625000
vt 0.875000 0.562500
vt 0.812500 0.562500
vt 0.812500 0.625000
vt 0.750000 0.625000
vt 0.750000 0.562500
vt 0.687500 0.562500
vt 0.687500 0.625000
vt 0.625000 0.625000
vt 0.625000 0.562500
vt 0.562500 0.562500
vt 0.562500 0.625000
vt 0.500000 0.625000
vt 0.500000 0.562500
vt 0.437500 0.562500
vt 0.437500 0.625000
vt 0.375000 0.625000
vt 0.375000 0.562500
vt 0.312500 0.562500
vt 0.312500 0.625000
vt 0.250000 0.625000
vt 0.250000 0.562500
vt 0.187500 0.562500
vt 0.187500 0.625000
vt 0.125000 0.625000
vt 0.125000 0.562500
vt 0.062500 0.562500
vt 0.062500 0.625000
vt 0.000000 0.625000
vt 0.000000 0.562500
vt 0.062500 0.500000
vt 0.000000 0.500000
vt 0.187500 0.500000
vt 0.125000 0.500000
vt 0.312500 0.500000
vt 0.250000 0.500000
vt 0.437500 0.500000
vt 0.375000 0.500000
vt 0.562500 0.500000
vt 0.500000 0.500000
vt 0.687500 0.500000
vt 0.625000 0.500000
vt 0.812500 0.500000
vt 0.750000 0.500000
vt 0.937500 0.500000
vt 0.875000 0.500000
vt 1.000000 0.500000
vt 1.000000 0.562500
vt 1.000000 0.625000
vt 1.000000 0.687500
vt 1.000000 0.750000
vt 1.000000 0.812500
vt 1.000000 0.875000
vt 1.000000 0.937500
vt 1.000000 1.000000
s 1
usemtl Глаза_обрамление
f 1617/2003/1515 1613/2004/1516 1507/2005/1517 1545/2006/1518
f 1644/2007/1519 1640/2008/1520 1509/2009/1521 1546/2010/1522
f 1635/2011/1523 1631/2012/1524 1511/2013/1525 1547/2014/1526
f 1626/2015/1527 1622/2016/1528 1513/2017/1529 1548/2018/1530
f 1599/2019/1531 1595/2020/1532 1515/2021/1533 1549/2022/1534
f 1581/2023/1535 1577/2024/1536 1517/2025/1537 1550/2026/1538
f 1507/2027/1517 1613/2028/1516 1505/2029/1539 1604/2030/1540 1519/2031/1541 1586/2032/1542 1517/2033/1537 1577/2034/1536 1515/2035/1533 1595/2036/1532 1513/2037/1529 1622/2038/1528 1511/2039/1525 1631/2040/1524 1509/2041/1521 1640/2042/1520
f 1590/2043/1543 1586/2044/1542 1519/2045/1541 1551/2046/1544
f 1608/2047/1545 1604/2048/1540 1505/2049/1539 1544/2050/1546
f 1504/2051/1547 1612/2052/1548 1506/2053/1549 1639/2054/1550 1508/2055/1551 1630/2056/1552 1510/2057/1553 1621/2058/1554 1512/2059/1555 1594/2060/1556 1514/2061/1557 1576/2062/1558 1516/2063/1559 1585/2064/1560 1518/2065/1561 1603/2066/1562
f 1610/2067/1563 1605/2068/1564 1520/2069/1565 1560/2070/1566
f 1592/2071/1567 1587/2072/1568 1527/2073/1569 1567/2074/1570
f 1583/2075/1571 1578/2076/1572 1526/2077/1573 1566/2078/1574
f 1601/2079/1575 1596/2080/1576 1525/2081/1577 1565/2082/1578
f 1628/2083/1579 1623/2084/1580 1524/2085/1581 1564/2086/1582
f 1637/2087/1583 1632/2088/1584 1523/2089/1585 1563/2090/1586
f 1646/2091/1587 1641/2092/1588 1522/2093/1589 1562/2094/1590
f 1619/2095/1591 1614/2096/1592 1521/2097/1593 1561/2098/1594
f 1609/2099/1595 1606/2100/1596 1528/2101/1597 1559/2102/1598
f 1591/2103/1599 1588/2104/1600 1535/2105/1601 1558/2106/1602
f 1582/2107/1603 1579/2108/1604 1534/2109/1605 1557/2110/1606
f 1600/2111/1607 1597/2112/1608 1533/2113/1609 1556/2114/1610
f 1627/2115/1611 1624/2116/1612 1532/2117/1613 1555/2118/1614
f 1636/2119/1615 1633/2120/1616 1531/2121/1617 1554/2122/1618
f 1645/2123/1619 1642/2124/1620 1530/2125/1621 1553/2126/1622
f 1618/2127/1623 1615/2128/1624 1529/2129/1625 1552/2130/1626
f 1620/2131/1627 1616/2132/1628 1536/2133/1629 1568/2134/1630
f 1647/2135/1631 1643/2136/1632 1537/2137/1633 1569/2138/1634
f 1638/2139/1635 1634/2140/1636 1538/2141/1637 1570/2142/1638
f 1629/2143/1639 1625/2144/1640 1539/2145/1641 1571/2146/1642
f 1602/2147/1643 1598/2148/1644 1540/2149/1645 1572/2150/1646
f 1584/2151/1647 1580/2152/1648 1541/2153/1649 1573/2154/1650
f 1593/2155/1651 1589/2156/1652 1542/2157/1653 1574/2158/1654
f 1611/2159/1655 1607/2160/1656 1543/2161/1657 1575/2162/1658
f 1606/2100/1596 1608/2047/1545 1544/2050/1546 1528/2101/1597
f 1588/2104/1600 1590/2043/1543 1551/2046/1544 1535/2105/1601
f 1579/2108/1604 1581/2023/1535 1550/2026/1538 1534/2109/1605
f 1597/2112/1608 1599/2019/1531 1549/2022/1534 1533/2113/1609
f 1624/2116/1612 1626/2015/1527 1548/2018/1530 1532/2117/1613
f 1633/2120/1616 1635/2011/1523 1547/2014/1526 1531/2121/1617
f 1642/2124/1620 1644/2007/1519 1546/2010/1522 1530/2125/1621
f 1615/2128/1624 1617/2003/1515 1545/2006/1518 1529/2129/1625
f 1614/2096/1592 1618/2127/1623 1552/2130/1626 1521/2097/1593
f 1641/2092/1588 1645/2123/1619 1553/2126/1622 1522/2093/1589
f 1632/2088/1584 1636/2119/1615 1554/2122/1618 1523/2089/1585
f 1623/2084/1580 1627/2115/1611 1555/2118/1614 1524/2085/1581
f 1596/2080/1576 1600/2111/1607 1556/2114/1610 1525/2081/1577
f 1578/2076/1572 1582/2107/1603 1557/2110/1606 1526/2077/1573
f 1587/2072/1568 1591/2103/1599 1558/2106/1602 1527/2073/1569
f 1605/2068/1564 1609/2099/1595 1559/2102/1598 1520/2069/1565
f 1616/2132/1628 1619/2095/1591 1561/2098/1594 1536/2133/1629
f 1643/2136/1632 1646/2091/1587 1562/2094/1590 1537/2137/1633
f 1634/2140/1636 1637/2087/1583 1563/2090/1586 1538/2141/1637
f 1625/2144/1640 1628/2083/1579 1564/2086/1582 1539/2145/1641
f 1598/2148/1644 1601/2079/1575 1565/2082/1578 1540/2149/1645
f 1580/2152/1648 1583/2075/1571 1566/2078/1574 1541/2153/1649
f 1589/2156/1652 1592/2071/1567 1567/2074/1570 1542/2157/1653
f 1607/2160/1656 1610/2067/1563 1560/2070/1566 1543/2161/1657
f 1603/2163/1562 1611/2159/1655 1575/2162/1658 1504/2164/1547
f 1585/2165/1560 1593/2155/1651 1574/2158/1654 1518/2166/1561
f 1576/2167/1558 1584/2151/1647 1573/2154/1650 1516/2168/1559
f 1594/2169/1556 1602/2147/1643 1572/2150/1646 1514/2170/1557
f 1621/2171/1554 1629/2143/1639 1571/2146/1642 1512/2172/1555
f 1630/2173/1552 1638/2139/1635 1570/2142/1638 1510/2174/1553
f 1639/2175/1550 1647/2135/1631 1569/2138/1634 1508/2176/1551
f 1612/2177/1548 1620/2131/1627 1568/2134/1630 1506/2178/1549
f 1514/2170/1557 1572/2150/1646 1584/2151/1647 1576/2167/1558
f 1540/2149/1645 1565/2082/1578 1583/2075/1571 1580/2152/1648
f 1525/2081/1577 1556/2114/1610 1582/2107/1603 1578/2076/1572
f 1533/2113/1609 1549/2022/1534 1581/2023/1535 1579/2108/1604
f 1572/2150/1646 1540/2149/1645 1580/2152/1648 1584/2151/1647
f 1556/2114/1610 1533/2113/1609 1579/2108/1604 1582/2107/1603
f 1565/2082/1578 1525/2081/1577 1578/2076/1572 1583/2075/1571
f 1549/2022/1534 1515/2021/1533 1577/2024/1536 1581/2023/1535
f 1516/2168/1559 1573/2154/1650 1593/2155/1651 1585/2165/1560
f 1541/2153/1649 1566/2078/1574 1592/2071/1567 1589/2156/1652
f 1526/2077/1573 1557/2110/1606 1591/2103/1599 1587/2072/1568
f 1534/2109/1605 1550/2026/1538 1590/2043/1543 1588/2104/1600
f 1573/2154/1650 1541/2153/1649 1589/2156/1652 1593/2155/1651
f 1557/2110/1606 1534/2109/1605 1588/2104/1600 1591/2103/1599
f 1566/2078/1574 1526/2077/1573 1587/2072/1568 1592/2071/1567
f 1550/2026/1538 1517/2025/1537 1586/2044/1542 1590/2043/1543
f 1512/2172/1555 1571/2146/1642 1602/2147/1643 1594/2169/1556
f 1539/2145/1641 1564/2086/1582 1601/2079/1575 1598/2148/1644
f 1524/2085/1581 1555/2118/1614 1600/2111/1607 1596/2080/1576
f 1532/2117/1613 1548/2018/1530 1599/2019/1531 1597/2112/1608
f 1571/2146/1642 1539/2145/1641 1598/2148/1644 1602/2147/1643
f 1555/2118/1614 1532/2117/1613 1597/2112/1608 1600/2111/1607
f 1564/2086/1582 1524/2085/1581 1596/2080/1576 1601/2079/1575
f 1548/2018/1530 1513/2017/1529 1595/2020/1532 1599/2019/1531
f 1518/2166/1561 1574/2158/1654 1611/2159/1655 1603/2163/1562
f 1542/2157/1653 1567/2074/1570 1610/2067/1563 1607/2160/1656
f 1527/2073/1569 1558/2106/1602 1609/2099/1595 1605/2068/1564
f 1535/2105/1601 1551/2046/1544 1608/2047/1545 1606/2100/1596
f 1574/2158/1654 1542/2157/1653 1607/2160/1656 1611/2159/1655
f 1558/2106/1602 1535/2105/1601 1606/2100/1596 1609/2099/1595
f 1567/2074/1570 1527/2073/1569 1605/2068/1564 1610/2067/1563
f 1551/2046/1544 1519/2045/1541 1604/2048/1540 1608/2047/1545
f 1504/2179/1547 1575/2180/1658 1620/2131/1627 1612/2177/1548
f 1543/2181/1657 1560/2182/1566 1619/2095/1591 1616/2132/1628
f 1520/2183/1565 1559/2184/1598 1618/2127/1623 1614/2096/1592
f 1528/2185/1597 1544/2186/1546 1617/2003/1515 1615/2128/1624
f 1575/2180/1658 1543/2181/1657 1616/2132/1628 1620/2131/1627
f 1559/2184/1598 1528/2185/1597 1615/2128/1624 1618/2127/1623
f 1560/2182/1566 1520/2183/1565 1614/2096/1592 1619/2095/1591
f 1544/2186/1546 1505/2187/1539 1613/2004/1516 1617/2003/1515
f 1510/2174/1553 1570/2142/1638 1629/2143/1639 1621/2171/1554
f 1538/2141/1637 1563/2090/1586 1628/2083/1579 1625/2144/1640
f 1523/2089/1585 1554/2122/1618 1627/2115/1611 1623/2084/1580
f 1531/2121/1617 1547/2014/1526 1626/2015/1527 1624/2116/1612
f 1570/2142/1638 1538/2141/1637 1625/2144/1640 1629/2143/1639
f 1554/2122/1618 1531/2121/1617 1624/2116/1612 1627/2115/1611
f 1563/2090/1586 1523/2089/1585 1623/2084/1580 1628/2083/1579
f 1547/2014/1526 1511/2013/1525 1622/2016/1528 1626/2015/1527
f 1508/2176/1551 1569/2138/1634 1638/2139/1635 1630/2173/1552
f 1537/2137/1633 1562/2094/1590 1637/2087/1583 1634/2140/1636
f 1522/2093/1589 1553/2126/1622 1636/2119/1615 1632/2088/1584
f 1530/2125/1621 1546/2010/1522 1635/2011/1523 1633/2120/1616
f 1569/2138/1634 1537/2137/1633 1634/2140/1636 1638/2139/1635
f 1553/2126/1622 1530/2125/1621 1633/2120/1616 1636/2119/1615
f 1562/2094/1590 1522/2093/1589 1632/2088/1584 1637/2087/1583
f 1546/2010/1522 1509/2009/1521 1631/2012/1524 1635/2011/1523
f 1506/2178/1549 1568/2134/1630 1647/2135/1631 1639/2175/1550
f 1536/2133/1629 1561/2098/1594 1646/2091/1587 1643/2136/1632
f 1521/2097/1593 1552/2130/1626 1645/2123/1619 1641/2092/1588
f 1529/2129/1625 1545/2006/1518 1644/2007/1519 1642/2124/1620
f 1568/2134/1630 1536/2133/1629 1643/2136/1632 1647/2135/1631
f 1552/2130/1626 1529/2129/1625 1642/2124/1620 1645/2123/1619
f 1561/2098/1594 1521/2097/1593 1641/2092/1588 1646/2091/1587
f 1545/2006/1518 1507/2005/1517 1640/2008/1520 1644/2007/1519
o Torus.006
v -0.145060 0.563501 0.000000
v -0.162017 0.571195 0.000000
v -0.175615 0.549638 0.000000
v -0.162017 0.493506 0.000000
v -0.145060 0.501199 0.000000
v -0.168072 0.563501 -0.093365
v -0.183087 0.571195 -0.085484
v -0.195127 0.549638 -0.079165
v -0.183087 0.493506 -0.085484
v -0.168072 0.501199 -0.093365
v -0.231837 0.563501 -0.165341
v -0.241470 0.571195 -0.151386
v -0.249195 0.549638 -0.140194
v -0.241470 0.493506 -0.151386
v -0.231837 0.501199 -0.165341
v -0.321748 0.563501 -0.199439
v -0.323791 0.571195 -0.182606
v -0.325431 0.549638 -0.169107
v -0.323791 0.493506 -0.182606
v -0.321748 0.501199 -0.199439
v -0.417206 0.563501 -0.187849
v -0.411193 0.571195 -0.171994
v -0.406370 0.549638 -0.159279
v -0.411193 0.493506 -0.171994
v -0.417206 0.501199 -0.187849
v -0.496343 0.563501 -0.133224
v -0.483650 0.571195 -0.121980
v -0.473472 0.549638 -0.112962
v -0.483650 0.493506 -0.121979
v -0.496343 0.501199 -0.133224
v -0.541030 0.563501 -0.048079
v -0.524566 0.571195 -0.044021
v -0.511363 0.549638 -0.040767
v -0.524566 0.493506 -0.044021
v -0.541030 0.501199 -0.048079
v -0.541030 0.563501 0.048080
v -0.524566 0.571195 0.044022
v -0.511363 0.549638 0.040767
v -0.524566 0.493506 0.044022
v -0.541030 0.501199 0.048080
v -0.496343 0.563501 0.133224
v -0.483650 0.571195 0.121980
v -0.473472 0.549638 0.112962
v -0.483650 0.493506 0.121980
v -0.496343 0.501199 0.133224
v -0.417206 0.563501 0.187849
v -0.411193 0.571195 0.171994
v -0.406370 0.549638 0.159279
v -0.411193 0.493506 0.171994
v -0.417206 0.501199 0.187849
v -0.321748 0.563501 0.199440
v -0.323791 0.571195 0.182606
v -0.325431 0.549638 0.169107
v -0.323791 0.493506 0.182606
v -0.321748 0.501199 0.199440
v -0.231837 0.563501 0.165341
v -0.241470 0.571195 0.151386
v -0.249195 0.549638 0.140195
v -0.241470 0.493506 0.151386
v -0.231837 0.501199 0.165341
v -0.168072 0.563501 0.093365
v -0.183087 0.571195 0.085485
v -0.195127 0.549638 0.079165
v -0.183087 0.493506 0.085485
v -0.168072 0.501199 0.093365
vn 0.9412 0.3378 -0.0000
vn 0.8334 0.3378 -0.4374
vn -0.2675 0.9533 0.1404
vn -0.3021 0.9533 -0.0000
vn -0.8783 0.1268 0.4610
vn -0.9919 0.1268 -0.0000
vn -0.5961 -0.8029 -0.0000
vn -0.5278 -0.8029 0.2770
vn 0.8334 -0.3378 -0.4374
vn 0.9412 -0.3378 -0.0000
vn 0.5347 0.3378 -0.7746
vn -0.1716 0.9533 0.2486
vn -0.5635 0.1268 0.8163
vn -0.3386 -0.8029 0.4906
vn 0.5347 -0.3378 -0.7746
vn 0.1135 0.3378 -0.9343
vn -0.0364 0.9533 0.2999
vn -0.1196 0.1268 0.9847
vn -0.0719 -0.8029 0.5918
vn 0.1135 -0.3378 -0.9343
vn -0.3338 0.3378 -0.8800
vn 0.1071 0.9533 0.2825
vn 0.3517 0.1268 0.9275
vn 0.2114 -0.8029 0.5574
vn -0.3338 -0.3378 -0.8800
vn -0.7045 0.3378 -0.6241
vn 0.2261 0.9533 0.2003
vn 0.7425 0.1268 0.6578
vn 0.4462 -0.8029 0.3953
vn -0.7045 -0.3378 -0.6241
vn -0.9139 0.3378 -0.2252
vn 0.2934 0.9533 0.0723
vn 0.9631 0.1268 0.2374
vn 0.2114 -0.8029 -0.5574
vn 0.4462 -0.8029 -0.3953
vn 0.7425 0.1268 -0.6578
vn 0.3517 0.1268 -0.9275
vn 0.5788 -0.8029 0.1427
vn -0.9139 -0.3378 -0.2252
vn 0.8334 0.3378 0.4374
vn 0.5347 0.3378 0.7746
vn 0.5347 -0.3378 0.7746
vn 0.8334 -0.3378 0.4374
vn -0.9139 0.3378 0.2252
vn 0.2934 0.9533 -0.0723
vn 0.9631 0.1268 -0.2374
vn 0.5788 -0.8029 -0.1427
vn -0.9139 -0.3378 0.2252
vn -0.7045 0.3378 0.6241
vn 0.2261 0.9533 -0.2003
vn -0.7045 -0.3378 0.6241
vn -0.3338 0.3378 0.8800
vn 0.1071 0.9533 -0.2825
vn -0.3338 -0.3378 0.8800
vn 0.1135 0.3378 0.9343
vn -0.0364 0.9533 -0.2999
vn -0.1196 0.1268 -0.9847
vn -0.0719 -0.8029 -0.5918
vn 0.1135 -0.3378 0.9343
vn -0.1716 0.9533 -0.2486
vn -0.5635 0.1268 -0.8163
vn -0.8783 0.1268 -0.4610
vn -0.5278 -0.8029 -0.2770
vn -0.3386 -0.8029 -0.4906
vn -0.2675 0.9533 -0.1404
vt 0.538462 0.714286
vt 0.615385 0.714286
vt 0.615385 0.857143
vt 0.538462 0.857143
vt 0.615385 1.000000
vt 0.538462 1.000000
vt 0.538462 0.285714
vt 0.615385 0.285714
vt 0.615385 0.428571
vt 0.538462 0.428571
vt 0.692308 0.714286
vt 0.692308 0.857143
vt 0.692308 1.000000
vt 0.692308 0.285714
vt 0.692308 0.428571
vt 0.769231 0.714286
vt 0.769231 0.857143
vt 0.769231 1.000000
vt 0.769231 0.285714
vt 0.769231 0.428571
vt 0.846154 0.714286
vt 0.846154 0.857143
vt 0.846154 1.000000
vt 0.846154 0.285714
vt 0.846154 0.428571
vt 0.923077 0.714286
vt 0.923077 0.857143
vt 0.923077 1.000000
vt 0.923077 0.285714
vt 0.923077 0.428571
vt 1.000000 0.714286
vt 1.000000 0.857143
vt 1.000000 1.000000
vt 0.230769 0.285714
vt 0.153846 0.285714
vt 0.153846 1.000000
vt 0.230769 1.000000
vt 1.000000 0.285714
vt 1.000000 0.428571
vt 0.461538 0.714286
vt 0.384615 0.714286
vt 0.384615 0.428571
vt 0.461538 0.428571
vt -0.000000 0.714286
vt 0.076923 0.714286
vt 0.076923 0.857143
vt -0.000000 0.857143
vt 0.076923 1.000000
vt -0.000000 1.000000
vt -0.000000 0.285714
vt 0.076923 0.285714
vt 0.076923 0.428571
vt -0.000000 0.428571
vt 0.153846 0.714286
vt 0.153846 0.857143
vt 0.153846 0.428571
vt 0.230769 0.714286
vt 0.230769 0.857143
vt 0.230769 0.428571
vt 0.307692 0.714286
vt 0.307692 0.857143
vt 0.307692 1.000000
vt 0.307692 0.285714
vt 0.307692 0.428571
vt 0.384615 0.857143
vt 0.384615 1.000000
vt 0.461538 1.000000
vt 0.461538 0.285714
vt 0.384615 0.285714
vt 0.461538 0.857143
s 1
usemtl Глаза_обрамление
f 1648/2188/1659 1653/2189/1660 1654/2190/1661 1649/2191/1662
f 1649/2191/1662 1654/2190/1661 1655/2192/1663 1650/2193/1664
f 1651/2194/1665 1656/2195/1666 1657/2196/1667 1652/2197/1668
f 1653/2189/1660 1658/2198/1669 1659/2199/1670 1654/2190/1661
f 1654/2190/1661 1659/2199/1670 1660/2200/1671 1655/2192/1663
f 1656/2195/1666 1661/2201/1672 1662/2202/1673 1657/2196/1667
f 1658/2198/1669 1663/2203/1674 1664/2204/1675 1659/2199/1670
f 1659/2199/1670 1664/2204/1675 1665/2205/1676 1660/2200/1671
f 1661/2201/1672 1666/2206/1677 1667/2207/1678 1662/2202/1673
f 1663/2203/1674 1668/2208/1679 1669/2209/1680 1664/2204/1675
f 1664/2204/1675 1669/2209/1680 1670/2210/1681 1665/2205/1676
f 1666/2206/1677 1671/2211/1682 1672/2212/1683 1667/2207/1678
f 1668/2208/1679 1673/2213/1684 1674/2214/1685 1669/2209/1680
f 1669/2209/1680 1674/2214/1685 1675/2215/1686 1670/2210/1681
f 1671/2211/1682 1676/2216/1687 1677/2217/1688 1672/2212/1683
f 1673/2213/1684 1678/2218/1689 1679/2219/1690 1674/2214/1685
f 1674/2214/1685 1679/2219/1690 1680/2220/1691 1675/2215/1686
f 1696/2221/1692 1691/2222/1693 1690/2223/1694 1695/2224/1695
f 1676/2216/1687 1681/2225/1696 1682/2226/1697 1677/2217/1688
f 1708/2227/1698 1703/2228/1699 1707/2229/1700 1712/2230/1701
f 1708/2227/1698 1712/2230/1701 1652/2197/1668 1648/2188/1659
f 1678/2231/1689 1683/2232/1702 1684/2233/1703 1679/2234/1690
f 1679/2234/1690 1684/2233/1703 1685/2235/1704 1680/2236/1691
f 1681/2237/1696 1680/2236/1691 1685/2235/1704 1686/2238/1705
f 1690/2223/1694 1691/2222/1693 1686/2238/1705 1685/2235/1704
f 1681/2237/1696 1686/2238/1705 1687/2239/1706 1682/2240/1697
f 1657/2196/1667 1653/2189/1660 1648/2188/1659 1652/2197/1668
f 1658/2198/1669 1653/2189/1660 1657/2196/1667 1662/2202/1673
f 1683/2232/1702 1688/2241/1707 1689/2242/1708 1684/2233/1703
f 1684/2233/1703 1689/2242/1708 1690/2223/1694 1685/2235/1704
f 1681/2225/1696 1676/2216/1687 1675/2215/1686 1680/2220/1691
f 1676/2216/1687 1671/2211/1682 1670/2210/1681 1675/2215/1686
f 1686/2238/1705 1691/2222/1693 1692/2243/1709 1687/2239/1706
f 1667/2207/1678 1663/2203/1674 1658/2198/1669 1662/2202/1673
f 1668/2208/1679 1663/2203/1674 1667/2207/1678 1672/2212/1683
f 1688/2241/1707 1693/2244/1710 1694/2245/1711 1689/2242/1708
f 1689/2242/1708 1694/2245/1711 1695/2224/1695 1690/2223/1694
f 1665/2205/1676 1666/2206/1677 1661/2201/1672 1660/2200/1671
f 1666/2206/1677 1665/2205/1676 1670/2210/1681 1671/2211/1682
f 1691/2222/1693 1696/2221/1692 1697/2246/1712 1692/2243/1709
f 1668/2208/1679 1672/2212/1683 1677/2217/1688 1673/2213/1684
f 1673/2213/1684 1677/2217/1688 1682/2240/1697 1678/2218/1689
f 1693/2244/1710 1698/2247/1713 1699/2248/1714 1694/2245/1711
f 1694/2245/1711 1699/2248/1714 1700/2249/1715 1695/2224/1695
f 1660/2200/1671 1661/2201/1672 1656/2195/1666 1655/2192/1663
f 1651/2194/1665 1650/2193/1664 1655/2192/1663 1656/2195/1666
f 1696/2221/1692 1701/2250/1716 1702/2251/1717 1697/2246/1712
f 1682/2240/1697 1687/2239/1706 1683/2232/1702 1678/2231/1689
f 1688/2241/1707 1683/2232/1702 1687/2239/1706 1692/2243/1709
f 1698/2247/1713 1703/2228/1699 1704/2252/1718 1699/2248/1714
f 1699/2248/1714 1704/2252/1718 1705/2253/1719 1700/2249/1715
f 1710/2254/1720 1711/2255/1721 1706/2256/1722 1705/2253/1719
f 1651/2194/1665 1711/2255/1721 1710/2254/1720 1650/2193/1664
f 1701/2250/1716 1706/2256/1722 1707/2229/1700 1702/2251/1717
f 1693/2244/1710 1688/2241/1707 1692/2243/1709 1697/2246/1712
f 1707/2229/1700 1703/2228/1699 1698/2247/1713 1702/2251/1717
f 1703/2228/1699 1708/2227/1698 1709/2257/1723 1704/2252/1718
f 1704/2252/1718 1709/2257/1723 1710/2254/1720 1705/2253/1719
f 1701/2250/1716 1700/2249/1715 1705/2253/1719 1706/2256/1722
f 1701/2250/1716 1696/2221/1692 1695/2224/1695 1700/2249/1715
f 1706/2256/1722 1711/2255/1721 1712/2230/1701 1707/2229/1700
f 1702/2251/1717 1698/2247/1713 1693/2244/1710 1697/2246/1712
f 1708/2227/1698 1648/2188/1659 1649/2191/1662 1709/2257/1723
f 1709/2257/1723 1649/2191/1662 1650/2193/1664 1710/2254/1720
f 1711/2255/1721 1651/2194/1665 1652/2197/1668 1712/2230/1701
o Cube.026
v 1.122842 2.377846 0.926189
v 1.122842 2.377846 0.822348
v 1.122842 2.549153 0.926189
v 1.122842 2.549153 0.822348
v 1.008701 2.377846 0.926189
v 1.008701 2.377846 0.822348
v 1.008701 2.549153 0.926190
v 1.008701 2.549153 0.822348
vn 1.0000 -0.0000 -0.0000
vn -0.0000 1.0000 -0.0000
vn -1.0000 -0.0000 -0.0000
vn -0.0000 -1.0000 -0.0000
vn -0.0000 -0.0000 1.0000
vn -0.0000 -0.0000 -1.0000
vt 0.375000 0.000000
vt 0.625000 0.000000
vt 0.625000 0.250000
vt 0.375000 0.250000
vt 0.625000 0.500000
vt 0.375000 0.500000
vt 0.625000 0.750000
vt 0.375000 0.750000
vt 0.625000 1.000000
vt 0.375000 1.000000
vt 0.125000 0.500000
vt 0.125000 0.750000
vt 0.875000 0.500000
vt 0.875000 0.750000
s 1
usemtl Глаза_обрамление
f 1713/2258/1724 1714/2259/1724 1716/2260/1724 1715/2261/1724
f 1715/2261/1725 1716/2260/1725 1720/2262/1725 1719/2263/1725
f 1719/2263/1726 1720/2262/1726 1718/2264/1726 1717/2265/1726
f 1717/2265/1727 1718/2264/1727 1714/2266/1727 1713/2267/1727
f 1715/2268/1728 1719/2263/1728 1717/2265/1728 1713/2269/1728
f 1720/2262/1729 1716/2270/1729 1714/2271/1729 1718/2264/1729
o Torus.024
v 0.152142 0.501199 0.000000
v 0.169098 0.493506 0.000000
v 0.182697 0.515063 0.000000
v 0.169098 0.571195 0.000000
v 0.152142 0.563501 0.000000
v 0.175154 0.501199 -0.093365
v 0.190169 0.493506 -0.085484
v 0.202209 0.515063 -0.079165
v 0.190169 0.571195 -0.085484
v 0.175154 0.563501 -0.093365
v 0.238919 0.501199 -0.165341
v 0.248552 0.493506 -0.151386
v 0.256277 0.515063 -0.140194
v 0.248552 0.571195 -0.151386
v 0.238919 0.563501 -0.165341
v 0.328829 0.501199 -0.199439
v 0.330873 0.493506 -0.182606
v 0.332512 0.515063 -0.169107
v 0.330873 0.571195 -0.182606
v 0.328829 0.563501 -0.199439
v 0.424287 0.501199 -0.187849
v 0.418274 0.493506 -0.171994
v 0.413452 0.515063 -0.159279
v 0.418274 0.571195 -0.171994
v 0.424287 0.563501 -0.187849
v 0.503425 0.501199 -0.133224
v 0.490732 0.493506 -0.121980
v 0.480554 0.515063 -0.112962
v 0.490732 0.571195 -0.121980
v 0.503425 0.563501 -0.133224
v 0.548112 0.501199 -0.048079
v 0.531648 0.493506 -0.044021
v 0.518445 0.515063 -0.040767
v 0.531648 0.571195 -0.044021
v 0.548112 0.563501 -0.048079
v 0.548112 0.501199 0.048080
v 0.531648 0.493506 0.044021
v 0.518445 0.515063 0.040767
v 0.531648 0.571195 0.044022
v 0.548112 0.563501 0.048080
v 0.503425 0.501199 0.133224
v 0.490732 0.493506 0.121980
v 0.480554 0.515063 0.112962
v 0.490732 0.571195 0.121980
v 0.503425 0.563501 0.133224
v 0.424287 0.501199 0.187849
v 0.418274 0.493506 0.171994
v 0.413452 0.515063 0.159279
v 0.418274 0.571195 0.171994
v 0.424287 0.563501 0.187849
v 0.328829 0.501199 0.199439
v 0.330873 0.493506 0.182606
v 0.332512 0.515063 0.169107
v 0.330873 0.571195 0.182606
v 0.328829 0.563501 0.199440
v 0.238919 0.501199 0.165341
v 0.248552 0.493506 0.151386
v 0.256277 0.515063 0.140195
v 0.248552 0.571195 0.151386
v 0.238919 0.563501 0.165341
v 0.175154 0.501199 0.093365
v 0.190169 0.493506 0.085485
v 0.202209 0.515063 0.079165
v 0.190169 0.571195 0.085485
v 0.175154 0.563501 0.093365
vn -0.9412 -0.3378 -0.0000
vn -0.8334 -0.3378 -0.4374
vn 0.2675 -0.9533 0.1404
vn 0.3021 -0.9533 -0.0000
vn 0.8783 -0.1268 0.4610
vn 0.9919 -0.1268 -0.0000
vn 0.5961 0.8029 -0.0000
vn 0.5278 0.8029 0.2770
vn -0.8334 0.3378 -0.4374
vn -0.9412 0.3378 -0.0000
vn -0.5347 -0.3378 -0.7746
vn 0.1716 -0.9533 0.2486
vn 0.5635 -0.1268 0.8163
vn 0.3386 0.8029 0.4906
vn -0.5347 0.3378 -0.7746
vn -0.1135 -0.3378 -0.9343
vn 0.0364 -0.9533 0.2999
vn 0.1196 -0.1268 0.9847
vn 0.0719 0.8029 0.5918
vn -0.1135 0.3378 -0.9343
vn 0.3338 -0.3378 -0.8800
vn -0.1071 -0.9533 0.2825
vn -0.3517 -0.1268 0.9275
vn -0.2114 0.8029 0.5574
vn 0.3338 0.3378 -0.8800
vn 0.7045 -0.3378 -0.6241
vn -0.2261 -0.9533 0.2003
vn -0.7425 -0.1268 0.6578
vn -0.4462 0.8029 0.3953
vn 0.7045 0.3378 -0.6241
vn 0.9139 -0.3378 -0.2252
vn -0.2934 -0.9533 0.0723
vn -0.9631 -0.1268 0.2374
vn -0.2114 0.8029 -0.5574
vn -0.4462 0.8029 -0.3953
vn -0.7425 -0.1268 -0.6578
vn -0.3517 -0.1268 -0.9275
vn -0.5788 0.8029 0.1427
vn 0.9139 0.3378 -0.2252
vn -0.8334 -0.3378 0.4374
vn -0.5347 -0.3378 0.7746
vn -0.5347 0.3378 0.7746
vn -0.8334 0.3378 0.4374
vn 0.9139 -0.3378 0.2252
vn -0.2934 -0.9533 -0.0723
vn -0.9631 -0.1268 -0.2374
vn -0.5788 0.8029 -0.1427
vn 0.9139 0.3378 0.2252
vn 0.7045 -0.3378 0.6241
vn -0.2261 -0.9533 -0.2003
vn 0.7045 0.3378 0.6241
vn 0.3338 -0.3378 0.8800
vn -0.1071 -0.9533 -0.2825
vn 0.3338 0.3378 0.8800
vn -0.1135 -0.3378 0.9343
vn 0.0364 -0.9533 -0.2999
vn 0.1196 -0.1268 -0.9847
vn 0.0719 0.8029 -0.5918
vn -0.1135 0.3378 0.9343
vn 0.1716 -0.9533 -0.2486
vn 0.5635 -0.1268 -0.8163
vn 0.8783 -0.1268 -0.4610
vn 0.5278 0.8029 -0.2770
vn 0.3386 0.8029 -0.4906
vn 0.2675 -0.9533 -0.1404
vt 0.538462 0.714286
vt 0.615385 0.714286
vt 0.615385 0.857143
vt 0.538462 0.857143
vt 0.615385 1.000000
vt 0.538462 1.000000
vt 0.538462 0.285714
vt 0.615385 0.285714
vt 0.615385 0.428571
vt 0.538462 0.428571
vt 0.692308 0.714286
vt 0.692308 0.857143
vt 0.692308 1.000000
vt 0.692308 0.285714
vt 0.692308 0.428571
vt 0.769231 0.714286
vt 0.769231 0.857143
vt 0.769231 1.000000
vt 0.769231 0.285714
vt 0.769231 0.428571
vt 0.846154 0.714286
vt 0.846154 0.857143
vt 0.846154 1.000000
vt 0.846154 0.285714
vt 0.846154 0.428571
vt 0.923077 0.714286
vt 0.923077 0.857143
vt 0.923077 1.000000
vt 0.923077 0.285714
vt 0.923077 0.428571
vt 1.000000 0.714286
vt 1.000000 0.857143
vt 1.000000 1.000000
vt 0.230769 0.285714
vt 0.153846 0.285714
vt 0.153846 1.000000
vt 0.230769 1.000000
vt 1.000000 0.285714
vt 1.000000 0.428571
vt 0.461538 0.714286
vt 0.384615 0.714286
vt 0.384615 0.428571
vt 0.461538 0.428571
vt -0.000000 0.714286
vt 0.076923 0.714286
vt 0.076923 0.857143
vt -0.000000 0.857143
vt 0.076923 1.000000
vt -0.000000 1.000000
vt -0.000000 0.285714
vt 0.076923 0.285714
vt 0.076923 0.428571
vt -0.000000 0.428571
vt 0.153846 0.714286
vt 0.153846 0.857143
vt 0.153846 0.428571
vt 0.230769 0.714286
vt 0.230769 0.857143
vt 0.230769 0.428571
vt 0.307692 0.714286
vt 0.307692 0.857143
vt 0.307692 1.000000
vt 0.307692 0.285714
vt 0.307692 0.428571
vt 0.384615 0.857143
vt 0.384615 1.000000
vt 0.461538 1.000000
vt 0.461538 0.285714
vt 0.384615 0.285714
vt 0.461538 0.857143
s 1
usemtl Глаза_обрамление
f 1721/2272/1730 1726/2273/1731 1727/2274/1732 1722/2275/1733
f 1722/2275/1733 1727/2274/1732 1728/2276/1734 1723/2277/1735
f 1724/2278/1736 1729/2279/1737 1730/2280/1738 1725/2281/1739
f 1726/2273/1731 1731/2282/1740 1732/2283/1741 1727/2274/1732
f 1727/2274/1732 1732/2283/1741 1733/2284/1742 1728/2276/1734
f 1729/2279/1737 1734/2285/1743 1735/2286/1744 1730/2280/1738
f 1731/2282/1740 1736/2287/1745 1737/2288/1746 1732/2283/1741
f 1732/2283/1741 1737/2288/1746 1738/2289/1747 1733/2284/1742
f 1734/2285/1743 1739/2290/1748 1740/2291/1749 1735/2286/1744
f 1736/2287/1745 1741/2292/1750 1742/2293/1751 1737/2288/1746
f 1737/2288/1746 1742/2293/1751 1743/2294/1752 1738/2289/1747
f 1739/2290/1748 1744/2295/1753 1745/2296/1754 1740/2291/1749
f 1741/2292/1750 1746/2297/1755 1747/2298/1756 1742/2293/1751
f 1742/2293/1751 1747/2298/1756 1748/2299/1757 1743/2294/1752
f 1744/2295/1753 1749/2300/1758 1750/2301/1759 1745/2296/1754
f 1746/2297/1755 1751/2302/1760 1752/2303/1761 1747/2298/1756
f 1747/2298/1756 1752/2303/1761 1753/2304/1762 1748/2299/1757
f 1769/2305/1763 1764/2306/1764 1763/2307/1765 1768/2308/1766
f 1749/2300/1758 1754/2309/1767 1755/2310/1768 1750/2301/1759
f 1781/2311/1769 1776/2312/1770 1780/2313/1771 1785/2314/1772
f 1781/2311/1769 1785/2314/1772 1725/2281/1739 1721/2272/1730
f 1751/2315/1760 1756/2316/1773 1757/2317/1774 1752/2318/1761
f 1752/2318/1761 1757/2317/1774 1758/2319/1775 1753/2320/1762
f 1754/2321/1767 1753/2320/1762 1758/2319/1775 1759/2322/1776
f 1763/2307/1765 1764/2306/1764 1759/2322/1776 1758/2319/1775
f 1754/2321/1767 1759/2322/1776 1760/2323/1777 1755/2324/1768
f 1730/2280/1738 1726/2273/1731 1721/2272/1730 1725/2281/1739
f 1731/2282/1740 1726/2273/1731 1730/2280/1738 1735/2286/1744
f 1756/2316/1773 1761/2325/1778 1762/2326/1779 1757/2317/1774
f 1757/2317/1774 1762/2326/1779 1763/2307/1765 1758/2319/1775
f 1754/2309/1767 1749/2300/1758 1748/2299/1757 1753/2304/1762
f 1749/2300/1758 1744/2295/1753 1743/2294/1752 1748/2299/1757
f 1759/2322/1776 1764/2306/1764 1765/2327/1780 1760/2323/1777
f 1740/2291/1749 1736/2287/1745 1731/2282/1740 1735/2286/1744
f 1741/2292/1750 1736/2287/1745 1740/2291/1749 1745/2296/1754
f 1761/2325/1778 1766/2328/1781 1767/2329/1782 1762/2326/1779
f 1762/2326/1779 1767/2329/1782 1768/2308/1766 1763/2307/1765
f 1738/2289/1747 1739/2290/1748 1734/2285/1743 1733/2284/1742
f 1739/2290/1748 1738/2289/1747 1743/2294/1752 1744/2295/1753
f 1764/2306/1764 1769/2305/1763 1770/2330/1783 1765/2327/1780
f 1741/2292/1750 1745/2296/1754 1750/2301/1759 1746/2297/1755
f 1746/2297/1755 1750/2301/1759 1755/2324/1768 1751/2302/1760
f 1766/2328/1781 1771/2331/1784 1772/2332/1785 1767/2329/1782
f 1767/2329/1782 1772/2332/1785 1773/2333/1786 1768/2308/1766
f 1733/2284/1742 1734/2285/1743 1729/2279/1737 1728/2276/1734
f 1724/2278/1736 1723/2277/1735 1728/2276/1734 1729/2279/1737
f 1769/2305/1763 1774/2334/1787 1775/2335/1788 1770/2330/1783
f 1755/2324/1768 1760/2323/1777 1756/2316/1773 1751/2315/1760
f 1761/2325/1778 1756/2316/1773 1760/2323/1777 1765/2327/1780
f 1771/2331/1784 1776/2312/1770 1777/2336/1789 1772/2332/1785
f 1772/2332/1785 1777/2336/1789 1778/2337/1790 1773/2333/1786
f 1783/2338/1791 1784/2339/1792 1779/2340/1793 1778/2337/1790
f 1724/2278/1736 1784/2339/1792 1783/2338/1791 1723/2277/1735
f 1774/2334/1787 1779/2340/1793 1780/2313/1771 1775/2335/1788
f 1766/2328/1781 1761/2325/1778 1765/2327/1780 1770/2330/1783
f 1780/2313/1771 1776/2312/1770 1771/2331/1784 1775/2335/1788
f 1776/2312/1770 1781/2311/1769 1782/2341/1794 1777/2336/1789
f 1777/2336/1789 1782/2341/1794 1783/2338/1791 1778/2337/1790
f 1774/2334/1787 1773/2333/1786 1778/2337/1790 1779/2340/1793
f 1774/2334/1787 1769/2305/1763 1768/2308/1766 1773/2333/1786
f 1779/2340/1793 1784/2339/1792 1785/2314/1772 1780/2313/1771
f 1775/2335/1788 1771/2331/1784 1766/2328/1781 1770/2330/1783
f 1781/2311/1769 1721/2272/1730 1722/2275/1733 1782/2341/1794
f 1782/2341/1794 1722/2275/1733 1723/2277/1735 1783/2338/1791
f 1784/2339/1792 1724/2278/1736 1725/2281/1739 1785/2314/1772
o Torus.017
v 1.182363 2.464102 0.162014
v 1.186987 2.464102 0.153414
v 1.206097 2.464102 0.162047
v 1.216042 2.464102 0.186674
v 1.205663 2.464102 0.188686
v 1.189105 2.548260 0.144345
v 1.197498 2.541106 0.135115
v 1.216678 2.535369 0.143475
v 1.232379 2.541106 0.179279
v 1.217078 2.548260 0.179762
v 1.239419 2.613603 0.112169
v 1.243566 2.600934 0.102911
v 1.259340 2.590774 0.114971
v 1.278446 2.600934 0.157508
v 1.267392 2.613603 0.155953
v 1.310363 2.644559 0.069772
v 1.308521 2.629277 0.062783
v 1.319494 2.617022 0.079057
v 1.343402 2.629277 0.124084
v 1.338335 2.644559 0.118931
v 1.385684 2.634037 0.026913
v 1.377485 2.619643 0.023542
v 1.383359 2.608100 0.042717
v 1.412366 2.619643 0.084843
v 1.413656 2.634037 0.076073
v 1.448127 2.584446 -0.008618
v 1.434658 2.574238 -0.008990
v 1.436305 2.566052 0.012590
v 1.469539 2.574238 0.052311
v 1.476099 2.584446 0.040542
v 1.483388 2.507148 -0.028681
v 1.466943 2.503464 -0.027360
v 1.466203 2.500510 -0.004422
v 1.501823 2.503464 0.033941
v 1.511360 2.507148 0.020478
v 1.483388 2.419851 -0.028681
v 1.466943 2.423535 -0.027360
v 1.466203 2.426489 -0.004422
v 1.501823 2.423535 0.033941
v 1.511360 2.419851 0.020478
v 1.448127 2.342553 -0.008618
v 1.434658 2.352761 -0.008990
v 1.436305 2.360947 0.012590
v 1.469539 2.352761 0.052311
v 1.476099 2.342553 0.040541
v 1.385684 2.292962 0.026913
v 1.377485 2.307356 0.023542
v 1.383359 2.318899 0.042717
v 1.412366 2.307356 0.084843
v 1.413656 2.292962 0.076072
v 1.310363 2.282440 0.069772
v 1.308521 2.297722 0.062783
v 1.319494 2.309977 0.079057
v 1.343402 2.297722 0.124084
v 1.338335 2.282440 0.118931
v 1.239419 2.313396 0.112169
v 1.243566 2.326065 0.102910
v 1.259340 2.336225 0.114971
v 1.278447 2.326065 0.157508
v 1.267392 2.313396 0.155953
v 1.189106 2.378739 0.144345
v 1.197498 2.385893 0.135115
v 1.216678 2.391630 0.143475
v 1.232379 2.385893 0.179279
v 1.217078 2.378739 0.179762
vn -0.9600 0.0009 0.2799
vn -0.9018 0.3848 0.1969
vn -0.3154 -0.2149 -0.9243
vn -0.2936 -0.0014 -0.9559
vn 0.6489 -0.4743 -0.5950
vn 0.7548 -0.0023 -0.6560
vn 0.9621 -0.0012 0.2728
vn 0.8645 -0.3397 0.3704
vn -0.5019 0.4128 0.7601
vn -0.5358 0.0012 0.8444
vn -0.6386 0.7695 -0.0067
vn -0.3491 -0.2704 -0.8972
vn 0.4014 -0.8227 -0.4026
vn 0.6624 -0.5241 0.5353
vn -0.2828 0.7638 0.5802
vn -0.2684 0.9338 -0.2366
vn -0.4504 -0.3042 -0.8394
vn 0.0338 -0.9850 -0.1690
vn 0.4487 -0.5919 0.6696
vn 0.0663 0.9318 0.3569
vn 0.1230 0.8800 -0.4587
vn -0.5646 -0.2825 -0.7755
vn -0.3684 -0.9275 0.0637
vn 0.2134 -0.5574 0.8024
vn 0.4572 0.8800 0.1286
vn 0.4452 0.6241 -0.6420
vn -0.6680 -0.2003 -0.7167
vn -0.7080 -0.6578 0.2570
vn 0.0093 -0.3953 0.9185
vn 0.7794 0.6241 -0.0548
vn 0.6272 0.2252 -0.7456
vn -0.7264 -0.0723 -0.6835
vn -0.8998 -0.2374 0.3661
vn 0.2134 0.5574 0.8024
vn 0.0093 0.3953 0.9185
vn -0.7080 0.6578 0.2570
vn -0.3684 0.9275 0.0637
vn -0.1060 -0.1427 0.9841
vn 0.9613 0.2252 -0.1583
vn -0.9020 -0.3840 0.1973
vn -0.6386 -0.7695 -0.0067
vn -0.2828 -0.7638 0.5802
vn -0.5024 -0.4119 0.7603
vn 0.6272 -0.2252 -0.7456
vn -0.7264 0.0723 -0.6835
vn -0.8998 0.2374 0.3661
vn -0.1060 0.1427 0.9841
vn 0.9613 -0.2252 -0.1583
vn 0.4452 -0.6241 -0.6420
vn -0.6680 0.2003 -0.7167
vn 0.7794 -0.6241 -0.0548
vn 0.1230 -0.8800 -0.4587
vn -0.5646 0.2825 -0.7755
vn 0.4572 -0.8800 0.1286
vn -0.2684 -0.9338 -0.2366
vn -0.4504 0.3043 -0.8394
vn 0.0338 0.9850 -0.1690
vn 0.4487 0.5919 0.6696
vn 0.0663 -0.9318 0.3569
vn -0.3491 0.2704 -0.8972
vn 0.4014 0.8227 -0.4026
vn 0.6497 0.4723 -0.5957
vn 0.8648 0.3386 0.3709
vn 0.6624 0.5241 0.5353
vn -0.3159 0.2133 -0.9245
vt 0.538462 0.714286
vt 0.615385 0.714286
vt 0.615385 0.857143
vt 0.538462 0.857143
vt 0.615385 1.000000
vt 0.538462 1.000000
vt 0.538462 0.285714
vt 0.615385 0.285714
vt 0.615385 0.428571
vt 0.538462 0.428571
vt 0.692308 0.714286
vt 0.692308 0.857143
vt 0.692308 1.000000
vt 0.692308 0.285714
vt 0.692308 0.428571
vt 0.769231 0.714286
vt 0.769231 0.857143
vt 0.769231 1.000000
vt 0.769231 0.285714
vt 0.769231 0.428571
vt 0.846154 0.714286
vt 0.846154 0.857143
vt 0.846154 1.000000
vt 0.846154 0.285714
vt 0.846154 0.428571
vt 0.923077 0.714286
vt 0.923077 0.857143
vt 0.923077 1.000000
vt 0.923077 0.285714
vt 0.923077 0.428571
vt 1.000000 0.714286
vt 1.000000 0.857143
vt 1.000000 1.000000
vt 0.230769 0.285714
vt 0.153846 0.285714
vt 0.153846 1.000000
vt 0.230769 1.000000
vt 1.000000 0.285714
vt 1.000000 0.428571
vt 0.461538 0.714286
vt 0.384615 0.714286
vt 0.384615 0.428571
vt 0.461538 0.428571
vt -0.000000 0.714286
vt 0.076923 0.714286
vt 0.076923 0.857143
vt -0.000000 0.857143
vt 0.076923 1.000000
vt -0.000000 1.000000
vt -0.000000 0.285714
vt 0.076923 0.285714
vt 0.076923 0.428571
vt -0.000000 0.428571
vt 0.153846 0.714286
vt 0.153846 0.857143
vt 0.153846 0.428571
vt 0.230769 0.714286
vt 0.230769 0.857143
vt 0.230769 0.428571
vt 0.307692 0.714286
vt 0.307692 0.857143
vt 0.307692 1.000000
vt 0.307692 0.285714
vt 0.307692 0.428571
vt 0.384615 0.857143
vt 0.384615 1.000000
vt 0.461538 1.000000
vt 0.461538 0.285714
vt 0.384615 0.285714
vt 0.461538 0.857143
s 1
usemtl Глаза_обрамление
f 1786/2342/1795 1791/2343/1796 1792/2344/1797 1787/2345/1798
f 1787/2345/1798 1792/2344/1797 1793/2346/1799 1788/2347/1800
f 1789/2348/1801 1794/2349/1802 1795/2350/1803 1790/2351/1804
f 1791/2343/1796 1796/2352/1805 1797/2353/1806 1792/2344/1797
f 1792/2344/1797 1797/2353/1806 1798/2354/1807 1793/2346/1799
f 1794/2349/1802 1799/2355/1808 1800/2356/1809 1795/2350/1803
f 1796/2352/1805 1801/2357/1810 1802/2358/1811 1797/2353/1806
f 1797/2353/1806 1802/2358/1811 1803/2359/1812 1798/2354/1807
f 1799/2355/1808 1804/2360/1813 1805/2361/1814 1800/2356/1809
f 1801/2357/1810 1806/2362/1815 1807/2363/1816 1802/2358/1811
f 1802/2358/1811 1807/2363/1816 1808/2364/1817 1803/2359/1812
f 1804/2360/1813 1809/2365/1818 1810/2366/1819 1805/2361/1814
f 1806/2362/1815 1811/2367/1820 1812/2368/1821 1807/2363/1816
f 1807/2363/1816 1812/2368/1821 1813/2369/1822 1808/2364/1817
f 1809/2365/1818 1814/2370/1823 1815/2371/1824 1810/2366/1819
f 1811/2367/1820 1816/2372/1825 1817/2373/1826 1812/2368/1821
f 1812/2368/1821 1817/2373/1826 1818/2374/1827 1813/2369/1822
f 1834/2375/1828 1829/2376/1829 1828/2377/1830 1833/2378/1831
f 1814/2370/1823 1819/2379/1832 1820/2380/1833 1815/2371/1824
f 1846/2381/1834 1841/2382/1835 1845/2383/1836 1850/2384/1837
f 1846/2381/1834 1850/2384/1837 1790/2351/1804 1786/2342/1795
f 1816/2385/1825 1821/2386/1838 1822/2387/1839 1817/2388/1826
f 1817/2388/1826 1822/2387/1839 1823/2389/1840 1818/2390/1827
f 1819/2391/1832 1818/2390/1827 1823/2389/1840 1824/2392/1841
f 1828/2377/1830 1829/2376/1829 1824/2392/1841 1823/2389/1840
f 1819/2391/1832 1824/2392/1841 1825/2393/1842 1820/2394/1833
f 1795/2350/1803 1791/2343/1796 1786/2342/1795 1790/2351/1804
f 1796/2352/1805 1791/2343/1796 1795/2350/1803 1800/2356/1809
f 1821/2386/1838 1826/2395/1843 1827/2396/1844 1822/2387/1839
f 1822/2387/1839 1827/2396/1844 1828/2377/1830 1823/2389/1840
f 1819/2379/1832 1814/2370/1823 1813/2369/1822 1818/2374/1827
f 1814/2370/1823 1809/2365/1818 1808/2364/1817 1813/2369/1822
f 1824/2392/1841 1829/2376/1829 1830/2397/1845 1825/2393/1842
f 1805/2361/1814 1801/2357/1810 1796/2352/1805 1800/2356/1809
f 1806/2362/1815 1801/2357/1810 1805/2361/1814 1810/2366/1819
f 1826/2395/1843 1831/2398/1846 1832/2399/1847 1827/2396/1844
f 1827/2396/1844 1832/2399/1847 1833/2378/1831 1828/2377/1830
f 1803/2359/1812 1804/2360/1813 1799/2355/1808 1798/2354/1807
f 1804/2360/1813 1803/2359/1812 1808/2364/1817 1809/2365/1818
f 1829/2376/1829 1834/2375/1828 1835/2400/1848 1830/2397/1845
f 1806/2362/1815 1810/2366/1819 1815/2371/1824 1811/2367/1820
f 1811/2367/1820 1815/2371/1824 1820/2394/1833 1816/2372/1825
f 1831/2398/1846 1836/2401/1849 1837/2402/1850 1832/2399/1847
f 1832/2399/1847 1837/2402/1850 1838/2403/1851 1833/2378/1831
f 1798/2354/1807 1799/2355/1808 1794/2349/1802 1793/2346/1799
f 1789/2348/1801 1788/2347/1800 1793/2346/1799 1794/2349/1802
f 1834/2375/1828 1839/2404/1852 1840/2405/1853 1835/2400/1848
f 1820/2394/1833 1825/2393/1842 1821/2386/1838 1816/2385/1825
f 1826/2395/1843 1821/2386/1838 1825/2393/1842 1830/2397/1845
f 1836/2401/1849 1841/2382/1835 1842/2406/1854 1837/2402/1850
f 1837/2402/1850 1842/2406/1854 1843/2407/1855 1838/2403/1851
f 1848/2408/1856 1849/2409/1857 1844/2410/1858 1843/2407/1855
f 1789/2348/1801 1849/2409/1857 1848/2408/1856 1788/2347/1800
f 1839/2404/1852 1844/2410/1858 1845/2383/1836 1840/2405/1853
f 1831/2398/1846 1826/2395/1843 1830/2397/1845 1835/2400/1848
f 1845/2383/1836 1841/2382/1835 1836/2401/1849 1840/2405/1853
f 1841/2382/1835 1846/2381/1834 1847/2411/1859 1842/2406/1854
f 1842/2406/1854 1847/2411/1859 1848/2408/1856 1843/2407/1855
f 1839/2404/1852 1838/2403/1851 1843/2407/1855 1844/2410/1858
f 1839/2404/1852 1834/2375/1828 1833/2378/1831 1838/2403/1851
f 1844/2410/1858 1849/2409/1857 1850/2384/1837 1845/2383/1836
f 1840/2405/1853 1836/2401/1849 1831/2398/1846 1835/2400/1848
f 1846/2381/1834 1786/2342/1795 1787/2345/1798 1847/2411/1859
f 1847/2411/1859 1787/2345/1798 1788/2347/1800 1848/2408/1856
f 1849/2409/1857 1789/2348/1801 1790/2351/1804 1850/2384/1837
o Cylinder.009
v -0.240080 4.105506 -0.023472
v -0.243053 4.133916 -0.007370
v -0.222893 4.107305 -0.015150
v -0.238387 4.134405 -0.005110
v -0.218648 4.107749 0.003549
v -0.237235 4.134525 -0.000034
v -0.230542 4.106504 0.018545
v -0.240464 4.134188 0.004037
v -0.249618 4.104508 0.018545
v -0.245643 4.133646 0.004037
v -0.261512 4.103263 0.003549
v -0.248872 4.133307 -0.000034
v -0.257267 4.103708 -0.015150
v -0.247719 4.133428 -0.005110
v -0.241297 4.117140 -0.017965
v -0.228393 4.118491 -0.011716
v -0.225206 4.118824 0.002324
v -0.234136 4.117890 0.013583
v -0.248459 4.116391 0.013583
v -0.257389 4.115457 0.002324
v -0.254202 4.115790 -0.011716
v -0.224043 4.118297 -0.015150
v -0.219798 4.118741 0.003549
v -0.231692 4.117496 0.018545
v -0.250768 4.115499 0.018545
v -0.262662 4.114255 0.003549
v -0.258417 4.114699 -0.015150
v -0.241230 4.116498 -0.023472
v -0.242014 4.123987 -0.011240
v -0.234338 4.124791 -0.007524
v -0.232442 4.124989 0.000827
v -0.237754 4.124433 0.007525
v -0.246274 4.123541 0.007525
v -0.251586 4.122985 0.000827
v -0.249690 4.123184 -0.007524
vn -0.0591 0.5651 -0.8229
vn -0.0786 0.7508 -0.6559
vn 0.4314 0.8041 -0.4089
vn 0.5807 0.6321 -0.5131
vn 0.5574 0.8173 0.1459
vn 0.7388 0.6486 0.1831
vn 0.2045 0.7804 0.5909
vn 0.2960 0.6022 0.7414
vn -0.3616 0.7212 0.5909
vn -0.4142 0.5279 0.7414
vn -0.7145 0.6842 0.1459
vn -0.8571 0.4816 0.1831
vn -0.5886 0.6974 -0.4089
vn -0.6990 0.4981 -0.5131
vn 0.0647 -0.6179 -0.7836
vn 0.6740 -0.5541 -0.4886
vn 0.8245 -0.5383 0.1744
vn 0.4028 -0.5825 0.7060
vn -0.2735 -0.6533 0.7060
vn -0.6952 -0.6974 0.1744
vn -0.5447 -0.6816 -0.4886
vn -0.6914 0.5160 -0.5056
vn -0.3760 0.8992 -0.2236
vn -0.0972 0.9284 -0.3586
vn -0.0609 0.5820 -0.8109
vn -0.8472 0.4997 0.1804
vn -0.4449 0.8920 0.0798
vn -0.4108 0.5454 0.7306
vn -0.2519 0.9122 0.3231
vn 0.2890 0.6186 0.7306
vn 0.0576 0.9446 0.3231
vn 0.7253 0.6643 0.1804
vn 0.2505 0.9648 0.0798
vn 0.5696 0.6480 -0.5056
vn 0.1817 0.9576 -0.2236
vt 1.000000 0.875000
vt 1.000000 1.000000
vt 0.857143 1.000000
vt 0.857143 0.875000
vt 0.714286 1.000000
vt 0.714286 0.875000
vt 0.571429 1.000000
vt 0.571429 0.875000
vt 0.428571 1.000000
vt 0.428571 0.875000
vt 0.285714 1.000000
vt 0.285714 0.875000
vt 0.437640 0.399638
vt 0.250000 0.490000
vt 0.062360 0.399638
vt 0.016017 0.196595
vt 0.145868 0.033767
vt 0.354132 0.033767
vt 0.483983 0.196595
vt 0.142857 1.000000
vt 0.142857 0.875000
vt 0.000000 1.000000
vt 0.000000 0.875000
vt 0.750000 0.490000
vt 0.937640 0.399638
vt 0.983983 0.196595
vt 0.854132 0.033767
vt 0.645868 0.033767
vt 0.516017 0.196595
vt 0.562360 0.399638
vt 0.142857 0.625000
vt 0.142857 0.750000
vt 0.000000 0.750000
vt 0.000000 0.625000
vt 0.285714 0.625000
vt 0.285714 0.750000
vt 0.428571 0.625000
vt 0.428571 0.750000
vt 0.571429 0.625000
vt 0.571429 0.750000
vt 0.714286 0.625000
vt 0.714286 0.750000
vt 0.857143 0.625000
vt 0.857143 0.750000
vt 1.000000 0.625000
vt 1.000000 0.750000
vt 1.000000 0.500000
vt 0.857143 0.500000
vt 0.714286 0.500000
vt 0.571429 0.500000
vt 0.428571 0.500000
vt 0.285714 0.500000
vt 0.142857 0.500000
vt 0.000000 0.500000
s 1
usemtl Лампочки
f 1879/2412/1860 1852/2413/1861 1854/2414/1862 1880/2415/1863
f 1880/2415/1863 1854/2414/1862 1856/2416/1864 1881/2417/1865
f 1881/2417/1865 1856/2416/1864 1858/2418/1866 1882/2419/1867
f 1882/2419/1867 1858/2418/1866 1860/2420/1868 1883/2421/1869
f 1883/2421/1869 1860/2420/1868 1862/2422/1870 1884/2423/1871
f 1854/2424/1862 1852/2425/1861 1864/2426/1872 1862/2427/1870 1860/2428/1868 1858/2429/1866 1856/2430/1864
f 1884/2423/1871 1862/2422/1870 1864/2431/1872 1885/2432/1873
f 1885/2432/1873 1864/2431/1872 1852/2433/1861 1879/2434/1860
f 1851/2435/1874 1853/2436/1875 1855/2437/1876 1857/2438/1877 1859/2439/1878 1861/2440/1879 1863/2441/1880
f 1877/2442/1881 1871/2443/1882 1865/2444/1883 1878/2445/1884
f 1876/2446/1885 1870/2447/1886 1871/2443/1882 1877/2442/1881
f 1875/2448/1887 1869/2449/1888 1870/2447/1886 1876/2446/1885
f 1874/2450/1889 1868/2451/1890 1869/2449/1888 1875/2448/1887
f 1873/2452/1891 1867/2453/1892 1868/2451/1890 1874/2450/1889
f 1872/2454/1893 1866/2455/1894 1867/2453/1892 1873/2452/1891
f 1878/2456/1884 1865/2457/1883 1866/2455/1894 1872/2454/1893
f 1851/2458/1874 1878/2456/1884 1872/2454/1893 1853/2459/1875
f 1853/2459/1875 1872/2454/1893 1873/2452/1891 1855/2460/1876
f 1855/2460/1876 1873/2452/1891 1874/2450/1889 1857/2461/1877
f 1857/2461/1877 1874/2450/1889 1875/2448/1887 1859/2462/1878
f 1859/2462/1878 1875/2448/1887 1876/2446/1885 1861/2463/1879
f 1861/2463/1879 1876/2446/1885 1877/2442/1881 1863/2464/1880
f 1863/2464/1880 1877/2442/1881 1878/2445/1884 1851/2465/1874
f 1871/2443/1882 1885/2432/1873 1879/2434/1860 1865/2444/1883
f 1870/2447/1886 1884/2423/1871 1885/2432/1873 1871/2443/1882
f 1869/2449/1888 1883/2421/1869 1884/2423/1871 1870/2447/1886
f 1868/2451/1890 1882/2419/1867 1883/2421/1869 1869/2449/1888
f 1867/2453/1892 1881/2417/1865 1882/2419/1867 1868/2451/1890
f 1866/2455/1894 1880/2415/1863 1881/2417/1865 1867/2453/1892
f 1865/2457/1883 1879/2412/1860 1880/2415/1863 1866/2455/1894
o Torus.016
v -0.063460 3.622996 0.000000
v -0.067438 3.631701 0.000000
v -0.076376 3.633852 0.000000
v -0.092708 3.627334 -0.000000
v -0.092708 3.618658 -0.000000
v -0.076376 3.612141 0.000000
v -0.067438 3.614291 0.000000
v -0.076046 3.622996 -0.053814
v -0.079569 3.631701 -0.051866
v -0.087484 3.633852 -0.047488
v -0.101945 3.627334 -0.039490
v -0.101945 3.618658 -0.039490
v -0.087484 3.612141 -0.047488
v -0.079569 3.614291 -0.051866
v -0.110923 3.622996 -0.095300
v -0.113182 3.631701 -0.091850
v -0.118260 3.633852 -0.084097
v -0.127538 3.627334 -0.069933
v -0.127538 3.618658 -0.069933
v -0.118260 3.612141 -0.084097
v -0.113182 3.614291 -0.091850
v -0.160099 3.622996 -0.114954
v -0.160578 3.631701 -0.110792
v -0.161656 3.633852 -0.101441
v -0.163624 3.627334 -0.084356
v -0.163624 3.618658 -0.084356
v -0.161656 3.612141 -0.101441
v -0.160578 3.614291 -0.110792
v -0.212310 3.622996 -0.108273
v -0.210899 3.631701 -0.104353
v -0.207729 3.633852 -0.095545
v -0.201938 3.627334 -0.079453
v -0.201938 3.618658 -0.079453
v -0.207729 3.612141 -0.095545
v -0.210899 3.614291 -0.104353
v -0.255594 3.622996 -0.076788
v -0.252616 3.631701 -0.074008
v -0.245925 3.633852 -0.067762
v -0.233701 3.627334 -0.056349
v -0.233701 3.618658 -0.056349
v -0.245925 3.612141 -0.067762
v -0.252616 3.614291 -0.074008
v -0.280035 3.622996 -0.027712
v -0.276173 3.631701 -0.026709
v -0.267494 3.633852 -0.024455
v -0.251636 3.627334 -0.020336
v -0.251636 3.618658 -0.020336
v -0.267494 3.612141 -0.024455
v -0.276173 3.614291 -0.026709
v -0.280035 3.622996 0.027712
v -0.276173 3.631701 0.026709
v -0.267494 3.633852 0.024455
v -0.251636 3.627334 0.020336
v -0.251636 3.618658 0.020336
v -0.267494 3.612141 0.024455
v -0.276173 3.614291 0.026709
v -0.255594 3.622996 0.076788
v -0.252616 3.631701 0.074008
v -0.245925 3.633852 0.067762
v -0.233701 3.627334 0.056349
v -0.233701 3.618658 0.056349
v -0.245925 3.612141 0.067762
v -0.252616 3.614291 0.074008
v -0.212310 3.622996 0.108273
v -0.210899 3.631701 0.104353
v -0.207729 3.633852 0.095545
v -0.201938 3.627334 0.079453
v -0.201938 3.618658 0.079453
v -0.207729 3.612141 0.095545
v -0.210899 3.614291 0.104353
v -0.160099 3.622996 0.114954
v -0.160578 3.631701 0.110792
v -0.161656 3.633852 0.101441
v -0.163624 3.627334 0.084355
v -0.163624 3.618658 0.084355
v -0.161656 3.612141 0.101441
v -0.160578 3.614291 0.110792
v -0.110923 3.622996 0.095300
v -0.113182 3.631701 0.091850
v -0.118260 3.633852 0.084097
v -0.127538 3.627334 0.069933
v -0.127538 3.618658 0.069933
v -0.118260 3.612141 0.084097
v -0.113182 3.614291 0.091850
v -0.076046 3.622996 0.053814
v -0.079569 3.631701 0.051866
v -0.087484 3.633852 0.047488
v -0.101945 3.627334 0.039490
v -0.101945 3.618658 0.039490
v -0.087484 3.612141 0.047488
v -0.079569 3.614291 0.051866
v -0.184962 3.633852 0.101619
v -0.183005 3.618658 0.084504
v -0.186033 3.614291 0.110987
v -0.186509 3.622996 0.115156
v -0.186033 3.631701 0.110987
v -0.183005 3.627334 0.084504
v -0.184962 3.612141 0.101619
v -0.136016 3.614291 0.104537
v -0.134614 3.622996 0.108463
v -0.136016 3.631701 0.104537
v -0.144923 3.627334 0.079593
v -0.139167 3.612141 0.095714
v -0.139167 3.633852 0.095714
v -0.144923 3.618658 0.079593
v -0.094551 3.631701 0.074139
v -0.113352 3.627334 0.056448
v -0.101202 3.612141 0.067881
v -0.091592 3.622996 0.076923
v -0.113352 3.618658 0.056448
v -0.094551 3.614291 0.074139
v -0.101202 3.633852 0.067881
v -0.067298 3.622996 0.027761
v -0.079763 3.633852 0.024498
v -0.071137 3.631701 0.026756
v -0.095525 3.627334 0.020372
v -0.079763 3.612141 0.024498
v -0.095525 3.618658 0.020372
v -0.071137 3.614291 0.026756
v -0.067298 3.622996 -0.027761
v -0.079763 3.633852 -0.024498
v -0.095525 3.618658 -0.020372
v -0.071137 3.614291 -0.026756
v -0.071137 3.631701 -0.026756
v -0.095525 3.627334 -0.020372
v -0.079763 3.612141 -0.024498
v -0.235388 3.622996 0.095467
v -0.233142 3.631701 0.092011
v -0.228095 3.612141 0.084245
v -0.218873 3.627334 0.070056
v -0.218873 3.618658 0.070056
v -0.233142 3.614291 0.092011
v -0.228095 3.633852 0.084245
v -0.266553 3.631701 0.051957
v -0.244312 3.627334 0.039559
v -0.258686 3.612141 0.047572
v -0.270054 3.622996 0.053909
v -0.258686 3.633852 0.047572
v -0.244312 3.618658 0.039559
v -0.266553 3.614291 0.051957
v -0.282564 3.622996 0.000000
v -0.269726 3.633852 0.000000
v -0.253492 3.618658 -0.000000
v -0.278610 3.614291 0.000000
v -0.278610 3.631701 0.000000
v -0.253492 3.627334 -0.000000
v -0.269726 3.612141 0.000000
v -0.244312 3.627334 -0.039559
v -0.258686 3.612141 -0.047572
v -0.270054 3.622996 -0.053908
v -0.266553 3.614291 -0.051957
v -0.244312 3.618658 -0.039559
v -0.258686 3.633852 -0.047572
v -0.266553 3.631701 -0.051957
v -0.235332 3.622996 -0.095509
v -0.233087 3.631701 -0.092051
v -0.218832 3.627334 -0.070087
v -0.228045 3.612141 -0.084282
v -0.228045 3.633852 -0.084282
v -0.218832 3.618658 -0.070087
v -0.233087 3.614291 -0.092051
v -0.184962 3.633852 -0.101619
v -0.183005 3.618658 -0.084504
v -0.186033 3.614291 -0.110987
v -0.186509 3.622996 -0.115156
v -0.186033 3.631701 -0.110987
v -0.183005 3.627334 -0.084504
v -0.184962 3.612141 -0.101619
v -0.144923 3.627334 -0.079593
v -0.134614 3.622996 -0.108463
v -0.139167 3.612141 -0.095713
v -0.144923 3.618658 -0.079593
v -0.139167 3.633852 -0.095713
v -0.136016 3.614291 -0.104537
v -0.136016 3.631701 -0.104537
v -0.094551 3.631701 -0.074138
v -0.113352 3.627334 -0.056448
v -0.101202 3.612141 -0.067881
v -0.091592 3.622996 -0.076923
v -0.101202 3.633852 -0.067881
v -0.113352 3.618658 -0.056448
v -0.094551 3.614291 -0.074138
vn 0.9736 -0.0000 -0.2285
vn 0.8972 -0.0000 -0.4417
vn 0.5934 0.7501 -0.2920
vn 0.6419 0.7519 -0.1506
vn -0.0405 0.9990 0.0201
vn -0.0522 0.9986 0.0123
vn -0.7330 0.5768 0.3606
vn -0.8029 0.5655 0.1884
vn -0.7330 -0.5768 0.3606
vn -0.8029 -0.5655 0.1884
vn -0.0405 -0.9990 0.0201
vn -0.0522 -0.9986 0.0123
vn 0.5934 -0.7501 -0.2920
vn 0.6419 -0.7519 -0.1506
vn 0.7643 -0.0000 -0.6449
vn 0.5926 -0.0000 -0.8055
vn 0.3855 0.7597 -0.5237
vn 0.4993 0.7572 -0.4212
vn -0.0276 0.9989 0.0377
vn -0.0383 0.9987 0.0324
vn -0.4815 0.5834 0.6541
vn -0.6250 0.5757 0.5272
vn -0.4815 -0.5834 0.6541
vn -0.6250 -0.5757 0.5272
vn -0.0276 -0.9989 0.0377
vn -0.0383 -0.9987 0.0323
vn 0.3855 -0.7597 -0.5237
vn 0.4993 -0.7572 -0.4212
vn 0.3698 -0.0000 -0.9291
vn 0.1283 -0.0000 -0.9917
vn 0.0825 0.7663 -0.6371
vn 0.2389 0.7634 -0.6001
vn -0.0061 0.9989 0.0473
vn -0.0171 0.9989 0.0430
vn -0.1038 0.5882 0.8020
vn -0.2993 0.5877 0.7517
vn -0.1038 -0.5882 0.8020
vn -0.2993 -0.5877 0.7517
vn -0.0061 -0.9989 0.0473
vn -0.0171 -0.9989 0.0430
vn 0.0825 -0.7663 -0.6371
vn 0.2389 -0.7634 -0.6001
vn -0.1264 -0.0000 -0.9920
vn -0.3745 -0.0000 -0.9272
vn -0.2418 0.7639 -0.5983
vn -0.0814 0.7650 -0.6388
vn 0.0177 0.9989 0.0440
vn 0.0057 0.9990 0.0449
vn 0.3035 0.5864 0.7510
vn 0.1020 0.5908 0.8004
vn 0.3035 -0.5864 0.7510
vn 0.1020 -0.5908 0.8004
vn 0.0177 -0.9989 0.0440
vn 0.0057 -0.9990 0.0449
vn -0.2418 -0.7639 -0.5983
vn -0.0814 -0.7650 -0.6388
vn -0.5865 -0.0000 -0.8100
vn -0.7690 -0.0000 -0.6393
vn -0.5047 0.7547 -0.4193
vn -0.3808 0.7605 -0.5259
vn 0.0352 0.9989 0.0295
vn 0.0281 0.9988 0.0389
vn 0.6266 0.5799 0.5206
vn 0.4769 0.5822 0.6585
vn 0.6266 -0.5799 0.5206
vn 0.4769 -0.5822 0.6585
vn 0.0352 -0.9989 0.0295
vn 0.0281 -0.9988 0.0389
vn -0.5047 -0.7547 -0.4193
vn -0.3808 -0.7605 -0.5259
vn -0.8945 -0.0000 -0.4470
vn -0.9743 -0.0000 -0.2252
vn -0.6479 0.7468 -0.1497
vn -0.5876 0.7540 -0.2936
vn 0.0435 0.9990 0.0101
vn 0.0466 0.9986 0.0233
vn 0.7974 0.5746 0.1842
vn 0.7352 0.5697 0.3673
vn 0.7974 -0.5746 0.1842
vn 0.7352 -0.5697 0.3673
vn 0.0435 -0.9990 0.0101
vn 0.0466 -0.9986 0.0233
vn -0.6479 -0.7468 -0.1497
vn -0.5876 -0.7540 -0.2936
vn -1.0000 -0.0000 -0.0000
vn -0.9743 -0.0000 0.2252
vn -0.6479 0.7468 0.1497
vn -0.6602 0.7511 -0.0000
vn 0.0435 0.9990 -0.0101
vn 0.0542 0.9985 -0.0000
vn 0.7974 0.5746 -0.1842
vn 0.8258 0.5640 -0.0000
vn 0.7974 -0.5746 -0.1842
vn 0.8258 -0.5640 -0.0000
vn 0.0435 -0.9990 -0.0101
vn 0.0542 -0.9985 -0.0000
vn -0.6479 -0.7468 0.1497
vn -0.6602 -0.7511 -0.0000
vn -0.8945 -0.0000 0.4470
vn -0.7690 -0.0000 0.6392
vn -0.5047 0.7547 0.4192
vn -0.5876 0.7540 0.2936
vn 0.0353 0.9989 -0.0295
vn 0.0466 0.9986 -0.0233
vn 0.6267 0.5799 -0.5205
vn 0.7352 0.5697 -0.3673
vn 0.6267 -0.5799 -0.5205
vn 0.7352 -0.5697 -0.3673
vn 0.0353 -0.9989 -0.0295
vn 0.0466 -0.9986 -0.0233
vn -0.5047 -0.7547 0.4192
vn -0.5876 -0.7540 0.2936
vn -0.5867 -0.0000 0.8098
vn -0.3747 -0.0000 0.9272
vn -0.2419 0.7639 0.5983
vn -0.3810 0.7605 0.5258
vn 0.0177 0.9989 -0.0439
vn 0.0281 0.9988 -0.0389
vn 0.3036 0.5864 -0.7509
vn 0.4771 0.5822 -0.6583
vn 0.3036 -0.5864 -0.7509
vn 0.4771 -0.5822 -0.6583
vn 0.0177 -0.9989 -0.0439
vn 0.0281 -0.9988 -0.0389
vn -0.2419 -0.7639 0.5983
vn -0.3810 -0.7605 0.5258
vn -0.1264 -0.0000 0.9920
vn 0.1283 -0.0000 0.9917
vn 0.0825 0.7663 0.6371
vn -0.0814 0.7650 0.6388
vn -0.0061 0.9989 -0.0473
vn 0.0057 0.9990 -0.0449
vn -0.1038 0.5882 -0.8020
vn 0.1020 0.5908 -0.8004
vn -0.1038 -0.5882 -0.8020
vn 0.1020 -0.5908 -0.8004
vn -0.0061 -0.9989 -0.0473
vn 0.0057 -0.9990 -0.0449
vn 0.0825 -0.7663 0.6371
vn -0.0814 -0.7650 0.6388
vn 0.3698 -0.0000 0.9291
vn 0.5926 -0.0000 0.8055
vn 0.3855 0.7597 0.5237
vn 0.2389 0.7634 0.6001
vn -0.0276 0.9989 -0.0377
vn -0.0171 0.9989 -0.0430
vn -0.4815 0.5834 -0.6541
vn -0.2993 0.5877 -0.7517
vn -0.4815 -0.5834 -0.6541
vn -0.2993 -0.5877 -0.7517
vn -0.0276 -0.9989 -0.0377
vn -0.0171 -0.9989 -0.0430
vn 0.3855 -0.7597 0.5237
vn 0.2389 -0.7634 0.6001
vn 0.7643 -0.0000 0.6449
vn 0.8972 -0.0000 0.4417
vn 0.5934 0.7501 0.2920
vn 0.4993 0.7572 0.4212
vn -0.0405 0.9990 -0.0201
vn -0.0383 0.9987 -0.0324
vn -0.7330 0.5768 -0.3606
vn -0.6250 0.5757 -0.5272
vn -0.7330 -0.5768 -0.3606
vn -0.6250 -0.5757 -0.5272
vn -0.0405 -0.9990 -0.0201
vn -0.0383 -0.9987 -0.0323
vn 0.5934 -0.7501 0.2920
vn 0.4993 -0.7572 0.4212
vn 0.9736 -0.0000 0.2285
vn 1.0000 -0.0000 -0.0000
vn 0.6663 0.7457 -0.0000
vn 0.6419 0.7519 0.1506
vn -0.0444 0.9990 -0.0000
vn -0.0522 0.9986 -0.0123
vn -0.8190 0.5739 -0.0000
vn -0.8029 0.5655 -0.1884
vn -0.8190 -0.5739 -0.0000
vn -0.8029 -0.5655 -0.1884
vn -0.0444 -0.9990 -0.0000
vn -0.0522 -0.9986 -0.0123
vn 0.6663 -0.7457 -0.0000
vn 0.6419 -0.7519 0.1506
vt 0.576923 0.571429
vt 0.615385 0.571429
vt 0.615385 0.714286
vt 0.576923 0.714286
vt 0.615385 0.857143
vt 0.576923 0.857143
vt 0.615385 1.000000
vt 0.576923 1.000000
vt 0.576923 -0.000000
vt 0.615385 -0.000000
vt 0.615385 0.142857
vt 0.576923 0.142857
vt 0.615385 0.285714
vt 0.576923 0.285714
vt 0.615385 0.428571
vt 0.576923 0.428571
vt 0.653846 0.571429
vt 0.692308 0.571429
vt 0.692308 0.714286
vt 0.653846 0.714286
vt 0.692308 0.857143
vt 0.653846 0.857143
vt 0.692308 1.000000
vt 0.653846 1.000000
vt 0.653846 -0.000000
vt 0.692308 -0.000000
vt 0.692308 0.142857
vt 0.653846 0.142857
vt 0.692308 0.285714
vt 0.653846 0.285714
vt 0.692308 0.428571
vt 0.653846 0.428571
vt 0.730769 0.571429
vt 0.769231 0.571429
vt 0.769231 0.714286
vt 0.730769 0.714286
vt 0.769231 0.857143
vt 0.730769 0.857143
vt 0.769231 1.000000
vt 0.730769 1.000000
vt 0.730769 -0.000000
vt 0.769231 -0.000000
vt 0.769231 0.142857
vt 0.730769 0.142857
vt 0.769231 0.285714
vt 0.730769 0.285714
vt 0.769231 0.428571
vt 0.730769 0.428571
vt 0.807692 0.571429
vt 0.846154 0.571429
vt 0.846154 0.714286
vt 0.807692 0.714286
vt 0.846154 0.857143
vt 0.807692 0.857143
vt 0.846154 1.000000
vt 0.807692 1.000000
vt 0.807692 -0.000000
vt 0.846154 -0.000000
vt 0.846154 0.142857
vt 0.807692 0.142857
vt 0.846154 0.285714
vt 0.807692 0.285714
vt 0.846154 0.428571
vt 0.807692 0.428571
vt 0.884517 0.571429
vt 0.923077 0.571429
vt 0.923077 0.714286
vt 0.884517 0.714286
vt 0.923077 0.857143
vt 0.884517 0.857143
vt 0.923077 1.000000
vt 0.884517 1.000000
vt 0.884517 -0.000000
vt 0.923077 -0.000000
vt 0.923077 0.142857
vt 0.884517 0.142857
vt 0.923077 0.285714
vt 0.884517 0.285714
vt 0.923077 0.428571
vt 0.884517 0.428571
vt 0.961539 0.571429
vt 1.000000 0.571429
vt 1.000000 0.714286
vt 0.961538 0.714286
vt 1.000000 0.857143
vt 0.961538 0.857143
vt 1.000000 1.000000
vt 0.961538 1.000000
vt 0.961538 -0.000000
vt 1.000000 -0.000000
vt 1.000000 0.142857
vt 0.961538 0.142857
vt 1.000000 0.285714
vt 0.961538 0.285714
vt 1.000000 0.428571
vt 0.961539 0.428571
vt 0.038462 0.571429
vt 0.076923 0.571429
vt 0.076923 0.714286
vt 0.038462 0.714286
vt 0.076923 0.857143
vt 0.038462 0.857143
vt 0.076923 1.000000
vt 0.038462 1.000000
vt 0.038462 -0.000000
vt 0.076923 -0.000000
vt 0.076923 0.142857
vt 0.038462 0.142857
vt 0.076923 0.285714
vt 0.038462 0.285714
vt 0.076923 0.428571
vt 0.038462 0.428571
vt 0.115385 0.571429
vt 0.153846 0.571429
vt 0.153846 0.714286
vt 0.115385 0.714286
vt 0.153846 0.857143
vt 0.115385 0.857143
vt 0.153846 1.000000
vt 0.115385 1.000000
vt 0.115385 -0.000000
vt 0.153846 -0.000000
vt 0.153846 0.142857
vt 0.115385 0.142857
vt 0.153846 0.285714
vt 0.115385 0.285714
vt 0.153846 0.428571
vt 0.115385 0.428571
vt 0.192308 0.571429
vt 0.230769 0.571429
vt 0.230769 0.714286
vt 0.192308 0.714286
vt 0.230769 0.857143
vt 0.192308 0.857143
vt 0.230769 1.000000
vt 0.192308 1.000000
vt 0.192308 -0.000000
vt 0.230769 -0.000000
vt 0.230769 0.142857
vt 0.192308 0.142857
vt 0.230769 0.285714
vt 0.192308 0.285714
vt 0.230769 0.428571
vt 0.192308 0.428571
vt 0.269231 0.571429
vt 0.307692 0.571429
vt 0.307692 0.714286
vt 0.269231 0.714286
vt 0.307692 0.857143
vt 0.269231 0.857143
vt 0.307692 1.000000
vt 0.269231 1.000000
vt 0.269231 -0.000000
vt 0.307692 -0.000000
vt 0.307692 0.142857
vt 0.269231 0.142857
vt 0.307692 0.285714
vt 0.269231 0.285714
vt 0.307692 0.428571
vt 0.269231 0.428571
vt 0.346154 0.571429
vt 0.384615 0.571429
vt 0.384615 0.714286
vt 0.346154 0.714286
vt 0.384615 0.857143
vt 0.346154 0.857143
vt 0.384615 1.000000
vt 0.346154 1.000000
vt 0.346154 -0.000000
vt 0.384615 -0.000000
vt 0.384615 0.142857
vt 0.346154 0.142857
vt 0.384615 0.285714
vt 0.346154 0.285714
vt 0.384615 0.428571
vt 0.346154 0.428571
vt 0.423077 0.571429
vt 0.461538 0.571429
vt 0.461538 0.714286
vt 0.423077 0.714286
vt 0.461538 0.857143
vt 0.423077 0.857143
vt 0.461538 1.000000
vt 0.423077 1.000000
vt 0.423077 -0.000000
vt 0.461538 -0.000000
vt 0.461538 0.142857
vt 0.423077 0.142857
vt 0.461538 0.285714
vt 0.423077 0.285714
vt 0.461538 0.428571
vt 0.423077 0.428571
vt 0.500000 0.571429
vt 0.538462 0.571429
vt 0.538462 0.714286
vt 0.500000 0.714286
vt 0.538462 0.857143
vt 0.500000 0.857143
vt 0.538462 1.000000
vt 0.500000 1.000000
vt 0.500000 -0.000000
vt 0.538462 -0.000000
vt 0.538462 0.142857
vt 0.500000 0.142857
vt 0.538462 0.285714
vt 0.500000 0.285714
vt 0.538462 0.428571
vt 0.500000 0.428571
vt -0.000000 0.428571
vt -0.000000 0.571429
vt -0.000000 0.285714
vt -0.000000 0.142857
vt -0.000000 -0.000000
vt -0.000000 0.857143
vt -0.000000 1.000000
vt -0.000000 0.714286
s 1
usemtl Бровь_и_тени
f 2005/2466/1895 1893/2467/1896 1894/2468/1897 2009/2469/1898
f 2009/2469/1898 1894/2468/1897 1895/2470/1899 2006/2471/1900
f 2006/2471/1900 1895/2470/1899 1896/2472/1901 2010/2473/1902
f 2010/2474/1902 1896/2475/1901 1897/2476/1903 2007/2477/1904
f 2007/2477/1904 1897/2476/1903 1898/2478/1905 2011/2479/1906
f 2011/2479/1906 1898/2478/1905 1899/2480/1907 2008/2481/1908
f 2008/2481/1908 1899/2480/1907 1893/2467/1896 2005/2466/1895
f 2064/2482/1909 1900/2483/1910 1901/2484/1911 2061/2485/1912
f 2061/2485/1912 1901/2484/1911 1902/2486/1913 2065/2487/1914
f 2065/2487/1914 1902/2486/1913 1903/2488/1915 2062/2489/1916
f 2062/2490/1916 1903/2491/1915 1904/2492/1917 2066/2493/1918
f 2066/2493/1918 1904/2492/1917 1905/2494/1919 2063/2495/1920
f 2063/2495/1920 1905/2494/1919 1906/2496/1921 2067/2497/1922
f 2067/2497/1922 1906/2496/1921 1900/2483/1910 2064/2482/1909
f 2055/2498/1923 1907/2499/1924 1908/2500/1925 2060/2501/1926
f 2060/2501/1926 1908/2500/1925 1909/2502/1927 2058/2503/1928
f 2058/2503/1928 1909/2502/1927 1910/2504/1929 2054/2505/1930
f 2054/2506/1930 1910/2507/1929 1911/2508/1931 2057/2509/1932
f 2057/2509/1932 1911/2508/1931 1912/2510/1933 2056/2511/1934
f 2056/2511/1934 1912/2510/1933 1913/2512/1935 2059/2513/1936
f 2059/2513/1936 1913/2512/1935 1907/2499/1924 2055/2498/1923
f 2050/2514/1937 1914/2515/1938 1915/2516/1939 2051/2517/1940
f 2051/2517/1940 1915/2516/1939 1916/2518/1941 2047/2519/1942
f 2047/2519/1942 1916/2518/1941 1917/2520/1943 2052/2521/1944
f 2052/2522/1944 1917/2523/1943 1918/2524/1945 2048/2525/1946
f 2048/2525/1946 1918/2524/1945 1919/2526/1947 2053/2527/1948
f 2053/2527/1948 1919/2526/1947 1920/2528/1949 2049/2529/1950
f 2049/2529/1950 1920/2528/1949 1914/2515/1938 2050/2514/1937
f 2040/2530/1951 1921/2531/1952 1922/2532/1953 2041/2533/1954
f 2041/2533/1954 1922/2532/1953 1923/2534/1955 2044/2535/1956
f 2044/2535/1956 1923/2534/1955 1924/2536/1957 2042/2537/1958
f 2042/2538/1958 1924/2539/1957 1925/2540/1959 2045/2541/1960
f 2045/2541/1960 1925/2540/1959 1926/2542/1961 2043/2543/1962
f 2043/2543/1962 1926/2542/1961 1927/2544/1963 2046/2545/1964
f 2046/2545/1964 1927/2544/1963 1921/2531/1952 2040/2530/1951
f 2035/2546/1965 1928/2547/1966 1929/2548/1967 2039/2549/1968
f 2039/2549/1968 1929/2548/1967 1930/2550/1969 2038/2551/1970
f 2038/2551/1970 1930/2550/1969 1931/2552/1971 2033/2553/1972
f 2033/2554/1972 1931/2555/1971 1932/2556/1973 2037/2557/1974
f 2037/2557/1974 1932/2556/1973 1933/2558/1975 2034/2559/1976
f 2034/2559/1976 1933/2558/1975 1934/2560/1977 2036/2561/1978
f 2036/2561/1978 1934/2560/1977 1928/2547/1966 2035/2546/1965
f 2026/2562/1979 1935/2563/1980 1936/2564/1981 2030/2565/1982
f 2030/2565/1982 1936/2564/1981 1937/2566/1983 2027/2567/1984
f 2027/2567/1984 1937/2566/1983 1938/2568/1985 2031/2569/1986
f 2031/2570/1986 1938/2571/1985 1939/2572/1987 2028/2573/1988
f 2028/2573/1988 1939/2572/1987 1940/2574/1989 2032/2575/1990
f 2032/2575/1990 1940/2574/1989 1941/2576/1991 2029/2577/1992
f 2029/2577/1992 1941/2576/1991 1935/2563/1980 2026/2562/1979
f 2022/2578/1993 1942/2579/1994 1943/2580/1995 2019/2581/1996
f 2019/2581/1996 1943/2580/1995 1944/2582/1997 2023/2583/1998
f 2023/2583/1998 1944/2582/1997 1945/2584/1999 2020/2585/2000
f 2020/2586/2000 1945/2587/1999 1946/2588/2001 2024/2589/2002
f 2024/2589/2002 1946/2588/2001 1947/2590/2003 2021/2591/2004
f 2021/2591/2004 1947/2590/2003 1948/2592/2005 2025/2593/2006
f 2025/2593/2006 1948/2592/2005 1942/2579/1994 2022/2578/1993
f 2012/2594/2007 1949/2595/2008 1950/2596/2009 2013/2597/2010
f 2013/2597/2010 1950/2596/2009 1951/2598/2011 2018/2599/2012
f 2018/2599/2012 1951/2598/2011 1952/2600/2013 2015/2601/2014
f 2015/2602/2014 1952/2603/2013 1953/2604/2015 2016/2605/2016
f 2016/2605/2016 1953/2604/2015 1954/2606/2017 2014/2607/2018
f 2014/2607/2018 1954/2606/2017 1955/2608/2019 2017/2609/2020
f 2017/2609/2020 1955/2608/2019 1949/2595/2008 2012/2594/2007
f 1980/2610/2021 1956/2611/2022 1957/2612/2023 1981/2613/2024
f 1981/2613/2024 1957/2612/2023 1958/2614/2025 1977/2615/2026
f 1977/2615/2026 1958/2614/2025 1959/2616/2027 1982/2617/2028
f 1982/2618/2028 1959/2619/2027 1960/2620/2029 1978/2621/2030
f 1978/2621/2030 1960/2620/2029 1961/2622/2031 1983/2623/2032
f 1983/2623/2032 1961/2622/2031 1962/2624/2033 1979/2625/2034
f 1979/2625/2034 1962/2624/2033 1956/2611/2022 1980/2610/2021
f 1985/2626/2035 1963/2627/2036 1964/2628/2037 1986/2629/2038
f 1986/2629/2038 1964/2628/2037 1965/2630/2039 1989/2631/2040
f 1989/2631/2040 1965/2630/2039 1966/2632/2041 1987/2633/2042
f 1987/2634/2042 1966/2635/2041 1967/2636/2043 1990/2637/2044
f 1990/2637/2044 1967/2636/2043 1968/2638/2045 1988/2639/2046
f 1988/2639/2046 1968/2638/2045 1969/2640/2047 1984/2641/2048
f 1984/2641/2048 1969/2640/2047 1963/2627/2036 1985/2626/2035
f 1994/2642/2049 1970/2643/2050 1971/2644/2051 1991/2645/2052
f 1991/2645/2052 1971/2644/2051 1972/2646/2053 1997/2647/2054
f 1997/2647/2054 1972/2646/2053 1973/2648/2055 1992/2649/2056
f 1992/2650/2056 1973/2651/2055 1974/2652/2057 1995/2653/2058
f 1995/2653/2058 1974/2652/2057 1975/2654/2059 1993/2655/2060
f 1993/2655/2060 1975/2654/2059 1976/2656/2061 1996/2657/2062
f 1996/2657/2062 1976/2656/2061 1970/2643/2050 1994/2642/2049
f 1998/2658/2063 1886/2659/2064 1887/2660/2065 2000/2661/2066
f 2000/2661/2066 1887/2660/2065 1888/2662/2067 1999/2663/2068
f 1999/2663/2068 1888/2662/2067 1889/2664/2069 2001/2665/2070
f 2001/2666/2070 1889/2667/2069 1890/2668/2071 2003/2669/2072
f 2003/2669/2072 1890/2668/2071 1891/2670/2073 2002/2671/2074
f 2002/2671/2074 1891/2670/2073 1892/2672/2075 2004/2673/2076
f 2004/2673/2076 1892/2672/2075 1886/2659/2064 1998/2658/2063
f 1955/2608/2019 1979/2625/2034 1980/2610/2021 1949/2595/2008
f 1954/2606/2017 1983/2623/2032 1979/2625/2034 1955/2608/2019
f 1953/2604/2015 1978/2621/2030 1983/2623/2032 1954/2606/2017
f 1952/2603/2013 1982/2618/2028 1978/2621/2030 1953/2604/2015
f 1951/2598/2011 1977/2615/2026 1982/2617/2028 1952/2600/2013
f 1950/2596/2009 1981/2613/2024 1977/2615/2026 1951/2598/2011
f 1949/2595/2008 1980/2610/2021 1981/2613/2024 1950/2596/2009
f 1962/2624/2033 1984/2641/2048 1985/2626/2035 1956/2611/2022
f 1961/2622/2031 1988/2639/2046 1984/2641/2048 1962/2624/2033
f 1960/2620/2029 1990/2637/2044 1988/2639/2046 1961/2622/2031
f 1959/2619/2027 1987/2634/2042 1990/2637/2044 1960/2620/2029
f 1958/2614/2025 1989/2631/2040 1987/2633/2042 1959/2616/2027
f 1957/2612/2023 1986/2629/2038 1989/2631/2040 1958/2614/2025
f 1956/2611/2022 1985/2626/2035 1986/2629/2038 1957/2612/2023
f 1969/2640/2047 1996/2657/2062 1994/2642/2049 1963/2627/2036
f 1968/2638/2045 1993/2655/2060 1996/2657/2062 1969/2640/2047
f 1967/2636/2043 1995/2653/2058 1993/2655/2060 1968/2638/2045
f 1966/2635/2041 1992/2650/2056 1995/2653/2058 1967/2636/2043
f 1965/2630/2039 1997/2647/2054 1992/2649/2056 1966/2632/2041
f 1964/2628/2037 1991/2645/2052 1997/2647/2054 1965/2630/2039
f 1963/2627/2036 1994/2642/2049 1991/2645/2052 1964/2628/2037
f 1976/2656/2061 2004/2673/2076 1998/2658/2063 1970/2643/2050
f 1975/2654/2059 2002/2671/2074 2004/2673/2076 1976/2656/2061
f 1974/2652/2057 2003/2669/2072 2002/2671/2074 1975/2654/2059
f 1973/2651/2055 2001/2666/2070 2003/2669/2072 1974/2652/2057
f 1972/2646/2053 1999/2663/2068 2001/2665/2070 1973/2648/2055
f 1971/2644/2051 2000/2661/2066 1999/2663/2068 1972/2646/2053
f 1970/2643/2050 1998/2658/2063 2000/2661/2066 1971/2644/2051
f 1892/2672/2075 2008/2481/1908 2005/2466/1895 1886/2659/2064
f 1891/2670/2073 2011/2479/1906 2008/2481/1908 1892/2672/2075
f 1890/2668/2071 2007/2477/1904 2011/2479/1906 1891/2670/2073
f 1889/2667/2069 2010/2474/1902 2007/2477/1904 1890/2668/2071
f 1888/2662/2067 2006/2471/1900 2010/2473/1902 1889/2664/2069
f 1887/2660/2065 2009/2469/1898 2006/2471/1900 1888/2662/2067
f 1886/2659/2064 2005/2466/1895 2009/2469/1898 1887/2660/2065
f 1948/2592/2005 2017/2609/2020 2012/2594/2007 1942/2579/1994
f 1947/2590/2003 2014/2607/2018 2017/2609/2020 1948/2592/2005
f 1946/2588/2001 2016/2605/2016 2014/2607/2018 1947/2590/2003
f 1945/2587/1999 2015/2602/2014 2016/2605/2016 1946/2588/2001
f 1944/2582/1997 2018/2599/2012 2015/2601/2014 1945/2584/1999
f 1943/2580/1995 2013/2597/2010 2018/2599/2012 1944/2582/1997
f 1942/2579/1994 2012/2594/2007 2013/2597/2010 1943/2580/1995
f 1941/2576/1991 2025/2593/2006 2022/2578/1993 1935/2563/1980
f 1940/2574/1989 2021/2591/2004 2025/2593/2006 1941/2576/1991
f 1939/2572/1987 2024/2589/2002 2021/2591/2004 1940/2574/1989
f 1938/2571/1985 2020/2586/2000 2024/2589/2002 1939/2572/1987
f 1937/2566/1983 2023/2583/1998 2020/2585/2000 1938/2568/1985
f 1936/2564/1981 2019/2581/1996 2023/2583/1998 1937/2566/1983
f 1935/2563/1980 2022/2578/1993 2019/2581/1996 1936/2564/1981
f 1934/2674/1977 2029/2577/1992 2026/2562/1979 1928/2675/1966
f 1933/2676/1975 2032/2575/1990 2029/2577/1992 1934/2674/1977
f 1932/2677/1973 2028/2573/1988 2032/2575/1990 1933/2676/1975
f 1931/2678/1971 2031/2570/1986 2028/2573/1988 1932/2677/1973
f 1930/2679/1969 2027/2567/1984 2031/2569/1986 1931/2680/1971
f 1929/2681/1967 2030/2565/1982 2027/2567/1984 1930/2679/1969
f 1928/2675/1966 2026/2562/1979 2030/2565/1982 1929/2681/1967
f 1927/2544/1963 2036/2561/1978 2035/2546/1965 1921/2531/1952
f 1926/2542/1961 2034/2559/1976 2036/2561/1978 1927/2544/1963
f 1925/2540/1959 2037/2557/1974 2034/2559/1976 1926/2542/1961
f 1924/2539/1957 2033/2554/1972 2037/2557/1974 1925/2540/1959
f 1923/2534/1955 2038/2551/1970 2033/2553/1972 1924/2536/1957
f 1922/2532/1953 2039/2549/1968 2038/2551/1970 1923/2534/1955
f 1921/2531/1952 2035/2546/1965 2039/2549/1968 1922/2532/1953
f 1920/2528/1949 2046/2545/1964 2040/2530/1951 1914/2515/1938
f 1919/2526/1947 2043/2543/1962 2046/2545/1964 1920/2528/1949
f 1918/2524/1945 2045/2541/1960 2043/2543/1962 1919/2526/1947
f 1917/2523/1943 2042/2538/1958 2045/2541/1960 1918/2524/1945
f 1916/2518/1941 2044/2535/1956 2042/2537/1958 1917/2520/1943
f 1915/2516/1939 2041/2533/1954 2044/2535/1956 1916/2518/1941
f 1914/2515/1938 2040/2530/1951 2041/2533/1954 1915/2516/1939
f 1913/2512/1935 2049/2529/1950 2050/2514/1937 1907/2499/1924
f 1912/2510/1933 2053/2527/1948 2049/2529/1950 1913/2512/1935
f 1911/2508/1931 2048/2525/1946 2053/2527/1948 1912/2510/1933
f 1910/2507/1929 2052/2522/1944 2048/2525/1946 1911/2508/1931
f 1909/2502/1927 2047/2519/1942 2052/2521/1944 1910/2504/1929
f 1908/2500/1925 2051/2517/1940 2047/2519/1942 1909/2502/1927
f 1907/2499/1924 2050/2514/1937 2051/2517/1940 1908/2500/1925
f 1906/2496/1921 2059/2513/1936 2055/2498/1923 1900/2483/1910
f 1905/2494/1919 2056/2511/1934 2059/2513/1936 1906/2496/1921
f 1904/2492/1917 2057/2509/1932 2056/2511/1934 1905/2494/1919
f 1903/2491/1915 2054/2506/1930 2057/2509/1932 1904/2492/1917
f 1902/2486/1913 2058/2503/1928 2054/2505/1930 1903/2488/1915
f 1901/2484/1911 2060/2501/1926 2058/2503/1928 1902/2486/1913
f 1900/2483/1910 2055/2498/1923 2060/2501/1926 1901/2484/1911
f 1899/2480/1907 2067/2497/1922 2064/2482/1909 1893/2467/1896
f 1898/2478/1905 2063/2495/1920 2067/2497/1922 1899/2480/1907
f 1897/2476/1903 2066/2493/1918 2063/2495/1920 1898/2478/1905
f 1896/2475/1901 2062/2490/1916 2066/2493/1918 1897/2476/1903
f 1895/2470/1899 2065/2487/1914 2062/2489/1916 1896/2472/1901
f 1894/2468/1897 2061/2485/1912 2065/2487/1914 1895/2470/1899
f 1893/2467/1896 2064/2482/1909 2061/2485/1912 1894/2468/1897
o Cube.017
v 0.015598 3.128853 0.565104
v 0.015598 2.961070 0.565104
v 0.015598 3.034611 0.682374
v 0.145393 3.034611 0.566910
v 0.015598 3.034611 0.447835
v -0.114197 3.034611 0.566910
v -0.077603 2.975136 0.646046
v -0.077603 2.983852 0.659945
v -0.093608 2.983852 0.646046
v -0.093608 3.085648 0.637831
v -0.077603 3.078158 0.655463
v -0.077603 3.097634 0.634038
v -0.093608 2.983852 0.484163
v -0.077603 2.983852 0.470264
v -0.077603 2.975135 0.484163
v -0.077603 3.108478 0.484163
v -0.077603 3.085370 0.470264
v -0.093608 3.090440 0.484163
v 0.124803 2.983852 0.646046
v 0.108799 2.983852 0.659945
v 0.108799 2.975136 0.646046
v 0.108799 3.097634 0.634038
v 0.108799 3.078158 0.655463
v 0.124803 3.085648 0.637831
v 0.108799 2.983852 0.470264
v 0.124803 2.983852 0.484163
v 0.108799 2.975135 0.484163
v 0.108799 3.108478 0.484163
v 0.124803 3.090440 0.484163
v 0.108799 3.085370 0.470264
v -0.106951 2.976205 0.565104
v -0.091643 2.967869 0.565104
v -0.102198 3.034611 0.656433
v -0.084415 3.034611 0.671532
v -0.106951 3.098086 0.565104
v -0.091643 3.115744 0.565104
v -0.106951 3.034611 0.471970
v -0.091643 3.034611 0.458676
v 0.015598 2.976205 0.458676
v 0.015598 2.967869 0.471970
v 0.015598 3.093017 0.458676
v 0.015598 3.115744 0.471970
v 0.122839 3.034611 0.458676
v 0.138146 3.034611 0.471970
v 0.138146 2.976205 0.565104
v 0.122839 2.967869 0.565104
v 0.138146 3.098086 0.565104
v 0.122839 3.115744 0.565104
v 0.133394 3.034611 0.656433
v 0.115611 3.034611 0.671532
v 0.015598 2.976205 0.671532
v 0.015598 2.967869 0.658239
v 0.015598 3.084766 0.667673
v 0.015598 3.109596 0.641680
vn -0.3985 -0.0043 -0.9171
vn -0.3379 0.3669 -0.8667
vn -0.0000 0.3829 -0.9238
vn -0.0000 -0.0000 -1.0000
vn 0.8625 -0.0085 -0.5060
vn 0.7697 0.4364 -0.4660
vn 0.8581 0.5116 0.0442
vn 0.9998 -0.0027 0.0199
vn 0.3945 0.0590 0.9170
vn 0.3308 0.5148 0.7909
vn -0.0000 0.5663 0.8242
vn -0.0000 0.0596 0.9982
vn -0.0000 0.9980 0.0626
vn -0.3762 0.9247 0.0579
vn -0.3199 0.8391 0.4399
vn -0.0000 0.8919 0.4522
vn 0.3762 0.9247 0.0579
vn 0.3199 0.8391 0.4399
vn -0.7425 -0.6698 0.0055
vn -0.9998 -0.0027 0.0199
vn -0.8625 -0.0085 -0.5060
vn -0.6929 -0.6109 -0.3831
vn 0.7043 0.5372 0.4642
vn 0.8526 0.0369 0.5213
vn 0.3379 0.3669 -0.8667
vn 0.3985 -0.0043 -0.9171
vn -0.8581 0.5116 0.0442
vn -0.7697 0.4364 -0.4660
vn -0.8526 0.0369 0.5213
vn -0.7043 0.5372 0.4642
vn -0.0000 0.8791 -0.4766
vn -0.3476 0.8337 -0.4291
vn 0.3476 0.8337 -0.4291
vn -0.2695 -0.9630 -0.0000
vn -0.0000 -1.0000 -0.0000
vn -0.0000 -0.9518 0.3067
vn -0.2484 -0.9255 0.2860
vn 0.2695 -0.9630 -0.0000
vn 0.2484 -0.9255 0.2860
vn -0.0000 -0.6338 -0.7735
vn 0.3189 -0.5856 -0.7452
vn 0.3291 -0.5703 0.7526
vn -0.0000 -0.6318 0.7751
vn -0.0000 -0.9518 -0.3067
vn 0.2484 -0.9255 -0.2860
vn 0.6929 -0.6109 -0.3831
vn 0.7425 -0.6698 0.0055
vn -0.2484 -0.9255 -0.2860
vn 0.7028 -0.5887 0.3992
vn -0.3189 -0.5856 -0.7452
vn -0.3945 0.0590 0.9170
vn -0.3291 -0.5703 0.7526
vn -0.3308 0.5148 0.7909
vn -0.7028 -0.5887 0.3992
vt 0.500000 0.264170
vt 0.609183 0.265817
vt 0.610830 0.375000
vt 0.500000 0.375000
vt 0.500000 0.514170
vt 0.609183 0.515817
vt 0.610830 0.625000
vt 0.500000 0.625000
vt 0.500000 0.764170
vt 0.609183 0.765817
vt 0.610830 0.875000
vt 0.500000 0.875000
vt 0.750000 0.625000
vt 0.860830 0.625000
vt 0.859183 0.734183
vt 0.750000 0.735830
vt 0.639170 0.625000
vt 0.640817 0.734183
vt 0.389170 0.125000
vt 0.500000 0.125000
vt 0.500000 0.235830
vt 0.390817 0.234183
vt 0.609183 0.734183
vt 0.500000 0.735830
vt 0.610830 0.375000
vt 0.609183 0.484183
vt 0.500000 0.485830
vt 0.610830 0.125000
vt 0.609183 0.234183
vt 0.500000 0.014170
vt 0.609183 0.015817
vt 0.610830 0.125000
vt 0.750000 0.514170
vt 0.859183 0.515817
vt 0.640817 0.515817
vt 0.139170 0.625000
vt 0.250000 0.625000
vt 0.250000 0.735830
vt 0.140817 0.734183
vt 0.360830 0.625000
vt 0.359183 0.734183
vt 0.389170 0.375000
vt 0.390817 0.484183
vt 0.390817 0.765817
vt 0.500000 0.764170
vt 0.389170 0.875000
vt 0.250000 0.514170
vt 0.359183 0.515817
vt 0.390817 0.515817
vt 0.389170 0.625000
vt 0.140817 0.515817
vt 0.139170 0.625000
vt 0.390817 0.734183
vt 0.390817 0.265817
vt 0.500000 0.985830
vt 0.390817 0.984183
vt 0.609183 0.984183
vt 0.500000 0.985830
vt 0.137095 0.750000
vt 0.125000 0.737905
vt 0.612905 0.000000
vt 0.625000 0.012095
vt 0.387095 0.250000
vt 0.375000 0.237905
vt 0.630090 0.261450
vt 0.625000 0.262095
vt 0.612905 0.250000
vt 0.386450 0.744910
vt 0.387095 0.750000
vt 0.375000 0.762095
vt 0.630090 0.761450
vt 0.625000 0.762095
vt 0.612905 0.750000
vt 0.387095 0.500000
vt 0.375000 0.487905
vt 0.630090 0.511450
vt 0.625000 0.512095
vt 0.612905 0.500000
vt 0.125000 0.627098
vt 0.502098 0.000000
vt 0.625000 0.127098
vt 0.625000 0.237905
vt 0.137095 0.500000
vt 0.247902 0.500000
vt 0.625000 0.377098
vt 0.625000 0.487905
vt 0.362905 0.750000
vt 0.252098 0.750000
vt 0.625000 0.877098
vt 0.625000 0.987905
vt 0.125000 0.622902
vt 0.125000 0.512095
vt 0.387095 0.000000
vt 0.497902 0.000000
vt 0.500000 0.014170
vt 0.390817 0.015817
vt 0.625000 0.122902
vt 0.252098 0.500000
vt 0.362905 0.500000
vt 0.625000 0.372902
vt 0.247902 0.750000
vt 0.625000 0.872902
s 1
usemtl Глаза_обрамление
f 2105/2682/2077 2084/2683/2078 2108/2684/2079 2072/2685/2080
f 2111/2686/2081 2096/2687/2082 2114/2688/2083 2071/2689/2084
f 2117/2690/2085 2090/2691/2086 2120/2692/2087 2070/2693/2088
f 2068/2694/2089 2103/2695/2090 2079/2696/2091 2121/2697/2092
f 2115/2698/2093 2068/2694/2089 2121/2697/2092 2089/2699/2094
f 2098/2700/2095 2073/2701/2096 2104/2702/2097 2080/2703/2098
f 2071/2689/2084 2114/2688/2083 2091/2704/2099 2116/2705/2100
f 2072/2685/2080 2108/2706/2079 2097/2707/2101 2110/2708/2102
f 2073/2701/2096 2102/2709/2103 2085/2710/2104 2104/2702/2097
f 2100/2711/2105 2077/2712/2106 2102/2713/2103 2073/2701/2096
f 2109/2714/2107 2083/2715/2108 2103/2695/2090 2068/2694/2089
f 2095/2716/2109 2109/2714/2107 2068/2694/2089 2115/2698/2093
f 2099/2717/2110 2069/2718/2111 2119/2719/2112 2074/2720/2113
f 2069/2718/2111 2113/2721/2114 2088/2722/2115 2119/2719/2112
f 2106/2723/2116 2072/2685/2080 2110/2708/2102 2092/2724/2117
f 2087/2725/2118 2117/2726/2085 2070/2693/2088 2118/2727/2119
f 2107/2728/2120 2094/2729/2121 2113/2721/2114 2069/2718/2111
f 2093/2730/2122 2111/2686/2081 2071/2689/2084 2112/2731/2123
f 2082/2732/2124 2107/2728/2120 2069/2718/2111 2099/2733/2110
f 2112/2731/2123 2071/2689/2084 2116/2705/2100 2086/2734/2125
f 2081/2735/2126 2105/2682/2077 2072/2685/2080 2106/2723/2116
f 2118/2727/2119 2070/2693/2088 2101/2736/2127 2075/2737/2128
f 2070/2693/2088 2120/2692/2087 2078/2738/2129 2101/2739/2127
f 2074/2720/2113 2075/2740/2128 2076/2741/2130
f 2077/2712/2106 2078/2742/2129 2079/2743/2091
f 2080/2703/2098 2081/2744/2126 2082/2745/2124
f 2083/2746/2108 2084/2747/2078 2085/2748/2104
f 2086/2749/2125 2087/2750/2118 2088/2751/2115
f 2089/2752/2094 2090/2753/2086 2091/2754/2099
f 2092/2724/2117 2093/2755/2122 2094/2756/2121
f 2095/2757/2109 2096/2758/2082 2097/2759/2101
f 2099/2717/2110 2074/2720/2113 2076/2741/2130 2098/2760/2095
f 2101/2761/2127 2078/2742/2129 2077/2712/2106 2100/2711/2105
f 2103/2762/2090 2083/2763/2108 2085/2710/2104 2102/2709/2103
f 2105/2682/2077 2081/2735/2126 2080/2703/2098 2104/2702/2097
f 2107/2728/2120 2082/2732/2124 2081/2764/2126 2106/2765/2116
f 2109/2766/2107 2095/2767/2109 2097/2707/2101 2108/2706/2079
f 2111/2686/2081 2093/2730/2122 2092/2724/2117 2110/2708/2102
f 2113/2721/2114 2094/2729/2121 2093/2730/2122 2112/2731/2123
f 2115/2698/2093 2089/2699/2094 2091/2704/2099 2114/2688/2083
f 2117/2726/2085 2087/2725/2118 2086/2734/2125 2116/2705/2100
f 2119/2719/2112 2088/2722/2115 2087/2768/2118 2118/2769/2119
f 2082/2732/2124 2099/2733/2110 2098/2772/2095 2080/2773/2098
f 2075/2774/2128 2101/2775/2127 2100/2776/2105 2076/2777/2130
f 2079/2743/2091 2103/2778/2090 2102/2713/2103 2077/2712/2106
f 2084/2683/2078 2105/2682/2077 2104/2702/2097 2085/2710/2104
f 2094/2729/2121 2107/2728/2120 2106/2779/2116 2092/2780/2117
f 2083/2747/2108 2109/2781/2107 2108/2684/2079 2084/2683/2078
f 2096/2687/2082 2111/2686/2081 2110/2708/2102 2097/2707/2101
f 2088/2722/2115 2113/2721/2114 2112/2731/2123 2086/2734/2125
f 2095/2716/2109 2115/2698/2093 2114/2688/2083 2096/2687/2082
f 2090/2691/2086 2117/2690/2085 2116/2705/2100 2091/2704/2099
f 2074/2720/2113 2119/2719/2112 2118/2782/2119 2075/2740/2128
f 2089/2753/2094 2121/2783/2092 2120/2692/2087 2090/2691/2086
f 2076/2777/2130 2100/2776/2105 2073/2701/2096 2098/2700/2095
usemtl блик_носик
f 2121/2770/2092 2079/2771/2091 2078/2738/2129 2120/2692/2087
o Cube.021
v 1.481153 2.345778 1.185482
v 1.495520 2.324215 1.016621
v 1.481153 2.581221 1.185482
v 1.495520 2.602784 1.016622
v 1.324279 2.345778 1.185482
v 1.309911 2.324215 1.016621
v 1.324279 2.581221 1.185482
v 1.309911 2.602784 1.016622
vn 0.9964 -0.0000 0.0848
vn -0.0000 0.9919 0.1267
vn -0.9964 -0.0000 0.0848
vn -0.0000 -0.9919 0.1267
vn -0.0000 -0.0000 1.0000
vn -0.0000 -0.0000 -1.0000
vt 0.375000 0.000000
vt 0.625000 0.000000
vt 0.625000 0.250000
vt 0.375000 0.250000
vt 0.625000 0.500000
vt 0.375000 0.500000
vt 0.625000 0.750000
vt 0.375000 0.750000
vt 0.625000 1.000000
vt 0.375000 1.000000
vt 0.125000 0.500000
vt 0.125000 0.750000
vt 0.875000 0.500000
vt 0.875000 0.750000
s 1
usemtl Сталь
f 2124/2787/2132 2125/2786/2132 2129/2788/2132 2128/2789/2132
f 2126/2791/2134 2127/2790/2134 2123/2792/2134 2122/2793/2134
f 2124/2794/2135 2128/2789/2135 2126/2791/2135 2122/2795/2135
f 2129/2788/2136 2125/2796/2136 2123/2797/2136 2127/2790/2136
usemtl тени_глаза
f 2122/2784/2131 2123/2785/2131 2125/2786/2131 2124/2787/2131
f 2128/2789/2133 2129/2788/2133 2127/2790/2133 2126/2791/2133
o Torus.010
v -1.141873 2.304207 -0.000602
v -1.146497 2.312807 -0.000602
v -1.165606 2.304173 -0.000602
v -1.175551 2.279546 -0.000602
v -1.165173 2.277534 -0.000602
v -1.148615 2.321875 -0.084760
v -1.157008 2.331105 -0.077606
v -1.176187 2.322746 -0.071869
v -1.191889 2.286941 -0.077606
v -1.176587 2.286458 -0.084760
v -1.198929 2.354051 -0.150103
v -1.203075 2.363310 -0.137434
v -1.218849 2.351249 -0.127274
v -1.237956 2.308712 -0.137434
v -1.226901 2.310267 -0.150103
v -1.269872 2.396448 -0.181060
v -1.268031 2.403437 -0.165778
v -1.279003 2.387163 -0.153522
v -1.302912 2.342136 -0.165778
v -1.297845 2.347289 -0.181060
v -1.345193 2.439307 -0.170537
v -1.336995 2.442678 -0.156143
v -1.342868 2.423503 -0.144600
v -1.371875 2.381377 -0.156143
v -1.373166 2.390148 -0.170537
v -1.407637 2.474838 -0.120946
v -1.394168 2.475210 -0.110738
v -1.395815 2.453630 -0.102552
v -1.429048 2.413909 -0.110738
v -1.435609 2.425679 -0.120946
v -1.442897 2.494902 -0.043648
v -1.426452 2.493580 -0.039964
v -1.425713 2.470643 -0.037010
v -1.461333 2.432280 -0.039964
v -1.470869 2.445742 -0.043648
v -1.442897 2.494902 0.043649
v -1.426452 2.493580 0.039965
v -1.425713 2.470643 0.037011
v -1.461333 2.432280 0.039965
v -1.470869 2.445742 0.043649
v -1.407637 2.474838 0.120947
v -1.394167 2.475210 0.110739
v -1.395815 2.453630 0.102552
v -1.429048 2.413909 0.110739
v -1.435609 2.425679 0.120947
v -1.345193 2.439307 0.170538
v -1.336995 2.442678 0.156144
v -1.342868 2.423503 0.144601
v -1.371875 2.381377 0.156144
v -1.373166 2.390148 0.170538
v -1.269872 2.396448 0.181060
v -1.268031 2.403437 0.165778
v -1.279003 2.387163 0.153523
v -1.302912 2.342136 0.165778
v -1.297845 2.347289 0.181060
v -1.198929 2.354051 0.150104
v -1.203075 2.363310 0.137435
v -1.218849 2.351249 0.127275
v -1.237956 2.308712 0.137435
v -1.226901 2.310267 0.150104
v -1.148615 2.321875 0.084761
v -1.157008 2.331105 0.077607
v -1.176187 2.322746 0.071870
v -1.191889 2.286941 0.077607
v -1.176587 2.286458 0.084761
vn 0.9600 -0.2799 -0.0009
vn 0.9018 -0.1969 -0.3848
vn 0.3154 0.9243 0.2149
vn 0.2936 0.9559 0.0014
vn -0.6489 0.5950 0.4743
vn -0.7548 0.6560 0.0023
vn -0.9621 -0.2728 0.0012
vn -0.8645 -0.3704 0.3397
vn 0.5019 -0.7601 -0.4128
vn 0.5358 -0.8444 -0.0012
vn 0.6386 0.0067 -0.7695
vn 0.3491 0.8972 0.2704
vn -0.4014 0.4026 0.8227
vn -0.6624 -0.5353 0.5241
vn 0.2828 -0.5802 -0.7638
vn 0.2684 0.2366 -0.9338
vn 0.4504 0.8394 0.3043
vn -0.0338 0.1690 0.9850
vn -0.4487 -0.6696 0.5919
vn -0.0663 -0.3569 -0.9318
vn -0.1230 0.4587 -0.8800
vn 0.5646 0.7755 0.2825
vn 0.3684 -0.0637 0.9275
vn -0.2133 -0.8024 0.5574
vn -0.4572 -0.1286 -0.8800
vn -0.4452 0.6420 -0.6241
vn 0.6680 0.7167 0.2003
vn 0.7080 -0.2570 0.6578
vn -0.0093 -0.9185 0.3953
vn -0.7794 0.0548 -0.6241
vn -0.6272 0.7456 -0.2252
vn 0.7264 0.6835 0.0723
vn 0.8998 -0.3661 0.2374
vn -0.2133 -0.8024 -0.5574
vn -0.0093 -0.9185 -0.3953
vn 0.7080 -0.2570 -0.6578
vn 0.3684 -0.0637 -0.9275
vn 0.1060 -0.9841 0.1427
vn -0.9613 0.1583 -0.2252
vn 0.9020 -0.1973 0.3840
vn 0.6386 0.0067 0.7695
vn 0.2828 -0.5802 0.7638
vn 0.5024 -0.7603 0.4119
vn -0.6272 0.7456 0.2252
vn 0.7264 0.6835 -0.0723
vn 0.8998 -0.3661 -0.2374
vn 0.1060 -0.9841 -0.1427
vn -0.9613 0.1583 0.2252
vn -0.4452 0.6420 0.6241
vn 0.6680 0.7167 -0.2003
vn -0.7794 0.0548 0.6241
vn -0.1230 0.4587 0.8800
vn 0.5646 0.7755 -0.2825
vn -0.4572 -0.1286 0.8800
vn 0.2684 0.2366 0.9338
vn 0.4504 0.8394 -0.3042
vn -0.0338 0.1690 -0.9850
vn -0.4487 -0.6696 -0.5919
vn -0.0663 -0.3569 0.9318
vn 0.3491 0.8972 -0.2704
vn -0.4014 0.4026 -0.8227
vn -0.6497 0.5957 -0.4723
vn -0.8648 -0.3709 -0.3386
vn -0.6624 -0.5353 -0.5241
vn 0.3159 0.9245 -0.2133
vt 0.538462 0.714286
vt 0.615385 0.714286
vt 0.615385 0.857143
vt 0.538462 0.857143
vt 0.615385 1.000000
vt 0.538462 1.000000
vt 0.538462 0.285714
vt 0.615385 0.285714
vt 0.615385 0.428571
vt 0.538462 0.428571
vt 0.692308 0.714286
vt 0.692308 0.857143
vt 0.692308 1.000000
vt 0.692308 0.285714
vt 0.692308 0.428571
vt 0.769231 0.714286
vt 0.769231 0.857143
vt 0.769231 1.000000
vt 0.769231 0.285714
vt 0.769231 0.428571
vt 0.846154 0.714286
vt 0.846154 0.857143
vt 0.846154 1.000000
vt 0.846154 0.285714
vt 0.846154 0.428571
vt 0.923077 0.714286
vt 0.923077 0.857143
vt 0.923077 1.000000
vt 0.923077 0.285714
vt 0.923077 0.428571
vt 1.000000 0.714286
vt 1.000000 0.857143
vt 1.000000 1.000000
vt 0.230769 0.285714
vt 0.153846 0.285714
vt 0.153846 1.000000
vt 0.230769 1.000000
vt 1.000000 0.285714
vt 1.000000 0.428571
vt 0.461538 0.714286
vt 0.384615 0.714286
vt 0.384615 0.428571
vt 0.461538 0.428571
vt -0.000000 0.714286
vt 0.076923 0.714286
vt 0.076923 0.857143
vt -0.000000 0.857143
vt 0.076923 1.000000
vt -0.000000 1.000000
vt -0.000000 0.285714
vt 0.076923 0.285714
vt 0.076923 0.428571
vt -0.000000 0.428571
vt 0.153846 0.714286
vt 0.153846 0.857143
vt 0.153846 0.428571
vt 0.230769 0.714286
vt 0.230769 0.857143
vt 0.230769 0.428571
vt 0.307692 0.714286
vt 0.307692 0.857143
vt 0.307692 1.000000
vt 0.307692 0.285714
vt 0.307692 0.428571
vt 0.384615 0.857143
vt 0.384615 1.000000
vt 0.461538 1.000000
vt 0.461538 0.285714
vt 0.384615 0.285714
vt 0.461538 0.857143
s 1
usemtl Глаза_обрамление
f 2130/2798/2137 2135/2799/2138 2136/2800/2139 2131/2801/2140
f 2131/2801/2140 2136/2800/2139 2137/2802/2141 2132/2803/2142
f 2133/2804/2143 2138/2805/2144 2139/2806/2145 2134/2807/2146
f 2135/2799/2138 2140/2808/2147 2141/2809/2148 2136/2800/2139
f 2136/2800/2139 2141/2809/2148 2142/2810/2149 2137/2802/2141
f 2138/2805/2144 2143/2811/2150 2144/2812/2151 2139/2806/2145
f 2140/2808/2147 2145/2813/2152 2146/2814/2153 2141/2809/2148
f 2141/2809/2148 2146/2814/2153 2147/2815/2154 2142/2810/2149
f 2143/2811/2150 2148/2816/2155 2149/2817/2156 2144/2812/2151
f 2145/2813/2152 2150/2818/2157 2151/2819/2158 2146/2814/2153
f 2146/2814/2153 2151/2819/2158 2152/2820/2159 2147/2815/2154
f 2148/2816/2155 2153/2821/2160 2154/2822/2161 2149/2817/2156
f 2150/2818/2157 2155/2823/2162 2156/2824/2163 2151/2819/2158
f 2151/2819/2158 2156/2824/2163 2157/2825/2164 2152/2820/2159
f 2153/2821/2160 2158/2826/2165 2159/2827/2166 2154/2822/2161
f 2155/2823/2162 2160/2828/2167 2161/2829/2168 2156/2824/2163
f 2156/2824/2163 2161/2829/2168 2162/2830/2169 2157/2825/2164
f 2178/2831/2170 2173/2832/2171 2172/2833/2172 2177/2834/2173
f 2158/2826/2165 2163/2835/2174 2164/2836/2175 2159/2827/2166
f 2190/2837/2176 2185/2838/2177 2189/2839/2178 2194/2840/2179
f 2190/2837/2176 2194/2840/2179 2134/2807/2146 2130/2798/2137
f 2160/2841/2167 2165/2842/2180 2166/2843/2181 2161/2844/2168
f 2161/2844/2168 2166/2843/2181 2167/2845/2182 2162/2846/2169
f 2163/2847/2174 2162/2846/2169 2167/2845/2182 2168/2848/2183
f 2172/2833/2172 2173/2832/2171 2168/2848/2183 2167/2845/2182
f 2163/2847/2174 2168/2848/2183 2169/2849/2184 2164/2850/2175
f 2139/2806/2145 2135/2799/2138 2130/2798/2137 2134/2807/2146
f 2140/2808/2147 2135/2799/2138 2139/2806/2145 2144/2812/2151
f 2165/2842/2180 2170/2851/2185 2171/2852/2186 2166/2843/2181
f 2166/2843/2181 2171/2852/2186 2172/2833/2172 2167/2845/2182
f 2163/2835/2174 2158/2826/2165 2157/2825/2164 2162/2830/2169
f 2158/2826/2165 2153/2821/2160 2152/2820/2159 2157/2825/2164
f 2168/2848/2183 2173/2832/2171 2174/2853/2187 2169/2849/2184
f 2149/2817/2156 2145/2813/2152 2140/2808/2147 2144/2812/2151
f 2150/2818/2157 2145/2813/2152 2149/2817/2156 2154/2822/2161
f 2170/2851/2185 2175/2854/2188 2176/2855/2189 2171/2852/2186
f 2171/2852/2186 2176/2855/2189 2177/2834/2173 2172/2833/2172
f 2147/2815/2154 2148/2816/2155 2143/2811/2150 2142/2810/2149
f 2148/2816/2155 2147/2815/2154 2152/2820/2159 2153/2821/2160
f 2173/2832/2171 2178/2831/2170 2179/2856/2190 2174/2853/2187
f 2150/2818/2157 2154/2822/2161 2159/2827/2166 2155/2823/2162
f 2155/2823/2162 2159/2827/2166 2164/2850/2175 2160/2828/2167
f 2175/2854/2188 2180/2857/2191 2181/2858/2192 2176/2855/2189
f 2176/2855/2189 2181/2858/2192 2182/2859/2193 2177/2834/2173
f 2142/2810/2149 2143/2811/2150 2138/2805/2144 2137/2802/2141
f 2133/2804/2143 2132/2803/2142 2137/2802/2141 2138/2805/2144
f 2178/2831/2170 2183/2860/2194 2184/2861/2195 2179/2856/2190
f 2164/2850/2175 2169/2849/2184 2165/2842/2180 2160/2841/2167
f 2170/2851/2185 2165/2842/2180 2169/2849/2184 2174/2853/2187
f 2180/2857/2191 2185/2838/2177 2186/2862/2196 2181/2858/2192
f 2181/2858/2192 2186/2862/2196 2187/2863/2197 2182/2859/2193
f 2192/2864/2198 2193/2865/2199 2188/2866/2200 2187/2863/2197
f 2133/2804/2143 2193/2865/2199 2192/2864/2198 2132/2803/2142
f 2183/2860/2194 2188/2866/2200 2189/2839/2178 2184/2861/2195
f 2175/2854/2188 2170/2851/2185 2174/2853/2187 2179/2856/2190
f 2189/2839/2178 2185/2838/2177 2180/2857/2191 2184/2861/2195
f 2185/2838/2177 2190/2837/2176 2191/2867/2201 2186/2862/2196
f 2186/2862/2196 2191/2867/2201 2192/2864/2198 2187/2863/2197
f 2183/2860/2194 2182/2859/2193 2187/2863/2197 2188/2866/2200
f 2183/2860/2194 2178/2831/2170 2177/2834/2173 2182/2859/2193
f 2188/2866/2200 2193/2865/2199 2194/2840/2179 2189/2839/2178
f 2184/2861/2195 2180/2857/2191 2175/2854/2188 2179/2856/2190
f 2190/2837/2176 2130/2798/2137 2131/2801/2140 2191/2867/2201
f 2191/2867/2201 2131/2801/2140 2132/2803/2142 2192/2864/2198
f 2193/2865/2199 2133/2804/2143 2134/2807/2146 2194/2840/2179
o Torus.019
v 1.139942 2.464066 0.142463
v 1.132251 2.463000 0.137312
v 1.143713 2.464066 0.132982
v 1.161518 2.464066 0.139026
v 1.157624 2.464066 0.143665
v 1.137294 2.544627 0.127338
v 1.129523 2.536554 0.116776
v 1.139388 2.531153 0.111267
v 1.165812 2.536554 0.125112
v 1.162472 2.543288 0.134041
v 1.142249 2.604798 0.064272
v 1.139044 2.592872 0.055278
v 1.154616 2.583308 0.054526
v 1.189877 2.592872 0.073379
v 1.183014 2.604798 0.078787
v 1.158316 2.633938 -0.008590
v 1.152540 2.619553 -0.012184
v 1.170566 2.608016 -0.008133
v 1.216026 2.619553 0.007244
v 1.209228 2.633938 0.006990
v 1.182187 2.624033 -0.086596
v 1.174397 2.610483 -0.083606
v 1.190807 2.599618 -0.074275
v 1.237883 2.610483 -0.064178
v 1.233099 2.624033 -0.071016
v 1.201977 2.577351 -0.151266
v 1.192516 2.567742 -0.142818
v 1.207587 2.560036 -0.129109
v 1.256002 2.567742 -0.123390
v 1.252889 2.577351 -0.135686
v 1.213153 2.504588 -0.187783
v 1.202748 2.501120 -0.176253
v 1.217063 2.498339 -0.160073
v 1.266234 2.501120 -0.156825
v 1.264065 2.504588 -0.172203
v 1.213153 2.422411 -0.187783
v 1.202748 2.425879 -0.176253
v 1.217063 2.428660 -0.160073
v 1.266234 2.425879 -0.156825
v 1.264065 2.422411 -0.172203
v 1.201977 2.349648 -0.151266
v 1.192516 2.359257 -0.142818
v 1.207587 2.366963 -0.129109
v 1.256002 2.359257 -0.123390
v 1.252889 2.349648 -0.135686
v 1.182187 2.302966 -0.086596
v 1.174396 2.316516 -0.083607
v 1.190807 2.327382 -0.074275
v 1.237882 2.316516 -0.064178
v 1.233099 2.302966 -0.071016
v 1.158316 2.293061 -0.008590
v 1.152540 2.307446 -0.012184
v 1.170566 2.318983 -0.008133
v 1.216026 2.307446 0.007244
v 1.209227 2.293061 0.006990
v 1.142249 2.322201 0.064272
v 1.139044 2.334127 0.055278
v 1.154616 2.343691 0.054526
v 1.189877 2.334127 0.073379
v 1.183014 2.322201 0.078787
v 1.135026 2.383090 0.127497
v 1.129523 2.390445 0.116776
v 1.139388 2.395846 0.111267
v 1.165812 2.390445 0.125112
v 1.162472 2.383711 0.134041
vn -0.4428 0.0146 0.8965
vn -0.4771 0.4274 0.7679
vn -0.9954 -0.0915 -0.0292
vn -0.9993 0.0140 0.0335
vn 0.0481 -0.5143 -0.8563
vn 0.0661 -0.0116 -0.9977
vn 0.8438 -0.0014 -0.5367
vn 0.8790 -0.3651 -0.3066
vn 0.1460 0.4010 0.9044
vn 0.1949 0.0022 0.9808
vn -0.4781 0.7739 0.4153
vn -0.9245 -0.2407 -0.2957
vn 0.0156 -0.8612 -0.5081
vn 0.8374 -0.5437 -0.0568
vn 0.1879 0.7699 0.6099
vn -0.3682 0.9295 0.0199
vn -0.9137 -0.2985 -0.2758
vn -0.0926 -0.9860 -0.1385
vn 0.7848 -0.5910 0.1869
vn 0.2909 0.9317 0.2173
vn -0.2254 0.8800 -0.4180
vn -0.9429 -0.2825 -0.1765
vn -0.2242 -0.9275 0.2992
vn 0.7059 -0.5574 0.4371
vn 0.4207 0.8800 -0.2203
vn -0.1169 0.6241 -0.7725
vn -0.9777 -0.2003 -0.0627
vn -0.3385 -0.6578 0.6729
vn 0.6372 -0.3953 0.6616
vn 0.5292 0.6241 -0.5748
vn -0.0556 0.2252 -0.9727
vn -0.9974 -0.0723 0.0016
vn -0.4031 -0.2374 0.8838
vn 0.7059 0.5574 0.4371
vn 0.6372 0.3953 0.6616
vn -0.3385 0.6578 0.6729
vn -0.2242 0.9275 0.2992
vn 0.5984 -0.1427 0.7884
vn 0.5905 0.2252 -0.7750
vn -0.4861 -0.4104 0.7716
vn -0.4815 -0.7746 0.4101
vn 0.1883 -0.7698 0.6098
vn 0.1488 -0.4105 0.8996
vn -0.0556 -0.2252 -0.9727
vn -0.9974 0.0723 0.0016
vn -0.4031 0.2374 0.8838
vn 0.5984 0.1427 0.7884
vn 0.5905 -0.2252 -0.7750
vn -0.1169 -0.6241 -0.7725
vn -0.9777 0.2003 -0.0627
vn 0.5292 -0.6241 -0.5748
vn -0.2254 -0.8800 -0.4180
vn -0.9429 0.2825 -0.1765
vn 0.4207 -0.8800 -0.2203
vn -0.3682 -0.9295 0.0199
vn -0.9137 0.2985 -0.2758
vn -0.0926 0.9860 -0.1385
vn 0.7848 0.5910 0.1869
vn 0.2909 -0.9317 0.2173
vn -0.9157 0.2535 -0.3119
vn 0.0156 0.8612 -0.5081
vn 0.0445 0.5146 -0.8563
vn 0.8796 0.3639 -0.3065
vn 0.8374 0.5437 -0.0568
vn -0.9895 0.1148 -0.0875
vt 0.538462 0.714286
vt 0.615385 0.714286
vt 0.615385 0.857143
vt 0.538462 0.857143
vt 0.615385 1.000000
vt 0.538462 1.000000
vt 0.538462 0.285714
vt 0.615385 0.285714
vt 0.615385 0.428571
vt 0.538462 0.428571
vt 0.692308 0.714286
vt 0.692308 0.857143
vt 0.692308 1.000000
vt 0.692308 0.285714
vt 0.692308 0.428571
vt 0.769231 0.714286
vt 0.769231 0.857143
vt 0.769231 1.000000
vt 0.769231 0.285714
vt 0.769231 0.428571
vt 0.846154 0.714286
vt 0.846154 0.857143
vt 0.846154 1.000000
vt 0.846154 0.285714
vt 0.846154 0.428571
vt 0.923077 0.714286
vt 0.923077 0.857143
vt 0.923077 1.000000
vt 0.923077 0.285714
vt 0.923077 0.428571
vt 1.000000 0.714286
vt 1.000000 0.857143
vt 1.000000 1.000000
vt 0.230769 0.285714
vt 0.153846 0.285714
vt 0.153846 1.000000
vt 0.230769 1.000000
vt 1.000000 0.285714
vt 1.000000 0.428571
vt 0.461538 0.714286
vt 0.384615 0.714286
vt 0.384615 0.428571
vt 0.461538 0.428571
vt -0.000000 0.714286
vt 0.076923 0.714286
vt 0.076923 0.857143
vt -0.000000 0.857143
vt 0.076923 1.000000
vt -0.000000 1.000000
vt -0.000000 0.285714
vt 0.076923 0.285714
vt 0.076923 0.428571
vt -0.000000 0.428571
vt 0.153846 0.714286
vt 0.153846 0.857143
vt 0.153846 0.428571
vt 0.230769 0.714286
vt 0.230769 0.857143
vt 0.230769 0.428571
vt 0.307692 0.714286
vt 0.307692 0.857143
vt 0.307692 1.000000
vt 0.307692 0.285714
vt 0.307692 0.428571
vt 0.384615 0.857143
vt 0.384615 1.000000
vt 0.461538 1.000000
vt 0.461538 0.285714
vt 0.384615 0.285714
vt 0.461538 0.857143
s 1
usemtl Глаза_обрамление
f 2195/2868/2202 2200/2869/2203 2201/2870/2204 2196/2871/2205
f 2196/2871/2205 2201/2870/2204 2202/2872/2206 2197/2873/2207
f 2198/2874/2208 2203/2875/2209 2204/2876/2210 2199/2877/2211
f 2200/2869/2203 2205/2878/2212 2206/2879/2213 2201/2870/2204
f 2201/2870/2204 2206/2879/2213 2207/2880/2214 2202/2872/2206
f 2203/2875/2209 2208/2881/2215 2209/2882/2216 2204/2876/2210
f 2205/2878/2212 2210/2883/2217 2211/2884/2218 2206/2879/2213
f 2206/2879/2213 2211/2884/2218 2212/2885/2219 2207/2880/2214
f 2208/2881/2215 2213/2886/2220 2214/2887/2221 2209/2882/2216
f 2210/2883/2217 2215/2888/2222 2216/2889/2223 2211/2884/2218
f 2211/2884/2218 2216/2889/2223 2217/2890/2224 2212/2885/2219
f 2213/2886/2220 2218/2891/2225 2219/2892/2226 2214/2887/2221
f 2215/2888/2222 2220/2893/2227 2221/2894/2228 2216/2889/2223
f 2216/2889/2223 2221/2894/2228 2222/2895/2229 2217/2890/2224
f 2218/2891/2225 2223/2896/2230 2224/2897/2231 2219/2892/2226
f 2220/2893/2227 2225/2898/2232 2226/2899/2233 2221/2894/2228
f 2221/2894/2228 2226/2899/2233 2227/2900/2234 2222/2895/2229
f 2243/2901/2235 2238/2902/2236 2237/2903/2237 2242/2904/2238
f 2223/2896/2230 2228/2905/2239 2229/2906/2240 2224/2897/2231
f 2255/2907/2241 2250/2908/2242 2254/2909/2243 2259/2910/2244
f 2255/2907/2241 2259/2910/2244 2199/2877/2211 2195/2868/2202
f 2225/2911/2232 2230/2912/2245 2231/2913/2246 2226/2914/2233
f 2226/2914/2233 2231/2913/2246 2232/2915/2247 2227/2916/2234
f 2228/2917/2239 2227/2916/2234 2232/2915/2247 2233/2918/2248
f 2237/2903/2237 2238/2902/2236 2233/2918/2248 2232/2915/2247
f 2228/2917/2239 2233/2918/2248 2234/2919/2249 2229/2920/2240
f 2204/2876/2210 2200/2869/2203 2195/2868/2202 2199/2877/2211
f 2205/2878/2212 2200/2869/2203 2204/2876/2210 2209/2882/2216
f 2230/2912/2245 2235/2921/2250 2236/2922/2251 2231/2913/2246
f 2231/2913/2246 2236/2922/2251 2237/2903/2237 2232/2915/2247
f 2228/2905/2239 2223/2896/2230 2222/2895/2229 2227/2900/2234
f 2223/2896/2230 2218/2891/2225 2217/2890/2224 2222/2895/2229
f 2233/2918/2248 2238/2902/2236 2239/2923/2252 2234/2919/2249
f 2214/2887/2221 2210/2883/2217 2205/2878/2212 2209/2882/2216
f 2215/2888/2222 2210/2883/2217 2214/2887/2221 2219/2892/2226
f 2235/2921/2250 2240/2924/2253 2241/2925/2254 2236/2922/2251
f 2236/2922/2251 2241/2925/2254 2242/2904/2238 2237/2903/2237
f 2212/2885/2219 2213/2886/2220 2208/2881/2215 2207/2880/2214
f 2213/2886/2220 2212/2885/2219 2217/2890/2224 2218/2891/2225
f 2238/2902/2236 2243/2901/2235 2244/2926/2255 2239/2923/2252
f 2215/2888/2222 2219/2892/2226 2224/2897/2231 2220/2893/2227
f 2220/2893/2227 2224/2897/2231 2229/2920/2240 2225/2898/2232
f 2240/2924/2253 2245/2927/2256 2246/2928/2257 2241/2925/2254
f 2241/2925/2254 2246/2928/2257 2247/2929/2258 2242/2904/2238
f 2207/2880/2214 2208/2881/2215 2203/2875/2209 2202/2872/2206
f 2198/2874/2208 2197/2873/2207 2202/2872/2206 2203/2875/2209
f 2243/2901/2235 2248/2930/2259 2249/2931/2260 2244/2926/2255
f 2229/2920/2240 2234/2919/2249 2230/2912/2245 2225/2911/2232
f 2235/2921/2250 2230/2912/2245 2234/2919/2249 2239/2923/2252
f 2245/2927/2256 2250/2908/2242 2251/2932/2261 2246/2928/2257
f 2246/2928/2257 2251/2932/2261 2252/2933/2262 2247/2929/2258
f 2257/2934/2263 2258/2935/2264 2253/2936/2265 2252/2933/2262
f 2198/2874/2208 2258/2935/2264 2257/2934/2263 2197/2873/2207
f 2248/2930/2259 2253/2936/2265 2254/2909/2243 2249/2931/2260
f 2240/2924/2253 2235/2921/2250 2239/2923/2252 2244/2926/2255
f 2254/2909/2243 2250/2908/2242 2245/2927/2256 2249/2931/2260
f 2250/2908/2242 2255/2907/2241 2256/2937/2266 2251/2932/2261
f 2251/2932/2261 2256/2937/2266 2257/2934/2263 2252/2933/2262
f 2248/2930/2259 2247/2929/2258 2252/2933/2262 2253/2936/2265
f 2248/2930/2259 2243/2901/2235 2242/2904/2238 2247/2929/2258
f 2253/2936/2265 2258/2935/2264 2259/2910/2244 2254/2909/2243
f 2249/2931/2260 2245/2927/2256 2240/2924/2253 2244/2926/2255
f 2255/2907/2241 2195/2868/2202 2196/2871/2205 2256/2937/2266
f 2256/2937/2266 2196/2871/2205 2197/2873/2207 2257/2934/2263
f 2258/2935/2264 2198/2874/2208 2199/2877/2211 2259/2910/2244
o Torus.012
v -1.091404 2.320812 -0.000566
v -1.083484 2.325603 0.000500
v -1.094734 2.330457 -0.000566
v -1.112798 2.325239 -0.000566
v -1.109123 2.320425 -0.000566
v -1.088062 2.335799 -0.081127
v -1.079813 2.345992 -0.073054
v -1.089415 2.351949 -0.067653
v -1.116447 2.339335 -0.073054
v -1.113522 2.330262 -0.079788
v -1.090108 2.399026 -0.141298
v -1.086492 2.407863 -0.129372
v -1.102013 2.409331 -0.119808
v -1.138105 2.392122 -0.129372
v -1.131498 2.386403 -0.141298
v -1.102803 2.472550 -0.170438
v -1.096868 2.475875 -0.156053
v -1.115061 2.472658 -0.144516
v -1.161181 2.459391 -0.156053
v -1.154378 2.459331 -0.170438
v -1.123057 2.551573 -0.160533
v -1.115413 2.548228 -0.146983
v -1.132235 2.539662 -0.136118
v -1.179726 2.531744 -0.146983
v -1.174633 2.538354 -0.160533
v -1.139849 2.617085 -0.113851
v -1.130787 2.608211 -0.104242
v -1.146473 2.595211 -0.096536
v -1.195100 2.591727 -0.104242
v -1.191424 2.603866 -0.113851
v -1.149331 2.654079 -0.041088
v -1.139468 2.642082 -0.037620
v -1.154513 2.626578 -0.034839
v -1.203782 2.625597 -0.037620
v -1.200906 2.640859 -0.041088
v -1.149331 2.654079 0.041089
v -1.139468 2.642082 0.037621
v -1.154513 2.626578 0.034839
v -1.203782 2.625597 0.037621
v -1.200906 2.640859 0.041089
v -1.139849 2.617085 0.113852
v -1.130787 2.608211 0.104243
v -1.146473 2.595211 0.096537
v -1.195100 2.591726 0.104243
v -1.191424 2.603866 0.113852
v -1.123057 2.551573 0.160534
v -1.115413 2.548228 0.146984
v -1.132235 2.539662 0.136118
v -1.179726 2.531744 0.146984
v -1.174633 2.538354 0.160534
v -1.102803 2.472550 0.170439
v -1.096868 2.475875 0.156054
v -1.115061 2.472658 0.144517
v -1.161181 2.459391 0.156054
v -1.154378 2.459331 0.170439
v -1.090108 2.399026 0.141299
v -1.086492 2.407863 0.129373
v -1.102013 2.409331 0.119809
v -1.138105 2.392122 0.129373
v -1.131498 2.386403 0.141299
v -1.085804 2.335535 0.080409
v -1.079813 2.345992 0.073055
v -1.089415 2.351949 0.067654
v -1.116447 2.339335 0.073055
v -1.113522 2.330262 0.079789
vn 0.4011 -0.9159 -0.0146
vn 0.4413 -0.7891 -0.4274
vn 0.9957 -0.0167 0.0915
vn 0.9967 -0.0795 -0.0140
vn -0.0086 0.8576 0.5143
vn -0.0201 0.9997 0.0116
vn -0.8182 0.5749 0.0014
vn -0.8640 0.3468 0.3651
vn -0.1875 -0.8967 -0.4010
vn -0.2399 -0.9708 -0.0022
vn 0.4585 -0.4368 -0.7739
vn 0.9371 0.2528 0.2407
vn 0.0079 0.5083 0.8612
vn -0.8339 0.0953 0.5437
vn -0.2158 -0.6006 -0.7699
vn 0.3669 -0.0368 -0.9295
vn 0.9254 0.2334 0.2985
vn 0.0989 0.1341 0.9860
vn -0.7925 -0.1505 0.5910
vn -0.3006 -0.2037 -0.9317
vn 0.2444 0.4072 -0.8800
vn 0.9500 0.1329 0.2825
vn 0.2102 -0.3092 0.9275
vn -0.7253 -0.4041 0.5574
vn -0.4101 0.2394 -0.8800
vn 0.1523 0.7663 -0.6241
vn 0.9796 0.0176 0.2003
vn 0.3072 -0.6877 0.6578
vn -0.6670 -0.6316 0.3953
vn -0.5022 0.5986 -0.6241
vn 0.1003 0.9691 -0.2252
vn 0.9963 -0.0475 0.0723
vn 0.3620 -0.9015 0.2374
vn -0.7253 -0.4041 -0.5574
vn -0.6670 -0.6316 -0.3953
vn 0.3072 -0.6877 -0.6578
vn 0.2102 -0.3092 -0.9275
vn -0.6340 -0.7600 0.1427
vn -0.5541 0.8014 -0.2252
vn 0.4500 -0.7931 0.4104
vn 0.4621 -0.4318 0.7746
vn -0.2162 -0.6005 0.7698
vn -0.1901 -0.8918 0.4105
vn 0.1003 0.9691 0.2252
vn 0.9963 -0.0475 -0.0723
vn 0.3620 -0.9015 -0.2374
vn -0.6340 -0.7600 -0.1427
vn -0.5541 0.8014 0.2252
vn 0.1523 0.7663 0.6241
vn 0.9796 0.0176 -0.2003
vn -0.5022 0.5986 0.6241
vn 0.2444 0.4072 0.8800
vn 0.9500 0.1329 -0.2825
vn -0.4101 0.2394 0.8800
vn 0.3669 -0.0368 0.9295
vn 0.9254 0.2334 -0.2985
vn 0.0989 0.1341 -0.9860
vn -0.7925 -0.1505 -0.5910
vn -0.3006 -0.2037 0.9317
vn 0.9291 0.2694 -0.2535
vn 0.0079 0.5083 -0.8612
vn -0.0050 0.8574 -0.5146
vn -0.8645 0.3467 -0.3639
vn -0.8339 0.0953 -0.5437
vn 0.9925 0.0419 -0.1148
vt 0.538462 0.714286
vt 0.615385 0.714286
vt 0.615385 0.857143
vt 0.538462 0.857143
vt 0.615385 1.000000
vt 0.538462 1.000000
vt 0.538462 0.285714
vt 0.615385 0.285714
vt 0.615385 0.428571
vt 0.538462 0.428571
vt 0.692308 0.714286
vt 0.692308 0.857143
vt 0.692308 1.000000
vt 0.692308 0.285714
vt 0.692308 0.428571
vt 0.769231 0.714286
vt 0.769231 0.857143
vt 0.769231 1.000000
vt 0.769231 0.285714
vt 0.769231 0.428571
vt 0.846154 0.714286
vt 0.846154 0.857143
vt 0.846154 1.000000
vt 0.846154 0.285714
vt 0.846154 0.428571
vt 0.923077 0.714286
vt 0.923077 0.857143
vt 0.923077 1.000000
vt 0.923077 0.285714
vt 0.923077 0.428571
vt 1.000000 0.714286
vt 1.000000 0.857143
vt 1.000000 1.000000
vt 0.230769 0.285714
vt 0.153846 0.285714
vt 0.153846 1.000000
vt 0.230769 1.000000
vt 1.000000 0.285714
vt 1.000000 0.428571
vt 0.461538 0.714286
vt 0.384615 0.714286
vt 0.384615 0.428571
vt 0.461538 0.428571
vt -0.000000 0.714286
vt 0.076923 0.714286
vt 0.076923 0.857143
vt -0.000000 0.857143
vt 0.076923 1.000000
vt -0.000000 1.000000
vt -0.000000 0.285714
vt 0.076923 0.285714
vt 0.076923 0.428571
vt -0.000000 0.428571
vt 0.153846 0.714286
vt 0.153846 0.857143
vt 0.153846 0.428571
vt 0.230769 0.714286
vt 0.230769 0.857143
vt 0.230769 0.428571
vt 0.307692 0.714286
vt 0.307692 0.857143
vt 0.307692 1.000000
vt 0.307692 0.285714
vt 0.307692 0.428571
vt 0.384615 0.857143
vt 0.384615 1.000000
vt 0.461538 1.000000
vt 0.461538 0.285714
vt 0.384615 0.285714
vt 0.461538 0.857143
s 1
usemtl Глаза_обрамление
f 2260/2938/2267 2265/2939/2268 2266/2940/2269 2261/2941/2270
f 2261/2941/2270 2266/2940/2269 2267/2942/2271 2262/2943/2272
f 2263/2944/2273 2268/2945/2274 2269/2946/2275 2264/2947/2276
f 2265/2939/2268 2270/2948/2277 2271/2949/2278 2266/2940/2269
f 2266/2940/2269 2271/2949/2278 2272/2950/2279 2267/2942/2271
f 2268/2945/2274 2273/2951/2280 2274/2952/2281 2269/2946/2275
f 2270/2948/2277 2275/2953/2282 2276/2954/2283 2271/2949/2278
f 2271/2949/2278 2276/2954/2283 2277/2955/2284 2272/2950/2279
f 2273/2951/2280 2278/2956/2285 2279/2957/2286 2274/2952/2281
f 2275/2953/2282 2280/2958/2287 2281/2959/2288 2276/2954/2283
f 2276/2954/2283 2281/2959/2288 2282/2960/2289 2277/2955/2284
f 2278/2956/2285 2283/2961/2290 2284/2962/2291 2279/2957/2286
f 2280/2958/2287 2285/2963/2292 2286/2964/2293 2281/2959/2288
f 2281/2959/2288 2286/2964/2293 2287/2965/2294 2282/2960/2289
f 2283/2961/2290 2288/2966/2295 2289/2967/2296 2284/2962/2291
f 2285/2963/2292 2290/2968/2297 2291/2969/2298 2286/2964/2293
f 2286/2964/2293 2291/2969/2298 2292/2970/2299 2287/2965/2294
f 2308/2971/2300 2303/2972/2301 2302/2973/2302 2307/2974/2303
f 2288/2966/2295 2293/2975/2304 2294/2976/2305 2289/2967/2296
f 2320/2977/2306 2315/2978/2307 2319/2979/2308 2324/2980/2309
f 2320/2977/2306 2324/2980/2309 2264/2947/2276 2260/2938/2267
f 2290/2981/2297 2295/2982/2310 2296/2983/2311 2291/2984/2298
f 2291/2984/2298 2296/2983/2311 2297/2985/2312 2292/2986/2299
f 2293/2987/2304 2292/2986/2299 2297/2985/2312 2298/2988/2313
f 2302/2973/2302 2303/2972/2301 2298/2988/2313 2297/2985/2312
f 2293/2987/2304 2298/2988/2313 2299/2989/2314 2294/2990/2305
f 2269/2946/2275 2265/2939/2268 2260/2938/2267 2264/2947/2276
f 2270/2948/2277 2265/2939/2268 2269/2946/2275 2274/2952/2281
f 2295/2982/2310 2300/2991/2315 2301/2992/2316 2296/2983/2311
f 2296/2983/2311 2301/2992/2316 2302/2973/2302 2297/2985/2312
f 2293/2975/2304 2288/2966/2295 2287/2965/2294 2292/2970/2299
f 2288/2966/2295 2283/2961/2290 2282/2960/2289 2287/2965/2294
f 2298/2988/2313 2303/2972/2301 2304/2993/2317 2299/2989/2314
f 2279/2957/2286 2275/2953/2282 2270/2948/2277 2274/2952/2281
f 2280/2958/2287 2275/2953/2282 2279/2957/2286 2284/2962/2291
f 2300/2991/2315 2305/2994/2318 2306/2995/2319 2301/2992/2316
f 2301/2992/2316 2306/2995/2319 2307/2974/2303 2302/2973/2302
f 2277/2955/2284 2278/2956/2285 2273/2951/2280 2272/2950/2279
f 2278/2956/2285 2277/2955/2284 2282/2960/2289 2283/2961/2290
f 2303/2972/2301 2308/2971/2300 2309/2996/2320 2304/2993/2317
f 2280/2958/2287 2284/2962/2291 2289/2967/2296 2285/2963/2292
f 2285/2963/2292 2289/2967/2296 2294/2990/2305 2290/2968/2297
f 2305/2994/2318 2310/2997/2321 2311/2998/2322 2306/2995/2319
f 2306/2995/2319 2311/2998/2322 2312/2999/2323 2307/2974/2303
f 2272/2950/2279 2273/2951/2280 2268/2945/2274 2267/2942/2271
f 2263/2944/2273 2262/2943/2272 2267/2942/2271 2268/2945/2274
f 2308/2971/2300 2313/3000/2324 2314/3001/2325 2309/2996/2320
f 2294/2990/2305 2299/2989/2314 2295/2982/2310 2290/2981/2297
f 2300/2991/2315 2295/2982/2310 2299/2989/2314 2304/2993/2317
f 2310/2997/2321 2315/2978/2307 2316/3002/2326 2311/2998/2322
f 2311/2998/2322 2316/3002/2326 2317/3003/2327 2312/2999/2323
f 2322/3004/2328 2323/3005/2329 2318/3006/2330 2317/3003/2327
f 2263/2944/2273 2323/3005/2329 2322/3004/2328 2262/2943/2272
f 2313/3000/2324 2318/3006/2330 2319/2979/2308 2314/3001/2325
f 2305/2994/2318 2300/2991/2315 2304/2993/2317 2309/2996/2320
f 2319/2979/2308 2315/2978/2307 2310/2997/2321 2314/3001/2325
f 2315/2978/2307 2320/2977/2306 2321/3007/2331 2316/3002/2326
f 2316/3002/2326 2321/3007/2331 2322/3004/2328 2317/3003/2327
f 2313/3000/2324 2312/2999/2323 2317/3003/2327 2318/3006/2330
f 2313/3000/2324 2308/2971/2300 2307/2974/2303 2312/2999/2323
f 2318/3006/2330 2323/3005/2329 2324/2980/2309 2319/2979/2308
f 2314/3001/2325 2310/2997/2321 2305/2994/2318 2309/2996/2320
f 2320/2977/2306 2260/2938/2267 2261/2941/2270 2321/3007/2331
f 2321/3007/2331 2261/2941/2270 2262/2943/2272 2322/3004/2328
f 2323/3005/2329 2263/2944/2273 2264/2947/2276 2324/2980/2309
o Torus.023
v 0.152142 0.591479 0.000000
v 0.169098 0.583785 0.000000
v 0.182697 0.605343 0.000000
v 0.169098 0.661475 0.000000
v 0.152142 0.653781 0.000000
v 0.175154 0.591479 -0.093365
v 0.190169 0.583785 -0.085484
v 0.202209 0.605343 -0.079165
v 0.190169 0.661475 -0.085484
v 0.175154 0.653781 -0.093365
v 0.238919 0.591479 -0.165341
v 0.248552 0.583785 -0.151386
v 0.256277 0.605343 -0.140194
v 0.248552 0.661475 -0.151386
v 0.238919 0.653781 -0.165341
v 0.328829 0.591479 -0.199439
v 0.330873 0.583785 -0.182606
v 0.332512 0.605343 -0.169107
v 0.330873 0.661475 -0.182606
v 0.328829 0.653781 -0.199439
v 0.424287 0.591479 -0.187849
v 0.418274 0.583785 -0.171994
v 0.413452 0.605342 -0.159279
v 0.418274 0.661475 -0.171994
v 0.424287 0.653781 -0.187849
v 0.503425 0.591479 -0.133224
v 0.490732 0.583785 -0.121980
v 0.480554 0.605342 -0.112962
v 0.490732 0.661475 -0.121979
v 0.503425 0.653781 -0.133224
v 0.548112 0.591479 -0.048079
v 0.531648 0.583785 -0.044021
v 0.518445 0.605342 -0.040767
v 0.531648 0.661475 -0.044021
v 0.548112 0.653781 -0.048079
v 0.548112 0.591479 0.048080
v 0.531648 0.583785 0.044022
v 0.518445 0.605342 0.040767
v 0.531648 0.661474 0.044022
v 0.548112 0.653781 0.048080
v 0.503425 0.591479 0.133224
v 0.490732 0.583785 0.121980
v 0.480554 0.605342 0.112962
v 0.490732 0.661474 0.121980
v 0.503425 0.653781 0.133224
v 0.424287 0.591479 0.187849
v 0.418274 0.583785 0.171994
v 0.413452 0.605342 0.159279
v 0.418274 0.661475 0.171994
v 0.424287 0.653781 0.187849
v 0.328829 0.591479 0.199440
v 0.330873 0.583785 0.182606
v 0.332512 0.605342 0.169107
v 0.330873 0.661475 0.182606
v 0.328829 0.653781 0.199440
v 0.238919 0.591479 0.165341
v 0.248552 0.583785 0.151386
v 0.256277 0.605342 0.140195
v 0.248552 0.661475 0.151386
v 0.238919 0.653781 0.165341
v 0.175154 0.591479 0.093365
v 0.190169 0.583785 0.085485
v 0.202209 0.605343 0.079165
v 0.190169 0.661475 0.085485
v 0.175154 0.653781 0.093365
vn -0.9412 -0.3378 -0.0000
vn -0.8334 -0.3378 -0.4374
vn 0.2675 -0.9533 0.1404
vn 0.3021 -0.9533 -0.0000
vn 0.8783 -0.1268 0.4610
vn 0.9919 -0.1268 -0.0000
vn 0.5961 0.8029 -0.0000
vn 0.5278 0.8029 0.2770
vn -0.8334 0.3378 -0.4374
vn -0.9412 0.3378 -0.0000
vn -0.5347 -0.3378 -0.7746
vn 0.1716 -0.9533 0.2486
vn 0.5635 -0.1268 0.8163
vn 0.3386 0.8029 0.4906
vn -0.5347 0.3378 -0.7746
vn -0.1135 -0.3378 -0.9343
vn 0.0364 -0.9533 0.2999
vn 0.1196 -0.1268 0.9847
vn 0.0719 0.8029 0.5918
vn -0.1135 0.3378 -0.9343
vn 0.3338 -0.3378 -0.8800
vn -0.1071 -0.9533 0.2825
vn -0.3517 -0.1268 0.9275
vn -0.2114 0.8029 0.5574
vn 0.3338 0.3378 -0.8800
vn 0.7045 -0.3378 -0.6241
vn -0.2261 -0.9533 0.2003
vn -0.7425 -0.1268 0.6578
vn -0.4462 0.8029 0.3953
vn 0.7045 0.3378 -0.6241
vn 0.9139 -0.3378 -0.2252
vn -0.2934 -0.9533 0.0723
vn -0.9631 -0.1268 0.2374
vn -0.2114 0.8029 -0.5574
vn -0.4462 0.8029 -0.3953
vn -0.7425 -0.1268 -0.6578
vn -0.3517 -0.1268 -0.9275
vn -0.5788 0.8029 0.1427
vn 0.9139 0.3378 -0.2252
vn -0.8334 -0.3378 0.4374
vn -0.5347 -0.3378 0.7746
vn -0.5347 0.3378 0.7746
vn -0.8334 0.3378 0.4374
vn 0.9139 -0.3378 0.2252
vn -0.2934 -0.9533 -0.0723
vn -0.9631 -0.1268 -0.2374
vn -0.5788 0.8029 -0.1427
vn 0.9139 0.3378 0.2252
vn 0.7045 -0.3378 0.6241
vn -0.2261 -0.9533 -0.2003
vn 0.7045 0.3378 0.6241
vn 0.3338 -0.3378 0.8800
vn -0.1071 -0.9533 -0.2825
vn 0.3338 0.3378 0.8800
vn -0.1135 -0.3378 0.9343
vn 0.0364 -0.9533 -0.2999
vn 0.1196 -0.1268 -0.9847
vn 0.0719 0.8029 -0.5918
vn -0.1135 0.3378 0.9343
vn 0.1716 -0.9533 -0.2486
vn 0.5635 -0.1268 -0.8163
vn 0.8783 -0.1268 -0.4610
vn 0.5278 0.8029 -0.2770
vn 0.3386 0.8029 -0.4906
vn 0.2675 -0.9533 -0.1404
vt 0.538462 0.714286
vt 0.615385 0.714286
vt 0.615385 0.857143
vt 0.538462 0.857143
vt 0.615385 1.000000
vt 0.538462 1.000000
vt 0.538462 0.285714
vt 0.615385 0.285714
vt 0.615385 0.428571
vt 0.538462 0.428571
vt 0.692308 0.714286
vt 0.692308 0.857143
vt 0.692308 1.000000
vt 0.692308 0.285714
vt 0.692308 0.428571
vt 0.769231 0.714286
vt 0.769231 0.857143
vt 0.769231 1.000000
vt 0.769231 0.285714
vt 0.769231 0.428571
vt 0.846154 0.714286
vt 0.846154 0.857143
vt 0.846154 1.000000
vt 0.846154 0.285714
vt 0.846154 0.428571
vt 0.923077 0.714286
vt 0.923077 0.857143
vt 0.923077 1.000000
vt 0.923077 0.285714
vt 0.923077 0.428571
vt 1.000000 0.714286
vt 1.000000 0.857143
vt 1.000000 1.000000
vt 0.230769 0.285714
vt 0.153846 0.285714
vt 0.153846 1.000000
vt 0.230769 1.000000
vt 1.000000 0.285714
vt 1.000000 0.428571
vt 0.461538 0.714286
vt 0.384615 0.714286
vt 0.384615 0.428571
vt 0.461538 0.428571
vt -0.000000 0.714286
vt 0.076923 0.714286
vt 0.076923 0.857143
vt -0.000000 0.857143
vt 0.076923 1.000000
vt -0.000000 1.000000
vt -0.000000 0.285714
vt 0.076923 0.285714
vt 0.076923 0.428571
vt -0.000000 0.428571
vt 0.153846 0.714286
vt 0.153846 0.857143
vt 0.153846 0.428571
vt 0.230769 0.714286
vt 0.230769 0.857143
vt 0.230769 0.428571
vt 0.307692 0.714286
vt 0.307692 0.857143
vt 0.307692 1.000000
vt 0.307692 0.285714
vt 0.307692 0.428571
vt 0.384615 0.857143
vt 0.384615 1.000000
vt 0.461538 1.000000
vt 0.461538 0.285714
vt 0.384615 0.285714
vt 0.461538 0.857143
s 1
usemtl Глаза_обрамление
f 2325/3008/2332 2330/3009/2333 2331/3010/2334 2326/3011/2335
f 2326/3011/2335 2331/3010/2334 2332/3012/2336 2327/3013/2337
f 2328/3014/2338 2333/3015/2339 2334/3016/2340 2329/3017/2341
f 2330/3009/2333 2335/3018/2342 2336/3019/2343 2331/3010/2334
f 2331/3010/2334 2336/3019/2343 2337/3020/2344 2332/3012/2336
f 2333/3015/2339 2338/3021/2345 2339/3022/2346 2334/3016/2340
f 2335/3018/2342 2340/3023/2347 2341/3024/2348 2336/3019/2343
f 2336/3019/2343 2341/3024/2348 2342/3025/2349 2337/3020/2344
f 2338/3021/2345 2343/3026/2350 2344/3027/2351 2339/3022/2346
f 2340/3023/2347 2345/3028/2352 2346/3029/2353 2341/3024/2348
f 2341/3024/2348 2346/3029/2353 2347/3030/2354 2342/3025/2349
f 2343/3026/2350 2348/3031/2355 2349/3032/2356 2344/3027/2351
f 2345/3028/2352 2350/3033/2357 2351/3034/2358 2346/3029/2353
f 2346/3029/2353 2351/3034/2358 2352/3035/2359 2347/3030/2354
f 2348/3031/2355 2353/3036/2360 2354/3037/2361 2349/3032/2356
f 2350/3033/2357 2355/3038/2362 2356/3039/2363 2351/3034/2358
f 2351/3034/2358 2356/3039/2363 2357/3040/2364 2352/3035/2359
f 2373/3041/2365 2368/3042/2366 2367/3043/2367 2372/3044/2368
f 2353/3036/2360 2358/3045/2369 2359/3046/2370 2354/3037/2361
f 2385/3047/2371 2380/3048/2372 2384/3049/2373 2389/3050/2374
f 2385/3047/2371 2389/3050/2374 2329/3017/2341 2325/3008/2332
f 2355/3051/2362 2360/3052/2375 2361/3053/2376 2356/3054/2363
f 2356/3054/2363 2361/3053/2376 2362/3055/2377 2357/3056/2364
f 2358/3057/2369 2357/3056/2364 2362/3055/2377 2363/3058/2378
f 2367/3043/2367 2368/3042/2366 2363/3058/2378 2362/3055/2377
f 2358/3057/2369 2363/3058/2378 2364/3059/2379 2359/3060/2370
f 2334/3016/2340 2330/3009/2333 2325/3008/2332 2329/3017/2341
f 2335/3018/2342 2330/3009/2333 2334/3016/2340 2339/3022/2346
f 2360/3052/2375 2365/3061/2380 2366/3062/2381 2361/3053/2376
f 2361/3053/2376 2366/3062/2381 2367/3043/2367 2362/3055/2377
f 2358/3045/2369 2353/3036/2360 2352/3035/2359 2357/3040/2364
f 2353/3036/2360 2348/3031/2355 2347/3030/2354 2352/3035/2359
f 2363/3058/2378 2368/3042/2366 2369/3063/2382 2364/3059/2379
f 2344/3027/2351 2340/3023/2347 2335/3018/2342 2339/3022/2346
f 2345/3028/2352 2340/3023/2347 2344/3027/2351 2349/3032/2356
f 2365/3061/2380 2370/3064/2383 2371/3065/2384 2366/3062/2381
f 2366/3062/2381 2371/3065/2384 2372/3044/2368 2367/3043/2367
f 2342/3025/2349 2343/3026/2350 2338/3021/2345 2337/3020/2344
f 2343/3026/2350 2342/3025/2349 2347/3030/2354 2348/3031/2355
f 2368/3042/2366 2373/3041/2365 2374/3066/2385 2369/3063/2382
f 2345/3028/2352 2349/3032/2356 2354/3037/2361 2350/3033/2357
f 2350/3033/2357 2354/3037/2361 2359/3060/2370 2355/3038/2362
f 2370/3064/2383 2375/3067/2386 2376/3068/2387 2371/3065/2384
f 2371/3065/2384 2376/3068/2387 2377/3069/2388 2372/3044/2368
f 2337/3020/2344 2338/3021/2345 2333/3015/2339 2332/3012/2336
f 2328/3014/2338 2327/3013/2337 2332/3012/2336 2333/3015/2339
f 2373/3041/2365 2378/3070/2389 2379/3071/2390 2374/3066/2385
f 2359/3060/2370 2364/3059/2379 2360/3052/2375 2355/3051/2362
f 2365/3061/2380 2360/3052/2375 2364/3059/2379 2369/3063/2382
f 2375/3067/2386 2380/3048/2372 2381/3072/2391 2376/3068/2387
f 2376/3068/2387 2381/3072/2391 2382/3073/2392 2377/3069/2388
f 2387/3074/2393 2388/3075/2394 2383/3076/2395 2382/3073/2392
f 2328/3014/2338 2388/3075/2394 2387/3074/2393 2327/3013/2337
f 2378/3070/2389 2383/3076/2395 2384/3049/2373 2379/3071/2390
f 2370/3064/2383 2365/3061/2380 2369/3063/2382 2374/3066/2385
f 2384/3049/2373 2380/3048/2372 2375/3067/2386 2379/3071/2390
f 2380/3048/2372 2385/3047/2371 2386/3077/2396 2381/3072/2391
f 2381/3072/2391 2386/3077/2396 2387/3074/2393 2382/3073/2392
f 2378/3070/2389 2377/3069/2388 2382/3073/2392 2383/3076/2395
f 2378/3070/2389 2373/3041/2365 2372/3044/2368 2377/3069/2388
f 2383/3076/2395 2388/3075/2394 2389/3050/2374 2384/3049/2373
f 2379/3071/2390 2375/3067/2386 2370/3064/2383 2374/3066/2385
f 2385/3047/2371 2325/3008/2332 2326/3011/2335 2386/3077/2396
f 2386/3077/2396 2326/3011/2335 2327/3013/2337 2387/3074/2393
f 2388/3075/2394 2328/3014/2338 2329/3017/2341 2389/3050/2374
o Cube.008
v -1.251081 1.280738 0.113574
v -1.254353 1.449599 0.139284
v -1.251081 1.280738 -0.113574
v -1.254353 1.449599 -0.139284
v -1.099734 1.280738 0.113574
v -1.068745 1.449599 0.139284
v -1.099734 1.280738 -0.113574
v -1.068745 1.449599 -0.139284
vn -0.9998 -0.0194 -0.0000
vn -0.0000 -0.1505 -0.9886
vn 0.9836 -0.1805 -0.0000
vn -0.0000 -0.1505 0.9886
vn -0.0000 -1.0000 -0.0000
vn -0.0000 1.0000 -0.0000
vt 0.375000 0.000000
vt 0.625000 0.000000
vt 0.625000 0.250000
vt 0.375000 0.250000
vt 0.625000 0.500000
vt 0.375000 0.500000
vt 0.625000 0.750000
vt 0.375000 0.750000
vt 0.625000 1.000000
vt 0.375000 1.000000
vt 0.125000 0.500000
vt 0.125000 0.750000
vt 0.875000 0.500000
vt 0.875000 0.750000
s 1
usemtl Сталь
f 2392/3081/2398 2393/3080/2398 2397/3082/2398 2396/3083/2398
f 2394/3085/2400 2395/3084/2400 2391/3086/2400 2390/3087/2400
f 2392/3088/2401 2396/3083/2401 2394/3085/2401 2390/3089/2401
f 2397/3082/2402 2393/3090/2402 2391/3091/2402 2395/3084/2402
usemtl тени_глаза
f 2390/3078/2397 2391/3079/2397 2393/3080/2397 2392/3081/2397
f 2396/3083/2399 2397/3082/2399 2395/3084/2399 2394/3085/2399
o Cube.005
v -1.026544 1.506712 0.139284
v -1.010110 1.674771 0.139284
v -1.026544 1.506712 -0.139284
v -1.010110 1.674771 -0.139284
v -0.860031 1.510608 0.106153
v -0.847506 1.638690 0.106153
v -0.860031 1.510608 -0.106152
v -0.847506 1.638690 -0.106152
vn -0.9953 0.0973 -0.0000
vn 0.1955 -0.0191 -0.9805
vn 0.9953 -0.0973 -0.0000
vn 0.1955 -0.0191 0.9805
vn 0.0234 -0.9997 -0.0000
vn 0.2166 0.9763 -0.0000
vt 0.375000 0.000000
vt 0.625000 0.000000
vt 0.625000 0.250000
vt 0.375000 0.250000
vt 0.625000 0.500000
vt 0.375000 0.500000
vt 0.625000 0.750000
vt 0.375000 0.750000
vt 0.625000 1.000000
vt 0.375000 1.000000
vt 0.125000 0.500000
vt 0.125000 0.750000
vt 0.875000 0.500000
vt 0.875000 0.750000
s 1
usemtl Сталь
f 2398/3092/2403 2399/3093/2403 2401/3094/2403 2400/3095/2403
f 2400/3095/2404 2401/3094/2404 2405/3096/2404 2404/3097/2404
f 2404/3097/2405 2405/3096/2405 2403/3098/2405 2402/3099/2405
f 2402/3099/2406 2403/3098/2406 2399/3100/2406 2398/3101/2406
usemtl тени_глаза
f 2400/3102/2407 2404/3097/2407 2402/3099/2407 2398/3103/2407
f 2405/3096/2408 2401/3104/2408 2399/3105/2408 2403/3098/2408
o Torus.022
v 0.152142 0.688572 0.000000
v 0.169098 0.680879 0.000000
v 0.182697 0.702436 0.000000
v 0.169098 0.758568 0.000000
v 0.152142 0.750874 0.000000
v 0.175154 0.688572 -0.093365
v 0.190169 0.680879 -0.085484
v 0.202209 0.702436 -0.079165
v 0.190169 0.758568 -0.085484
v 0.175154 0.750874 -0.093365
v 0.238919 0.688572 -0.165341
v 0.248552 0.680879 -0.151386
v 0.256277 0.702436 -0.140194
v 0.248552 0.758568 -0.151386
v 0.238919 0.750874 -0.165341
v 0.328829 0.688572 -0.199439
v 0.330873 0.680879 -0.182606
v 0.332512 0.702436 -0.169107
v 0.330873 0.758568 -0.182606
v 0.328829 0.750874 -0.199439
v 0.424287 0.688572 -0.187849
v 0.418274 0.680879 -0.171994
v 0.413452 0.702436 -0.159279
v 0.418274 0.758568 -0.171994
v 0.424287 0.750874 -0.187849
v 0.503425 0.688572 -0.133224
v 0.490732 0.680878 -0.121979
v 0.480554 0.702436 -0.112962
v 0.490732 0.758568 -0.121979
v 0.503425 0.750874 -0.133224
v 0.548112 0.688572 -0.048079
v 0.531648 0.680878 -0.044021
v 0.518445 0.702436 -0.040767
v 0.531648 0.758568 -0.044021
v 0.548112 0.750874 -0.048079
v 0.548112 0.688572 0.048080
v 0.531648 0.680878 0.044022
v 0.518445 0.702436 0.040767
v 0.531648 0.758568 0.044022
v 0.548112 0.750874 0.048080
v 0.503425 0.688572 0.133224
v 0.490732 0.680878 0.121980
v 0.480554 0.702436 0.112962
v 0.490732 0.758568 0.121980
v 0.503425 0.750874 0.133224
v 0.424287 0.688572 0.187849
v 0.418274 0.680878 0.171994
v 0.413452 0.702436 0.159279
v 0.418274 0.758568 0.171994
v 0.424287 0.750874 0.187849
v 0.328829 0.688572 0.199440
v 0.330873 0.680878 0.182606
v 0.332512 0.702436 0.169107
v 0.330873 0.758568 0.182606
v 0.328829 0.750874 0.199440
v 0.238919 0.688572 0.165341
v 0.248552 0.680878 0.151386
v 0.256277 0.702436 0.140195
v 0.248552 0.758568 0.151386
v 0.238919 0.750874 0.165341
v 0.175154 0.688572 0.093365
v 0.190169 0.680879 0.085485
v 0.202209 0.702436 0.079165
v 0.190169 0.758568 0.085485
v 0.175154 0.750874 0.093365
vn -0.9412 -0.3378 -0.0000
vn -0.8334 -0.3378 -0.4374
vn 0.2675 -0.9533 0.1404
vn 0.3021 -0.9533 -0.0000
vn 0.8783 -0.1268 0.4610
vn 0.9919 -0.1268 -0.0000
vn 0.5961 0.8029 -0.0000
vn 0.5278 0.8029 0.2770
vn -0.8334 0.3378 -0.4374
vn -0.9412 0.3378 -0.0000
vn -0.5347 -0.3378 -0.7746
vn 0.1716 -0.9533 0.2486
vn 0.5635 -0.1268 0.8163
vn 0.3386 0.8029 0.4906
vn -0.5347 0.3378 -0.7746
vn -0.1135 -0.3378 -0.9343
vn 0.0364 -0.9533 0.2999
vn 0.1196 -0.1268 0.9847
vn 0.0719 0.8029 0.5918
vn -0.1135 0.3378 -0.9343
vn 0.3338 -0.3378 -0.8800
vn -0.1071 -0.9533 0.2825
vn -0.3517 -0.1268 0.9275
vn -0.2114 0.8029 0.5574
vn 0.3338 0.3378 -0.8800
vn 0.7045 -0.3378 -0.6241
vn -0.2261 -0.9533 0.2003
vn -0.7425 -0.1268 0.6578
vn -0.4462 0.8029 0.3953
vn 0.7045 0.3378 -0.6241
vn 0.9139 -0.3378 -0.2252
vn -0.2934 -0.9533 0.0723
vn -0.9631 -0.1268 0.2374
vn -0.2114 0.8029 -0.5574
vn -0.4462 0.8029 -0.3953
vn -0.7425 -0.1268 -0.6578
vn -0.3517 -0.1268 -0.9275
vn -0.5788 0.8029 0.1427
vn 0.9139 0.3378 -0.2252
vn -0.8334 -0.3378 0.4374
vn -0.5347 -0.3378 0.7746
vn -0.5347 0.3378 0.7746
vn -0.8334 0.3378 0.4374
vn 0.9139 -0.3378 0.2252
vn -0.2934 -0.9533 -0.0723
vn -0.9631 -0.1268 -0.2374
vn -0.5788 0.8029 -0.1427
vn 0.9139 0.3378 0.2252
vn 0.7045 -0.3378 0.6241
vn -0.2261 -0.9533 -0.2003
vn 0.7045 0.3378 0.6241
vn 0.3338 -0.3378 0.8800
vn -0.1071 -0.9533 -0.2825
vn 0.3338 0.3378 0.8800
vn -0.1135 -0.3378 0.9343
vn 0.0364 -0.9533 -0.2999
vn 0.1196 -0.1268 -0.9847
vn 0.0719 0.8029 -0.5918
vn -0.1135 0.3378 0.9343
vn 0.1716 -0.9533 -0.2486
vn 0.5635 -0.1268 -0.8163
vn 0.8783 -0.1268 -0.4610
vn 0.5278 0.8029 -0.2770
vn 0.3386 0.8029 -0.4906
vn 0.2675 -0.9533 -0.1404
vt 0.538462 0.714286
vt 0.615385 0.714286
vt 0.615385 0.857143
vt 0.538462 0.857143
vt 0.615385 1.000000
vt 0.538462 1.000000
vt 0.538462 0.285714
vt 0.615385 0.285714
vt 0.615385 0.428571
vt 0.538462 0.428571
vt 0.692308 0.714286
vt 0.692308 0.857143
vt 0.692308 1.000000
vt 0.692308 0.285714
vt 0.692308 0.428571
vt 0.769231 0.714286
vt 0.769231 0.857143
vt 0.769231 1.000000
vt 0.769231 0.285714
vt 0.769231 0.428571
vt 0.846154 0.714286
vt 0.846154 0.857143
vt 0.846154 1.000000
vt 0.846154 0.285714
vt 0.846154 0.428571
vt 0.923077 0.714286
vt 0.923077 0.857143
vt 0.923077 1.000000
vt 0.923077 0.285714
vt 0.923077 0.428571
vt 1.000000 0.714286
vt 1.000000 0.857143
vt 1.000000 1.000000
vt 0.230769 0.285714
vt 0.153846 0.285714
vt 0.153846 1.000000
vt 0.230769 1.000000
vt 1.000000 0.285714
vt 1.000000 0.428571
vt 0.461538 0.714286
vt 0.384615 0.714286
vt 0.384615 0.428571
vt 0.461538 0.428571
vt -0.000000 0.714286
vt 0.076923 0.714286
vt 0.076923 0.857143
vt -0.000000 0.857143
vt 0.076923 1.000000
vt -0.000000 1.000000
vt -0.000000 0.285714
vt 0.076923 0.285714
vt 0.076923 0.428571
vt -0.000000 0.428571
vt 0.153846 0.714286
vt 0.153846 0.857143
vt 0.153846 0.428571
vt 0.230769 0.714286
vt 0.230769 0.857143
vt 0.230769 0.428571
vt 0.307692 0.714286
vt 0.307692 0.857143
vt 0.307692 1.000000
vt 0.307692 0.285714
vt 0.307692 0.428571
vt 0.384615 0.857143
vt 0.384615 1.000000
vt 0.461538 1.000000
vt 0.461538 0.285714
vt 0.384615 0.285714
vt 0.461538 0.857143
s 1
usemtl Глаза_обрамление
f 2406/3106/2409 2411/3107/2410 2412/3108/2411 2407/3109/2412
f 2407/3109/2412 2412/3108/2411 2413/3110/2413 2408/3111/2414
f 2409/3112/2415 2414/3113/2416 2415/3114/2417 2410/3115/2418
f 2411/3107/2410 2416/3116/2419 2417/3117/2420 2412/3108/2411
f 2412/3108/2411 2417/3117/2420 2418/3118/2421 2413/3110/2413
f 2414/3113/2416 2419/3119/2422 2420/3120/2423 2415/3114/2417
f 2416/3116/2419 2421/3121/2424 2422/3122/2425 2417/3117/2420
f 2417/3117/2420 2422/3122/2425 2423/3123/2426 2418/3118/2421
f 2419/3119/2422 2424/3124/2427 2425/3125/2428 2420/3120/2423
f 2421/3121/2424 2426/3126/2429 2427/3127/2430 2422/3122/2425
f 2422/3122/2425 2427/3127/2430 2428/3128/2431 2423/3123/2426
f 2424/3124/2427 2429/3129/2432 2430/3130/2433 2425/3125/2428
f 2426/3126/2429 2431/3131/2434 2432/3132/2435 2427/3127/2430
f 2427/3127/2430 2432/3132/2435 2433/3133/2436 2428/3128/2431
f 2429/3129/2432 2434/3134/2437 2435/3135/2438 2430/3130/2433
f 2431/3131/2434 2436/3136/2439 2437/3137/2440 2432/3132/2435
f 2432/3132/2435 2437/3137/2440 2438/3138/2441 2433/3133/2436
f 2454/3139/2442 2449/3140/2443 2448/3141/2444 2453/3142/2445
f 2434/3134/2437 2439/3143/2446 2440/3144/2447 2435/3135/2438
f 2466/3145/2448 2461/3146/2449 2465/3147/2450 2470/3148/2451
f 2466/3145/2448 2470/3148/2451 2410/3115/2418 2406/3106/2409
f 2436/3149/2439 2441/3150/2452 2442/3151/2453 2437/3152/2440
f 2437/3152/2440 2442/3151/2453 2443/3153/2454 2438/3154/2441
f 2439/3155/2446 2438/3154/2441 2443/3153/2454 2444/3156/2455
f 2448/3141/2444 2449/3140/2443 2444/3156/2455 2443/3153/2454
f 2439/3155/2446 2444/3156/2455 2445/3157/2456 2440/3158/2447
f 2415/3114/2417 2411/3107/2410 2406/3106/2409 2410/3115/2418
f 2416/3116/2419 2411/3107/2410 2415/3114/2417 2420/3120/2423
f 2441/3150/2452 2446/3159/2457 2447/3160/2458 2442/3151/2453
f 2442/3151/2453 2447/3160/2458 2448/3141/2444 2443/3153/2454
f 2439/3143/2446 2434/3134/2437 2433/3133/2436 2438/3138/2441
f 2434/3134/2437 2429/3129/2432 2428/3128/2431 2433/3133/2436
f 2444/3156/2455 2449/3140/2443 2450/3161/2459 2445/3157/2456
f 2425/3125/2428 2421/3121/2424 2416/3116/2419 2420/3120/2423
f 2426/3126/2429 2421/3121/2424 2425/3125/2428 2430/3130/2433
f 2446/3159/2457 2451/3162/2460 2452/3163/2461 2447/3160/2458
f 2447/3160/2458 2452/3163/2461 2453/3142/2445 2448/3141/2444
f 2423/3123/2426 2424/3124/2427 2419/3119/2422 2418/3118/2421
f 2424/3124/2427 2423/3123/2426 2428/3128/2431 2429/3129/2432
f 2449/3140/2443 2454/3139/2442 2455/3164/2462 2450/3161/2459
f 2426/3126/2429 2430/3130/2433 2435/3135/2438 2431/3131/2434
f 2431/3131/2434 2435/3135/2438 2440/3158/2447 2436/3136/2439
f 2451/3162/2460 2456/3165/2463 2457/3166/2464 2452/3163/2461
f 2452/3163/2461 2457/3166/2464 2458/3167/2465 2453/3142/2445
f 2418/3118/2421 2419/3119/2422 2414/3113/2416 2413/3110/2413
f 2409/3112/2415 2408/3111/2414 2413/3110/2413 2414/3113/2416
f 2454/3139/2442 2459/3168/2466 2460/3169/2467 2455/3164/2462
f 2440/3158/2447 2445/3157/2456 2441/3150/2452 2436/3149/2439
f 2446/3159/2457 2441/3150/2452 2445/3157/2456 2450/3161/2459
f 2456/3165/2463 2461/3146/2449 2462/3170/2468 2457/3166/2464
f 2457/3166/2464 2462/3170/2468 2463/3171/2469 2458/3167/2465
f 2468/3172/2470 2469/3173/2471 2464/3174/2472 2463/3171/2469
f 2409/3112/2415 2469/3173/2471 2468/3172/2470 2408/3111/2414
f 2459/3168/2466 2464/3174/2472 2465/3147/2450 2460/3169/2467
f 2451/3162/2460 2446/3159/2457 2450/3161/2459 2455/3164/2462
f 2465/3147/2450 2461/3146/2449 2456/3165/2463 2460/3169/2467
f 2461/3146/2449 2466/3145/2448 2467/3175/2473 2462/3170/2468
f 2462/3170/2468 2467/3175/2473 2468/3172/2470 2463/3171/2469
f 2459/3168/2466 2458/3167/2465 2463/3171/2469 2464/3174/2472
f 2459/3168/2466 2454/3139/2442 2453/3142/2445 2458/3167/2465
f 2464/3174/2472 2469/3173/2471 2470/3148/2451 2465/3147/2450
f 2460/3169/2467 2456/3165/2463 2451/3162/2460 2455/3164/2462
f 2466/3145/2448 2406/3106/2409 2407/3109/2412 2467/3175/2473
f 2467/3175/2473 2407/3109/2412 2408/3111/2414 2468/3172/2470
f 2469/3173/2471 2409/3112/2415 2410/3115/2418 2470/3148/2451
o Sphere.002
v 0.323079 0.058655 0.012489
v 0.281989 0.128562 -0.076780
v 0.266950 0.224056 -0.109455
v 0.281990 0.319550 -0.076780
v 0.323079 0.389456 0.012489
v 0.288389 0.058655 0.087855
v 0.221904 0.128562 0.053757
v 0.197569 0.224056 0.041276
v 0.221904 0.319550 0.053757
v 0.288389 0.389456 0.087855
v 0.288389 0.058655 0.181012
v 0.221904 0.128562 0.215110
v 0.197569 0.224056 0.227591
v 0.221904 0.319550 0.215110
v 0.288389 0.389456 0.181012
v 0.323079 0.058655 0.256378
v 0.281989 0.128562 0.345647
v 0.266950 0.224056 0.378322
v 0.281989 0.319550 0.345647
v 0.323079 0.389456 0.256378
v 0.379209 0.058655 0.285165
v 0.379209 0.128562 0.395508
v 0.379209 0.224056 0.435896
v 0.379209 0.319550 0.395508
v 0.379209 0.389456 0.285165
v 0.379209 0.415044 0.134433
v 0.379209 0.033068 0.134433
v 0.435339 0.058655 0.256378
v 0.476429 0.128562 0.345647
v 0.491469 0.224056 0.378322
v 0.476429 0.319550 0.345647
v 0.435339 0.389456 0.256378
v 0.470029 0.058655 0.181012
v 0.536514 0.128562 0.215110
v 0.560849 0.224056 0.227591
v 0.536514 0.319550 0.215110
v 0.470029 0.389456 0.181012
v 0.470029 0.058655 0.087855
v 0.536514 0.128562 0.053757
v 0.560849 0.224056 0.041276
v 0.536514 0.319550 0.053757
v 0.470029 0.389456 0.087855
v 0.435339 0.058655 0.012489
v 0.476429 0.128562 -0.076780
v 0.491469 0.224056 -0.109455
v 0.476429 0.319550 -0.076780
v 0.435339 0.389456 0.012489
v 0.379209 0.058655 -0.016298
v 0.379209 0.128562 -0.126641
v 0.379209 0.224056 -0.167030
v 0.379209 0.319550 -0.126641
v 0.379209 0.389456 -0.016298
vn -0.0000 0.9275 -0.3738
vn -0.0000 0.6527 -0.7576
vn -0.6175 0.5734 -0.5384
vn -0.3349 0.8958 -0.2921
vn -0.0000 -0.0000 -1.0000
vn -0.0000 -0.6527 -0.7576
vn -0.6175 -0.5734 -0.5384
vn -0.7537 -0.0000 -0.6572
vn -0.0000 -0.9275 -0.3738
vn -0.0000 -1.0000 -0.0000
vn -0.3349 -0.8958 -0.2921
vn -0.0000 1.0000 -0.0000
vn -0.8538 -0.4900 -0.1758
vn -0.9795 -0.0000 -0.2016
vn -0.5147 -0.8508 -0.1059
vn -0.5147 0.8508 -0.1059
vn -0.8538 0.4900 -0.1758
vn -0.5147 -0.8508 0.1059
vn -0.5147 0.8508 0.1059
vn -0.9795 -0.0000 0.2016
vn -0.8538 0.4900 0.1758
vn -0.8538 -0.4900 0.1758
vn -0.3349 0.8958 0.2921
vn -0.7537 -0.0000 0.6572
vn -0.6175 0.5734 0.5384
vn -0.3349 -0.8958 0.2921
vn -0.6175 -0.5734 0.5384
vn -0.0000 0.9275 0.3738
vn -0.0000 -0.0000 1.0000
vn -0.0000 0.6527 0.7576
vn -0.0000 -0.9275 0.3738
vn -0.0000 -0.6527 0.7576
vn 0.3349 0.8958 0.2921
vn 0.7537 -0.0000 0.6572
vn 0.6175 0.5734 0.5384
vn 0.3349 -0.8958 0.2921
vn 0.6175 -0.5734 0.5384
vn 0.9795 -0.0000 0.2016
vn 0.8538 0.4900 0.1758
vn 0.5147 -0.8508 0.1059
vn 0.8538 -0.4900 0.1758
vn 0.5147 0.8508 0.1059
vn 0.5147 -0.8508 -0.1059
vn 0.8538 -0.4900 -0.1758
vn 0.8538 0.4900 -0.1758
vn 0.5147 0.8508 -0.1059
vn 0.9795 -0.0000 -0.2016
vn 0.6175 0.5734 -0.5384
vn 0.3349 0.8958 -0.2921
vn 0.6175 -0.5734 -0.5384
vn 0.7537 -0.0000 -0.6572
vn 0.3349 -0.8958 -0.2921
vt 0.700000 0.166667
vt 0.700000 0.333333
vt 0.600000 0.333333
vt 0.600000 0.166667
vt 0.700000 0.500000
vt 0.700000 0.666667
vt 0.600000 0.666667
vt 0.600000 0.500000
vt 0.700000 0.833333
vt 0.650000 1.000000
vt 0.600000 0.833333
vt 0.650000 0.000000
vt 0.500000 0.666667
vt 0.500000 0.500000
vt 0.550000 1.000000
vt 0.500000 0.833333
vt 0.550000 0.000000
vt 0.500000 0.166667
vt 0.500000 0.333333
vt 0.450000 1.000000
vt 0.400000 0.833333
vt 0.450000 0.000000
vt 0.400000 0.166667
vt 0.400000 0.500000
vt 0.400000 0.333333
vt 0.400000 0.666667
vt 0.350000 0.000000
vt 0.300000 0.166667
vt 0.300000 0.500000
vt 0.300000 0.333333
vt 0.300000 0.833333
vt 0.300000 0.666667
vt 0.350000 1.000000
vt 0.250000 0.000000
vt 0.200000 0.166667
vt 0.200000 0.500000
vt 0.200000 0.333333
vt 0.200000 0.833333
vt 0.200000 0.666667
vt 0.250000 1.000000
vt 0.150000 0.000000
vt 0.100000 0.166667
vt 0.100000 0.500000
vt 0.100000 0.333333
vt 0.100000 0.833333
vt 0.100000 0.666667
vt 0.150000 1.000000
vt 0.000000 0.500000
vt 0.000000 0.333333
vt 0.000000 0.833333
vt 0.000000 0.666667
vt 0.000000 0.166667
vt 0.050000 1.000000
vt 0.050000 0.000000
vt 1.000000 0.666667
vt 1.000000 0.833333
vt 0.900000 0.833333
vt 0.900000 0.666667
vt 1.000000 0.166667
vt 1.000000 0.333333
vt 0.900000 0.333333
vt 0.900000 0.166667
vt 1.000000 0.500000
vt 0.900000 0.500000
vt 0.950000 1.000000
vt 0.950000 0.000000
vt 0.800000 0.333333
vt 0.800000 0.166667
vt 0.800000 0.666667
vt 0.800000 0.500000
vt 0.850000 1.000000
vt 0.800000 0.833333
vt 0.850000 0.000000
vt 0.750000 1.000000
vt 0.750000 0.000000
s 1
usemtl Глаза_обрамление
f 2522/3176/2474 2521/3177/2475 2474/3178/2476 2475/3179/2477
f 2520/3180/2478 2519/3181/2479 2472/3182/2480 2473/3183/2481
f 2518/3184/2482 2497/3185/2483 2471/3186/2484
f 2496/3187/2485 2522/3176/2474 2475/3179/2477
f 2521/3177/2475 2520/3180/2478 2473/3183/2481 2474/3178/2476
f 2519/3181/2479 2518/3184/2482 2471/3186/2484 2472/3182/2480
f 2473/3183/2481 2472/3182/2480 2477/3188/2486 2478/3189/2487
f 2471/3186/2484 2497/3190/2483 2476/3191/2488
f 2496/3192/2485 2475/3179/2477 2480/3193/2489
f 2474/3178/2476 2473/3183/2481 2478/3189/2487 2479/3194/2490
f 2472/3182/2480 2471/3186/2484 2476/3191/2488 2477/3188/2486
f 2475/3179/2477 2474/3178/2476 2479/3194/2490 2480/3193/2489
f 2476/3191/2488 2497/3195/2483 2481/3196/2491
f 2496/3197/2485 2480/3193/2489 2485/3198/2492
f 2479/3194/2490 2478/3189/2487 2483/3199/2493 2484/3200/2494
f 2477/3188/2486 2476/3191/2488 2481/3196/2491 2482/3201/2495
f 2480/3193/2489 2479/3194/2490 2484/3200/2494 2485/3198/2492
f 2478/3189/2487 2477/3188/2486 2482/3201/2495 2483/3199/2493
f 2496/3202/2485 2485/3198/2492 2490/3203/2496
f 2484/3200/2494 2483/3199/2493 2488/3204/2497 2489/3205/2498
f 2482/3201/2495 2481/3196/2491 2486/3206/2499 2487/3207/2500
f 2485/3198/2492 2484/3200/2494 2489/3205/2498 2490/3203/2496
f 2483/3199/2493 2482/3201/2495 2487/3207/2500 2488/3204/2497
f 2481/3196/2491 2497/3208/2483 2486/3206/2499
f 2496/3209/2485 2490/3203/2496 2495/3210/2501
f 2489/3205/2498 2488/3204/2497 2493/3211/2502 2494/3212/2503
f 2487/3207/2500 2486/3206/2499 2491/3213/2504 2492/3214/2505
f 2490/3203/2496 2489/3205/2498 2494/3212/2503 2495/3210/2501
f 2488/3204/2497 2487/3207/2500 2492/3214/2505 2493/3211/2502
f 2486/3206/2499 2497/3215/2483 2491/3213/2504
f 2496/3216/2485 2495/3210/2501 2502/3217/2506
f 2494/3212/2503 2493/3211/2502 2500/3218/2507 2501/3219/2508
f 2492/3214/2505 2491/3213/2504 2498/3220/2509 2499/3221/2510
f 2495/3210/2501 2494/3212/2503 2501/3219/2508 2502/3217/2506
f 2493/3211/2502 2492/3214/2505 2499/3221/2510 2500/3218/2507
f 2491/3213/2504 2497/3222/2483 2498/3220/2509
f 2501/3219/2508 2500/3218/2507 2505/3223/2511 2506/3224/2512
f 2499/3221/2510 2498/3220/2509 2503/3225/2513 2504/3226/2514
f 2502/3217/2506 2501/3219/2508 2506/3224/2512 2507/3227/2515
f 2500/3218/2507 2499/3221/2510 2504/3226/2514 2505/3223/2511
f 2498/3220/2509 2497/3228/2483 2503/3225/2513
f 2496/3229/2485 2502/3217/2506 2507/3227/2515
f 2504/3230/2514 2503/3231/2513 2508/3232/2516 2509/3233/2517
f 2507/3234/2515 2506/3235/2512 2511/3236/2518 2512/3237/2519
f 2505/3238/2511 2504/3230/2514 2509/3233/2517 2510/3239/2520
f 2503/3231/2513 2497/3240/2483 2508/3232/2516
f 2496/3241/2485 2507/3234/2515 2512/3237/2519
f 2506/3235/2512 2505/3238/2511 2510/3239/2520 2511/3236/2518
f 2512/3237/2519 2511/3236/2518 2516/3242/2521 2517/3243/2522
f 2510/3239/2520 2509/3233/2517 2514/3244/2523 2515/3245/2524
f 2508/3232/2516 2497/3246/2483 2513/3247/2525
f 2496/3248/2485 2512/3237/2519 2517/3243/2522
f 2511/3236/2518 2510/3239/2520 2515/3245/2524 2516/3242/2521
f 2509/3233/2517 2508/3232/2516 2513/3247/2525 2514/3244/2523
f 2517/3243/2522 2516/3242/2521 2521/3177/2475 2522/3176/2474
f 2515/3245/2524 2514/3244/2523 2519/3181/2479 2520/3180/2478
f 2513/3247/2525 2497/3249/2483 2518/3184/2482
f 2496/3250/2485 2517/3243/2522 2522/3176/2474
f 2516/3242/2521 2515/3245/2524 2520/3180/2478 2521/3177/2475
f 2514/3244/2523 2513/3247/2525 2518/3184/2482 2519/3181/2479
o Torus.020
v 0.152142 0.875945 0.000000
v 0.169098 0.868252 0.000000
v 0.182697 0.889809 0.000000
v 0.169099 0.945941 0.000000
v 0.152142 0.938247 0.000000
v 0.175154 0.875945 -0.093365
v 0.190169 0.868252 -0.085484
v 0.202209 0.889809 -0.079165
v 0.190169 0.945941 -0.085484
v 0.175154 0.938247 -0.093365
v 0.238919 0.875945 -0.165341
v 0.248552 0.868252 -0.151386
v 0.256277 0.889809 -0.140194
v 0.248552 0.945941 -0.151386
v 0.238919 0.938247 -0.165341
v 0.328829 0.875945 -0.199439
v 0.330873 0.868252 -0.182606
v 0.332513 0.889809 -0.169107
v 0.330873 0.945941 -0.182606
v 0.328829 0.938247 -0.199439
v 0.424287 0.875945 -0.187849
v 0.418274 0.868251 -0.171994
v 0.413452 0.889809 -0.159279
v 0.418275 0.945941 -0.171994
v 0.424287 0.938247 -0.187848
v 0.503425 0.875945 -0.133224
v 0.490732 0.868251 -0.121979
v 0.480554 0.889809 -0.112962
v 0.490732 0.945941 -0.121979
v 0.503425 0.938247 -0.133224
v 0.548112 0.875945 -0.048079
v 0.531648 0.868251 -0.044021
v 0.518445 0.889809 -0.040767
v 0.531648 0.945941 -0.044021
v 0.548112 0.938247 -0.048079
v 0.548112 0.875945 0.048080
v 0.531648 0.868251 0.044022
v 0.518445 0.889809 0.040767
v 0.531648 0.945941 0.044022
v 0.548112 0.938247 0.048080
v 0.503425 0.875945 0.133224
v 0.490732 0.868251 0.121980
v 0.480554 0.889809 0.112962
v 0.490732 0.945941 0.121980
v 0.503425 0.938247 0.133224
v 0.424287 0.875945 0.187849
v 0.418274 0.868251 0.171994
v 0.413452 0.889809 0.159279
v 0.418275 0.945941 0.171994
v 0.424287 0.938247 0.187849
v 0.328829 0.875945 0.199440
v 0.330873 0.868251 0.182606
v 0.332513 0.889809 0.169107
v 0.330873 0.945941 0.182606
v 0.328829 0.938247 0.199440
v 0.238919 0.875945 0.165341
v 0.248552 0.868251 0.151386
v 0.256277 0.889809 0.140195
v 0.248552 0.945941 0.151386
v 0.238919 0.938247 0.165341
v 0.175154 0.875945 0.093365
v 0.190169 0.868252 0.085485
v 0.202209 0.889809 0.079165
v 0.190169 0.945941 0.085485
v 0.175154 0.938247 0.093365
vn -0.9412 -0.3378 -0.0000
vn -0.8334 -0.3378 -0.4374
vn 0.2675 -0.9533 0.1404
vn 0.3021 -0.9533 -0.0000
vn 0.8783 -0.1268 0.4610
vn 0.9919 -0.1268 -0.0000
vn 0.5961 0.8029 -0.0000
vn 0.5278 0.8029 0.2770
vn -0.8334 0.3378 -0.4374
vn -0.9412 0.3378 -0.0000
vn -0.5347 -0.3378 -0.7746
vn 0.1716 -0.9533 0.2486
vn 0.5635 -0.1268 0.8163
vn 0.3386 0.8029 0.4906
vn -0.5347 0.3378 -0.7746
vn -0.1135 -0.3378 -0.9343
vn 0.0364 -0.9533 0.2999
vn 0.1196 -0.1268 0.9847
vn 0.0719 0.8029 0.5918
vn -0.1135 0.3378 -0.9343
vn 0.3338 -0.3378 -0.8800
vn -0.1071 -0.9533 0.2825
vn -0.3517 -0.1268 0.9275
vn -0.2114 0.8029 0.5574
vn 0.3338 0.3378 -0.8800
vn 0.7045 -0.3378 -0.6241
vn -0.2261 -0.9533 0.2003
vn -0.7425 -0.1268 0.6578
vn -0.4462 0.8029 0.3953
vn 0.7045 0.3378 -0.6241
vn 0.9139 -0.3378 -0.2252
vn -0.2934 -0.9533 0.0723
vn -0.9631 -0.1268 0.2374
vn -0.2114 0.8029 -0.5574
vn -0.4462 0.8029 -0.3953
vn -0.7425 -0.1268 -0.6578
vn -0.3517 -0.1268 -0.9275
vn -0.5788 0.8029 0.1427
vn 0.9139 0.3378 -0.2252
vn -0.8334 -0.3378 0.4374
vn -0.5347 -0.3378 0.7746
vn -0.5347 0.3378 0.7746
vn -0.8334 0.3378 0.4374
vn 0.9139 -0.3378 0.2252
vn -0.2934 -0.9533 -0.0723
vn -0.9631 -0.1268 -0.2374
vn -0.5788 0.8029 -0.1427
vn 0.9139 0.3378 0.2252
vn 0.7045 -0.3378 0.6241
vn -0.2261 -0.9533 -0.2003
vn 0.7045 0.3378 0.6241
vn 0.3338 -0.3378 0.8800
vn -0.1071 -0.9533 -0.2825
vn 0.3338 0.3378 0.8800
vn -0.1135 -0.3378 0.9343
vn 0.0364 -0.9533 -0.2999
vn 0.1196 -0.1268 -0.9847
vn 0.0719 0.8029 -0.5918
vn -0.1135 0.3378 0.9343
vn 0.1716 -0.9533 -0.2486
vn 0.5635 -0.1268 -0.8163
vn 0.8783 -0.1268 -0.4610
vn 0.5278 0.8029 -0.2770
vn 0.3386 0.8029 -0.4906
vn 0.2675 -0.9533 -0.1404
vt 0.538462 0.714286
vt 0.615385 0.714286
vt 0.615385 0.857143
vt 0.538462 0.857143
vt 0.615385 1.000000
vt 0.538462 1.000000
vt 0.538462 0.285714
vt 0.615385 0.285714
vt 0.615385 0.428571
vt 0.538462 0.428571
vt 0.692308 0.714286
vt 0.692308 0.857143
vt 0.692308 1.000000
vt 0.692308 0.285714
vt 0.692308 0.428571
vt 0.769231 0.714286
vt 0.769231 0.857143
vt 0.769231 1.000000
vt 0.769231 0.285714
vt 0.769231 0.428571
vt 0.846154 0.714286
vt 0.846154 0.857143
vt 0.846154 1.000000
vt 0.846154 0.285714
vt 0.846154 0.428571
vt 0.923077 0.714286
vt 0.923077 0.857143
vt 0.923077 1.000000
vt 0.923077 0.285714
vt 0.923077 0.428571
vt 1.000000 0.714286
vt 1.000000 0.857143
vt 1.000000 1.000000
vt 0.230769 0.285714
vt 0.153846 0.285714
vt 0.153846 1.000000
vt 0.230769 1.000000
vt 1.000000 0.285714
vt 1.000000 0.428571
vt 0.461538 0.714286
vt 0.384615 0.714286
vt 0.384615 0.428571
vt 0.461538 0.428571
vt -0.000000 0.714286
vt 0.076923 0.714286
vt 0.076923 0.857143
vt -0.000000 0.857143
vt 0.076923 1.000000
vt -0.000000 1.000000
vt -0.000000 0.285714
vt 0.076923 0.285714
vt 0.076923 0.428571
vt -0.000000 0.428571
vt 0.153846 0.714286
vt 0.153846 0.857143
vt 0.153846 0.428571
vt 0.230769 0.714286
vt 0.230769 0.857143
vt 0.230769 0.428571
vt 0.307692 0.714286
vt 0.307692 0.857143
vt 0.307692 1.000000
vt 0.307692 0.285714
vt 0.307692 0.428571
vt 0.384615 0.857143
vt 0.384615 1.000000
vt 0.461538 1.000000
vt 0.461538 0.285714
vt 0.384615 0.285714
vt 0.461538 0.857143
s 1
usemtl Глаза_обрамление
f 2523/3251/2526 2528/3252/2527 2529/3253/2528 2524/3254/2529
f 2524/3254/2529 2529/3253/2528 2530/3255/2530 2525/3256/2531
f 2526/3257/2532 2531/3258/2533 2532/3259/2534 2527/3260/2535
f 2528/3252/2527 2533/3261/2536 2534/3262/2537 2529/3253/2528
f 2529/3253/2528 2534/3262/2537 2535/3263/2538 2530/3255/2530
f 2531/3258/2533 2536/3264/2539 2537/3265/2540 2532/3259/2534
f 2533/3261/2536 2538/3266/2541 2539/3267/2542 2534/3262/2537
f 2534/3262/2537 2539/3267/2542 2540/3268/2543 2535/3263/2538
f 2536/3264/2539 2541/3269/2544 2542/3270/2545 2537/3265/2540
f 2538/3266/2541 2543/3271/2546 2544/3272/2547 2539/3267/2542
f 2539/3267/2542 2544/3272/2547 2545/3273/2548 2540/3268/2543
f 2541/3269/2544 2546/3274/2549 2547/3275/2550 2542/3270/2545
f 2543/3271/2546 2548/3276/2551 2549/3277/2552 2544/3272/2547
f 2544/3272/2547 2549/3277/2552 2550/3278/2553 2545/3273/2548
f 2546/3274/2549 2551/3279/2554 2552/3280/2555 2547/3275/2550
f 2548/3276/2551 2553/3281/2556 2554/3282/2557 2549/3277/2552
f 2549/3277/2552 2554/3282/2557 2555/3283/2558 2550/3278/2553
f 2571/3284/2559 2566/3285/2560 2565/3286/2561 2570/3287/2562
f 2551/3279/2554 2556/3288/2563 2557/3289/2564 2552/3280/2555
f 2583/3290/2565 2578/3291/2566 2582/3292/2567 2587/3293/2568
f 2583/3290/2565 2587/3293/2568 2527/3260/2535 2523/3251/2526
f 2553/3294/2556 2558/3295/2569 2559/3296/2570 2554/3297/2557
f 2554/3297/2557 2559/3296/2570 2560/3298/2571 2555/3299/2558
f 2556/3300/2563 2555/3299/2558 2560/3298/2571 2561/3301/2572
f 2565/3286/2561 2566/3285/2560 2561/3301/2572 2560/3298/2571
f 2556/3300/2563 2561/3301/2572 2562/3302/2573 2557/3303/2564
f 2532/3259/2534 2528/3252/2527 2523/3251/2526 2527/3260/2535
f 2533/3261/2536 2528/3252/2527 2532/3259/2534 2537/3265/2540
f 2558/3295/2569 2563/3304/2574 2564/3305/2575 2559/3296/2570
f 2559/3296/2570 2564/3305/2575 2565/3286/2561 2560/3298/2571
f 2556/3288/2563 2551/3279/2554 2550/3278/2553 2555/3283/2558
f 2551/3279/2554 2546/3274/2549 2545/3273/2548 2550/3278/2553
f 2561/3301/2572 2566/3285/2560 2567/3306/2576 2562/3302/2573
f 2542/3270/2545 2538/3266/2541 2533/3261/2536 2537/3265/2540
f 2543/3271/2546 2538/3266/2541 2542/3270/2545 2547/3275/2550
f 2563/3304/2574 2568/3307/2577 2569/3308/2578 2564/3305/2575
f 2564/3305/2575 2569/3308/2578 2570/3287/2562 2565/3286/2561
f 2540/3268/2543 2541/3269/2544 2536/3264/2539 2535/3263/2538
f 2541/3269/2544 2540/3268/2543 2545/3273/2548 2546/3274/2549
f 2566/3285/2560 2571/3284/2559 2572/3309/2579 2567/3306/2576
f 2543/3271/2546 2547/3275/2550 2552/3280/2555 2548/3276/2551
f 2548/3276/2551 2552/3280/2555 2557/3303/2564 2553/3281/2556
f 2568/3307/2577 2573/3310/2580 2574/3311/2581 2569/3308/2578
f 2569/3308/2578 2574/3311/2581 2575/3312/2582 2570/3287/2562
f 2535/3263/2538 2536/3264/2539 2531/3258/2533 2530/3255/2530
f 2526/3257/2532 2525/3256/2531 2530/3255/2530 2531/3258/2533
f 2571/3284/2559 2576/3313/2583 2577/3314/2584 2572/3309/2579
f 2557/3303/2564 2562/3302/2573 2558/3295/2569 2553/3294/2556
f 2563/3304/2574 2558/3295/2569 2562/3302/2573 2567/3306/2576
f 2573/3310/2580 2578/3291/2566 2579/3315/2585 2574/3311/2581
f 2574/3311/2581 2579/3315/2585 2580/3316/2586 2575/3312/2582
f 2585/3317/2587 2586/3318/2588 2581/3319/2589 2580/3316/2586
f 2526/3257/2532 2586/3318/2588 2585/3317/2587 2525/3256/2531
f 2576/3313/2583 2581/3319/2589 2582/3292/2567 2577/3314/2584
f 2568/3307/2577 2563/3304/2574 2567/3306/2576 2572/3309/2579
f 2582/3292/2567 2578/3291/2566 2573/3310/2580 2577/3314/2584
f 2578/3291/2566 2583/3290/2565 2584/3320/2590 2579/3315/2585
f 2579/3315/2585 2584/3320/2590 2585/3317/2587 2580/3316/2586
f 2576/3313/2583 2575/3312/2582 2580/3316/2586 2581/3319/2589
f 2576/3313/2583 2571/3284/2559 2570/3287/2562 2575/3312/2582
f 2581/3319/2589 2586/3318/2588 2587/3293/2568 2582/3292/2567
f 2577/3314/2584 2573/3310/2580 2568/3307/2577 2572/3309/2579
f 2583/3290/2565 2523/3251/2526 2524/3254/2529 2584/3320/2590
f 2584/3320/2590 2524/3254/2529 2525/3256/2531 2585/3317/2587
f 2586/3318/2588 2526/3257/2532 2527/3260/2535 2587/3293/2568
o Torus.004
v -0.145060 0.750874 0.000000
v -0.162017 0.758568 0.000000
v -0.175615 0.737011 0.000000
v -0.162017 0.680879 0.000000
v -0.145060 0.688572 0.000000
v -0.168072 0.750874 -0.093365
v -0.183087 0.758568 -0.085484
v -0.195127 0.737011 -0.079165
v -0.183087 0.680878 -0.085484
v -0.168072 0.688572 -0.093365
v -0.231837 0.750874 -0.165341
v -0.241470 0.758568 -0.151386
v -0.249195 0.737011 -0.140194
v -0.241470 0.680878 -0.151386
v -0.231837 0.688572 -0.165341
v -0.321748 0.750874 -0.199439
v -0.323791 0.758568 -0.182606
v -0.325431 0.737011 -0.169107
v -0.323791 0.680878 -0.182606
v -0.321748 0.688572 -0.199439
v -0.417206 0.750874 -0.187849
v -0.411193 0.758568 -0.171994
v -0.406370 0.737011 -0.159279
v -0.411193 0.680878 -0.171994
v -0.417206 0.688572 -0.187849
v -0.496343 0.750874 -0.133224
v -0.483650 0.758568 -0.121980
v -0.473472 0.737011 -0.112962
v -0.483650 0.680878 -0.121979
v -0.496343 0.688572 -0.133224
v -0.541030 0.750874 -0.048079
v -0.524566 0.758568 -0.044021
v -0.511363 0.737011 -0.040767
v -0.524566 0.680879 -0.044021
v -0.541030 0.688572 -0.048079
v -0.541030 0.750874 0.048080
v -0.524566 0.758568 0.044022
v -0.511363 0.737011 0.040767
v -0.524566 0.680879 0.044022
v -0.541030 0.688572 0.048080
v -0.496343 0.750874 0.133224
v -0.483650 0.758568 0.121980
v -0.473472 0.737011 0.112962
v -0.483650 0.680879 0.121980
v -0.496343 0.688572 0.133224
v -0.417206 0.750874 0.187849
v -0.411193 0.758568 0.171994
v -0.406370 0.737011 0.159279
v -0.411193 0.680879 0.171994
v -0.417206 0.688572 0.187849
v -0.321748 0.750874 0.199440
v -0.323791 0.758568 0.182606
v -0.325431 0.737011 0.169107
v -0.323791 0.680879 0.182606
v -0.321748 0.688572 0.199440
v -0.231837 0.750874 0.165341
v -0.241470 0.758568 0.151386
v -0.249195 0.737011 0.140195
v -0.241470 0.680879 0.151386
v -0.231837 0.688572 0.165341
v -0.168072 0.750874 0.093365
v -0.183087 0.758568 0.085485
v -0.195127 0.737011 0.079165
v -0.183087 0.680879 0.085485
v -0.168072 0.688572 0.093365
vn 0.9412 0.3378 -0.0000
vn 0.8334 0.3378 -0.4374
vn -0.2675 0.9533 0.1404
vn -0.3021 0.9533 -0.0000
vn -0.8783 0.1268 0.4610
vn -0.9919 0.1268 -0.0000
vn -0.5961 -0.8029 -0.0000
vn -0.5278 -0.8029 0.2770
vn 0.8334 -0.3378 -0.4374
vn 0.9412 -0.3378 -0.0000
vn 0.5347 0.3378 -0.7746
vn -0.1716 0.9533 0.2486
vn -0.5635 0.1268 0.8163
vn -0.3386 -0.8029 0.4906
vn 0.5347 -0.3378 -0.7746
vn 0.1135 0.3378 -0.9343
vn -0.0364 0.9533 0.2999
vn -0.1196 0.1268 0.9847
vn -0.0719 -0.8029 0.5918
vn 0.1135 -0.3378 -0.9343
vn -0.3338 0.3378 -0.8800
vn 0.1071 0.9533 0.2825
vn 0.3517 0.1268 0.9275
vn 0.2114 -0.8029 0.5574
vn -0.3338 -0.3378 -0.8800
vn -0.7045 0.3378 -0.6241
vn 0.2261 0.9533 0.2003
vn 0.7425 0.1268 0.6578
vn 0.4462 -0.8029 0.3953
vn -0.7045 -0.3378 -0.6241
vn -0.9139 0.3378 -0.2252
vn 0.2934 0.9533 0.0723
vn 0.9631 0.1268 0.2374
vn 0.2114 -0.8029 -0.5574
vn 0.4462 -0.8029 -0.3953
vn 0.7425 0.1268 -0.6578
vn 0.3517 0.1268 -0.9275
vn 0.5788 -0.8029 0.1427
vn -0.9139 -0.3378 -0.2252
vn 0.8334 0.3378 0.4374
vn 0.5347 0.3378 0.7746
vn 0.5347 -0.3378 0.7746
vn 0.8334 -0.3378 0.4374
vn -0.9139 0.3378 0.2252
vn 0.2934 0.9533 -0.0723
vn 0.9631 0.1268 -0.2374
vn 0.5788 -0.8029 -0.1427
vn -0.9139 -0.3378 0.2252
vn -0.7045 0.3378 0.6241
vn 0.2261 0.9533 -0.2003
vn -0.7045 -0.3378 0.6241
vn -0.3338 0.3378 0.8800
vn 0.1071 0.9533 -0.2825
vn -0.3338 -0.3378 0.8800
vn 0.1135 0.3378 0.9343
vn -0.0364 0.9533 -0.2999
vn -0.1196 0.1268 -0.9847
vn -0.0719 -0.8029 -0.5918
vn 0.1135 -0.3378 0.9343
vn -0.1716 0.9533 -0.2486
vn -0.5635 0.1268 -0.8163
vn -0.8783 0.1268 -0.4610
vn -0.5278 -0.8029 -0.2770
vn -0.3386 -0.8029 -0.4906
vn -0.2675 0.9533 -0.1404
vt 0.538462 0.714286
vt 0.615385 0.714286
vt 0.615385 0.857143
vt 0.538462 0.857143
vt 0.615385 1.000000
vt 0.538462 1.000000
vt 0.538462 0.285714
vt 0.615385 0.285714
vt 0.615385 0.428571
vt 0.538462 0.428571
vt 0.692308 0.714286
vt 0.692308 0.857143
vt 0.692308 1.000000
vt 0.692308 0.285714
vt 0.692308 0.428571
vt 0.769231 0.714286
vt 0.769231 0.857143
vt 0.769231 1.000000
vt 0.769231 0.285714
vt 0.769231 0.428571
vt 0.846154 0.714286
vt 0.846154 0.857143
vt 0.846154 1.000000
vt 0.846154 0.285714
vt 0.846154 0.428571
vt 0.923077 0.714286
vt 0.923077 0.857143
vt 0.923077 1.000000
vt 0.923077 0.285714
vt 0.923077 0.428571
vt 1.000000 0.714286
vt 1.000000 0.857143
vt 1.000000 1.000000
vt 0.230769 0.285714
vt 0.153846 0.285714
vt 0.153846 1.000000
vt 0.230769 1.000000
vt 1.000000 0.285714
vt 1.000000 0.428571
vt 0.461538 0.714286
vt 0.384615 0.714286
vt 0.384615 0.428571
vt 0.461538 0.428571
vt -0.000000 0.714286
vt 0.076923 0.714286
vt 0.076923 0.857143
vt -0.000000 0.857143
vt 0.076923 1.000000
vt -0.000000 1.000000
vt -0.000000 0.285714
vt 0.076923 0.285714
vt 0.076923 0.428571
vt -0.000000 0.428571
vt 0.153846 0.714286
vt 0.153846 0.857143
vt 0.153846 0.428571
vt 0.230769 0.714286
vt 0.230769 0.857143
vt 0.230769 0.428571
vt 0.307692 0.714286
vt 0.307692 0.857143
vt 0.307692 1.000000
vt 0.307692 0.285714
vt 0.307692 0.428571
vt 0.384615 0.857143
vt 0.384615 1.000000
vt 0.461538 1.000000
vt 0.461538 0.285714
vt 0.384615 0.285714
vt 0.461538 0.857143
s 1
usemtl Глаза_обрамление
f 2588/3321/2591 2593/3322/2592 2594/3323/2593 2589/3324/2594
f 2589/3324/2594 2594/3323/2593 2595/3325/2595 2590/3326/2596
f 2591/3327/2597 2596/3328/2598 2597/3329/2599 2592/3330/2600
f 2593/3322/2592 2598/3331/2601 2599/3332/2602 2594/3323/2593
f 2594/3323/2593 2599/3332/2602 2600/3333/2603 2595/3325/2595
f 2596/3328/2598 2601/3334/2604 2602/3335/2605 2597/3329/2599
f 2598/3331/2601 2603/3336/2606 2604/3337/2607 2599/3332/2602
f 2599/3332/2602 2604/3337/2607 2605/3338/2608 2600/3333/2603
f 2601/3334/2604 2606/3339/2609 2607/3340/2610 2602/3335/2605
f 2603/3336/2606 2608/3341/2611 2609/3342/2612 2604/3337/2607
f 2604/3337/2607 2609/3342/2612 2610/3343/2613 2605/3338/2608
f 2606/3339/2609 2611/3344/2614 2612/3345/2615 2607/3340/2610
f 2608/3341/2611 2613/3346/2616 2614/3347/2617 2609/3342/2612
f 2609/3342/2612 2614/3347/2617 2615/3348/2618 2610/3343/2613
f 2611/3344/2614 2616/3349/2619 2617/3350/2620 2612/3345/2615
f 2613/3346/2616 2618/3351/2621 2619/3352/2622 2614/3347/2617
f 2614/3347/2617 2619/3352/2622 2620/3353/2623 2615/3348/2618
f 2636/3354/2624 2631/3355/2625 2630/3356/2626 2635/3357/2627
f 2616/3349/2619 2621/3358/2628 2622/3359/2629 2617/3350/2620
f 2648/3360/2630 2643/3361/2631 2647/3362/2632 2652/3363/2633
f 2648/3360/2630 2652/3363/2633 2592/3330/2600 2588/3321/2591
f 2618/3364/2621 2623/3365/2634 2624/3366/2635 2619/3367/2622
f 2619/3367/2622 2624/3366/2635 2625/3368/2636 2620/3369/2623
f 2621/3370/2628 2620/3369/2623 2625/3368/2636 2626/3371/2637
f 2630/3356/2626 2631/3355/2625 2626/3371/2637 2625/3368/2636
f 2621/3370/2628 2626/3371/2637 2627/3372/2638 2622/3373/2629
f 2597/3329/2599 2593/3322/2592 2588/3321/2591 2592/3330/2600
f 2598/3331/2601 2593/3322/2592 2597/3329/2599 2602/3335/2605
f 2623/3365/2634 2628/3374/2639 2629/3375/2640 2624/3366/2635
f 2624/3366/2635 2629/3375/2640 2630/3356/2626 2625/3368/2636
f 2621/3358/2628 2616/3349/2619 2615/3348/2618 2620/3353/2623
f 2616/3349/2619 2611/3344/2614 2610/3343/2613 2615/3348/2618
f 2626/3371/2637 2631/3355/2625 2632/3376/2641 2627/3372/2638
f 2607/3340/2610 2603/3336/2606 2598/3331/2601 2602/3335/2605
f 2608/3341/2611 2603/3336/2606 2607/3340/2610 2612/3345/2615
f 2628/3374/2639 2633/3377/2642 2634/3378/2643 2629/3375/2640
f 2629/3375/2640 2634/3378/2643 2635/3357/2627 2630/3356/2626
f 2605/3338/2608 2606/3339/2609 2601/3334/2604 2600/3333/2603
f 2606/3339/2609 2605/3338/2608 2610/3343/2613 2611/3344/2614
f 2631/3355/2625 2636/3354/2624 2637/3379/2644 2632/3376/2641
f 2608/3341/2611 2612/3345/2615 2617/3350/2620 2613/3346/2616
f 2613/3346/2616 2617/3350/2620 2622/3373/2629 2618/3351/2621
f 2633/3377/2642 2638/3380/2645 2639/3381/2646 2634/3378/2643
f 2634/3378/2643 2639/3381/2646 2640/3382/2647 2635/3357/2627
f 2600/3333/2603 2601/3334/2604 2596/3328/2598 2595/3325/2595
f 2591/3327/2597 2590/3326/2596 2595/3325/2595 2596/3328/2598
f 2636/3354/2624 2641/3383/2648 2642/3384/2649 2637/3379/2644
f 2622/3373/2629 2627/3372/2638 2623/3365/2634 2618/3364/2621
f 2628/3374/2639 2623/3365/2634 2627/3372/2638 2632/3376/2641
f 2638/3380/2645 2643/3361/2631 2644/3385/2650 2639/3381/2646
f 2639/3381/2646 2644/3385/2650 2645/3386/2651 2640/3382/2647
f 2650/3387/2652 2651/3388/2653 2646/3389/2654 2645/3386/2651
f 2591/3327/2597 2651/3388/2653 2650/3387/2652 2590/3326/2596
f 2641/3383/2648 2646/3389/2654 2647/3362/2632 2642/3384/2649
f 2633/3377/2642 2628/3374/2639 2632/3376/2641 2637/3379/2644
f 2647/3362/2632 2643/3361/2631 2638/3380/2645 2642/3384/2649
f 2643/3361/2631 2648/3360/2630 2649/3390/2655 2644/3385/2650
f 2644/3385/2650 2649/3390/2655 2650/3387/2652 2645/3386/2651
f 2641/3383/2648 2640/3382/2647 2645/3386/2651 2646/3389/2654
f 2641/3383/2648 2636/3354/2624 2635/3357/2627 2640/3382/2647
f 2646/3389/2654 2651/3388/2653 2652/3363/2633 2647/3362/2632
f 2642/3384/2649 2638/3380/2645 2633/3377/2642 2637/3379/2644
f 2648/3360/2630 2588/3321/2591 2589/3324/2594 2649/3390/2655
f 2649/3390/2655 2589/3324/2594 2590/3326/2596 2650/3387/2652
f 2651/3388/2653 2591/3327/2597 2592/3330/2600 2652/3363/2633
o Cylinder.018
v 0.244485 4.105506 0.022560
v 0.247459 4.133916 0.006457
v 0.227298 4.107305 0.014238
v 0.242793 4.134405 0.004198
v 0.223053 4.107749 -0.004462
v 0.241640 4.134525 -0.000879
v 0.234947 4.106504 -0.019458
v 0.244869 4.134188 -0.004950
v 0.254024 4.104508 -0.019458
v 0.250048 4.133646 -0.004950
v 0.265917 4.103263 -0.004462
v 0.253277 4.133307 -0.000879
v 0.261673 4.103708 0.014238
v 0.252125 4.133428 0.004198
v 0.245703 4.117140 0.017053
v 0.232798 4.118491 0.010804
v 0.229611 4.118824 -0.003236
v 0.238542 4.117890 -0.014496
v 0.252865 4.116391 -0.014496
v 0.261795 4.115457 -0.003236
v 0.258608 4.115790 0.010804
v 0.228449 4.118297 0.014238
v 0.224204 4.118741 -0.004462
v 0.236098 4.117496 -0.019458
v 0.255174 4.115499 -0.019458
v 0.267068 4.114255 -0.004462
v 0.262823 4.114699 0.014238
v 0.245636 4.116498 0.022560
v 0.246420 4.123987 0.010328
v 0.238744 4.124791 0.006611
v 0.236848 4.124989 -0.001740
v 0.242160 4.124433 -0.008437
v 0.250679 4.123541 -0.008437
v 0.255991 4.122985 -0.001740
v 0.254095 4.123184 0.006611
vn 0.0591 0.5651 0.8229
vn 0.0786 0.7508 0.6559
vn -0.4314 0.8041 0.4089
vn -0.5807 0.6321 0.5131
vn -0.5574 0.8173 -0.1459
vn -0.7388 0.6486 -0.1831
vn -0.2045 0.7804 -0.5909
vn -0.2960 0.6022 -0.7414
vn 0.3616 0.7212 -0.5909
vn 0.4142 0.5279 -0.7414
vn 0.7145 0.6842 -0.1459
vn 0.8571 0.4816 -0.1831
vn 0.5886 0.6974 0.4089
vn 0.6990 0.4981 0.5131
vn -0.0647 -0.6179 0.7836
vn -0.6740 -0.5541 0.4886
vn -0.8245 -0.5383 -0.1744
vn -0.4028 -0.5825 -0.7060
vn 0.2735 -0.6533 -0.7060
vn 0.6952 -0.6974 -0.1744
vn 0.5447 -0.6816 0.4886
vn 0.6914 0.5160 0.5056
vn 0.3760 0.8992 0.2236
vn 0.0972 0.9284 0.3586
vn 0.0609 0.5820 0.8109
vn 0.8472 0.4997 -0.1804
vn 0.4449 0.8920 -0.0798
vn 0.4108 0.5454 -0.7306
vn 0.2519 0.9122 -0.3231
vn -0.2890 0.6186 -0.7306
vn -0.0576 0.9446 -0.3231
vn -0.7253 0.6643 -0.1804
vn -0.2505 0.9648 -0.0798
vn -0.5696 0.6480 0.5056
vn -0.1817 0.9576 0.2236
vt 1.000000 0.875000
vt 1.000000 1.000000
vt 0.857143 1.000000
vt 0.857143 0.875000
vt 0.714286 1.000000
vt 0.714286 0.875000
vt 0.571429 1.000000
vt 0.571429 0.875000
vt 0.428571 1.000000
vt 0.428571 0.875000
vt 0.285714 1.000000
vt 0.285714 0.875000
vt 0.437640 0.399638
vt 0.250000 0.490000
vt 0.062360 0.399638
vt 0.016017 0.196595
vt 0.145868 0.033767
vt 0.354132 0.033767
vt 0.483983 0.196595
vt 0.142857 1.000000
vt 0.142857 0.875000
vt 0.000000 1.000000
vt 0.000000 0.875000
vt 0.750000 0.490000
vt 0.937640 0.399638
vt 0.983983 0.196595
vt 0.854132 0.033767
vt 0.645868 0.033767
vt 0.516017 0.196595
vt 0.562360 0.399638
vt 0.142857 0.625000
vt 0.142857 0.750000
vt 0.000000 0.750000
vt 0.000000 0.625000
vt 0.285714 0.625000
vt 0.285714 0.750000
vt 0.428571 0.625000
vt 0.428571 0.750000
vt 0.571429 0.625000
vt 0.571429 0.750000
vt 0.714286 0.625000
vt 0.714286 0.750000
vt 0.857143 0.625000
vt 0.857143 0.750000
vt 1.000000 0.625000
vt 1.000000 0.750000
vt 1.000000 0.500000
vt 0.857143 0.500000
vt 0.714286 0.500000
vt 0.571429 0.500000
vt 0.428571 0.500000
vt 0.285714 0.500000
vt 0.142857 0.500000
vt 0.000000 0.500000
s 1
usemtl Лампочки
f 2681/3391/2656 2654/3392/2657 2656/3393/2658 2682/3394/2659
f 2682/3394/2659 2656/3393/2658 2658/3395/2660 2683/3396/2661
f 2683/3396/2661 2658/3395/2660 2660/3397/2662 2684/3398/2663
f 2684/3398/2663 2660/3397/2662 2662/3399/2664 2685/3400/2665
f 2685/3400/2665 2662/3399/2664 2664/3401/2666 2686/3402/2667
f 2656/3403/2658 2654/3404/2657 2666/3405/2668 2664/3406/2666 2662/3407/2664 2660/3408/2662 2658/3409/2660
f 2686/3402/2667 2664/3401/2666 2666/3410/2668 2687/3411/2669
f 2687/3411/2669 2666/3410/2668 2654/3412/2657 2681/3413/2656
f 2653/3414/2670 2655/3415/2671 2657/3416/2672 2659/3417/2673 2661/3418/2674 2663/3419/2675 2665/3420/2676
f 2679/3421/2677 2673/3422/2678 2667/3423/2679 2680/3424/2680
f 2678/3425/2681 2672/3426/2682 2673/3422/2678 2679/3421/2677
f 2677/3427/2683 2671/3428/2684 2672/3426/2682 2678/3425/2681
f 2676/3429/2685 2670/3430/2686 2671/3428/2684 2677/3427/2683
f 2675/3431/2687 2669/3432/2688 2670/3430/2686 2676/3429/2685
f 2674/3433/2689 2668/3434/2690 2669/3432/2688 2675/3431/2687
f 2680/3435/2680 2667/3436/2679 2668/3434/2690 2674/3433/2689
f 2653/3437/2670 2680/3435/2680 2674/3433/2689 2655/3438/2671
f 2655/3438/2671 2674/3433/2689 2675/3431/2687 2657/3439/2672
f 2657/3439/2672 2675/3431/2687 2676/3429/2685 2659/3440/2673
f 2659/3440/2673 2676/3429/2685 2677/3427/2683 2661/3441/2674
f 2661/3441/2674 2677/3427/2683 2678/3425/2681 2663/3442/2675
f 2663/3442/2675 2678/3425/2681 2679/3421/2677 2665/3443/2676
f 2665/3443/2676 2679/3421/2677 2680/3424/2680 2653/3444/2670
f 2673/3422/2678 2687/3411/2669 2681/3413/2656 2667/3423/2679
f 2672/3426/2682 2686/3402/2667 2687/3411/2669 2673/3422/2678
f 2671/3428/2684 2685/3400/2665 2686/3402/2667 2672/3426/2682
f 2670/3430/2686 2684/3398/2663 2685/3400/2665 2671/3428/2684
f 2669/3432/2688 2683/3396/2661 2684/3398/2663 2670/3430/2686
f 2668/3434/2690 2682/3394/2659 2683/3396/2661 2669/3432/2688
f 2667/3436/2679 2681/3391/2656 2682/3394/2659 2668/3434/2690
o Torus.026
v 0.067865 3.622996 -0.000912
v 0.071843 3.631701 -0.000912
v 0.080782 3.633852 -0.000912
v 0.097114 3.627334 -0.000912
v 0.097114 3.618658 -0.000912
v 0.080782 3.612141 -0.000912
v 0.071843 3.614291 -0.000912
v 0.080452 3.622996 0.052902
v 0.083974 3.631701 0.050953
v 0.091889 3.633852 0.046576
v 0.106350 3.627334 0.038578
v 0.106350 3.618658 0.038578
v 0.091889 3.612141 0.046576
v 0.083974 3.614291 0.050953
v 0.115328 3.622996 0.094387
v 0.117588 3.631701 0.090937
v 0.122666 3.633852 0.083185
v 0.131943 3.627334 0.069021
v 0.131943 3.618658 0.069021
v 0.122666 3.612141 0.083185
v 0.117588 3.614291 0.090937
v 0.164505 3.622996 0.114041
v 0.164984 3.631701 0.109880
v 0.166062 3.633852 0.100528
v 0.168030 3.627334 0.083443
v 0.168030 3.618658 0.083443
v 0.166062 3.612141 0.100528
v 0.164984 3.614291 0.109880
v 0.216715 3.622996 0.107360
v 0.215305 3.631701 0.103441
v 0.212135 3.633852 0.094633
v 0.206343 3.627334 0.078541
v 0.206343 3.618658 0.078541
v 0.212135 3.612141 0.094633
v 0.215305 3.614291 0.103441
v 0.259999 3.622996 0.075876
v 0.257022 3.631701 0.073096
v 0.250331 3.633852 0.066849
v 0.238106 3.627334 0.055437
v 0.238106 3.618658 0.055437
v 0.250331 3.612141 0.066849
v 0.257022 3.614291 0.073096
v 0.284441 3.622996 0.026800
v 0.280579 3.631701 0.025797
v 0.271899 3.633852 0.023542
v 0.256042 3.627334 0.019424
v 0.256042 3.618658 0.019424
v 0.271899 3.612141 0.023542
v 0.280579 3.614291 0.025797
v 0.284441 3.622996 -0.028625
v 0.280579 3.631701 -0.027621
v 0.271899 3.633852 -0.025367
v 0.256042 3.627334 -0.021248
v 0.256042 3.618658 -0.021248
v 0.271899 3.612141 -0.025367
v 0.280579 3.614291 -0.027621
v 0.259999 3.622996 -0.077701
v 0.257022 3.631701 -0.074921
v 0.250331 3.633852 -0.068674
v 0.238106 3.627334 -0.057261
v 0.238106 3.618658 -0.057261
v 0.250331 3.612141 -0.068674
v 0.257022 3.614291 -0.074921
v 0.216715 3.622996 -0.109185
v 0.215304 3.631701 -0.105266
v 0.212135 3.633852 -0.096458
v 0.206343 3.627334 -0.080365
v 0.206343 3.618658 -0.080365
v 0.212135 3.612141 -0.096458
v 0.215304 3.614291 -0.105266
v 0.164504 3.622996 -0.115866
v 0.164984 3.631701 -0.111704
v 0.166061 3.633852 -0.102353
v 0.168030 3.627334 -0.085268
v 0.168030 3.618658 -0.085268
v 0.166061 3.612141 -0.102353
v 0.164984 3.614291 -0.111704
v 0.115328 3.622996 -0.096212
v 0.117588 3.631701 -0.092762
v 0.122666 3.633852 -0.085010
v 0.131943 3.627334 -0.070845
v 0.131943 3.618658 -0.070845
v 0.122666 3.612141 -0.085010
v 0.117588 3.614291 -0.092762
v 0.080452 3.622996 -0.054726
v 0.083974 3.631701 -0.052778
v 0.091889 3.633852 -0.048401
v 0.106350 3.627334 -0.040402
v 0.106350 3.618658 -0.040402
v 0.091889 3.612141 -0.048401
v 0.083974 3.614291 -0.052778
v 0.189367 3.633852 -0.102532
v 0.187410 3.618658 -0.085416
v 0.190438 3.614291 -0.111899
v 0.190915 3.622996 -0.116068
v 0.190438 3.631701 -0.111899
v 0.187410 3.627334 -0.085416
v 0.189367 3.612141 -0.102532
v 0.140422 3.614291 -0.105449
v 0.139020 3.622996 -0.109376
v 0.140422 3.631701 -0.105449
v 0.149329 3.627334 -0.080505
v 0.143572 3.612141 -0.096626
v 0.143572 3.633852 -0.096626
v 0.149329 3.618658 -0.080505
v 0.098957 3.631701 -0.075051
v 0.117758 3.627334 -0.057360
v 0.105607 3.612141 -0.068793
v 0.095997 3.622996 -0.077836
v 0.117758 3.618658 -0.057360
v 0.098957 3.614291 -0.075051
v 0.105607 3.633852 -0.068793
v 0.071703 3.622996 -0.028673
v 0.084169 3.633852 -0.025410
v 0.075542 3.631701 -0.027668
v 0.099930 3.627334 -0.021284
v 0.084169 3.612141 -0.025410
v 0.099930 3.618658 -0.021284
v 0.075542 3.614291 -0.027668
v 0.071703 3.622996 0.026849
v 0.084169 3.633852 0.023585
v 0.099930 3.618658 0.019459
v 0.075542 3.614291 0.025843
v 0.075542 3.631701 0.025843
v 0.099930 3.627334 0.019459
v 0.084169 3.612141 0.023585
v 0.239794 3.622996 -0.096380
v 0.237548 3.631701 -0.092924
v 0.232501 3.612141 -0.085158
v 0.223279 3.627334 -0.070968
v 0.223279 3.618658 -0.070968
v 0.237548 3.614291 -0.092924
v 0.232501 3.633852 -0.085158
v 0.270958 3.631701 -0.052869
v 0.248717 3.627334 -0.040472
v 0.263091 3.612141 -0.048484
v 0.274459 3.622996 -0.054821
v 0.263091 3.633852 -0.048484
v 0.248717 3.618658 -0.040472
v 0.270958 3.614291 -0.052869
v 0.286970 3.622996 -0.000913
v 0.274131 3.633852 -0.000913
v 0.257898 3.618658 -0.000912
v 0.283016 3.614291 -0.000913
v 0.283016 3.631701 -0.000913
v 0.257898 3.627334 -0.000912
v 0.274131 3.612141 -0.000913
v 0.248717 3.627334 0.038647
v 0.263091 3.612141 0.046659
v 0.274459 3.622996 0.052996
v 0.270958 3.614291 0.051044
v 0.248717 3.618658 0.038647
v 0.263091 3.633852 0.046659
v 0.270958 3.631701 0.051044
v 0.239737 3.622996 0.094596
v 0.237493 3.631701 0.091139
v 0.223237 3.627334 0.069174
v 0.232451 3.612141 0.083369
v 0.232451 3.633852 0.083369
v 0.223237 3.618658 0.069174
v 0.237493 3.614291 0.091139
v 0.189367 3.633852 0.100707
v 0.187410 3.618658 0.083591
v 0.190438 3.614291 0.110074
v 0.190915 3.622996 0.114243
v 0.190438 3.631701 0.110074
v 0.187410 3.627334 0.083591
v 0.189367 3.612141 0.100707
v 0.149329 3.627334 0.078680
v 0.139020 3.622996 0.107551
v 0.143572 3.612141 0.094801
v 0.149329 3.618658 0.078680
v 0.143572 3.633852 0.094801
v 0.140422 3.614291 0.103624
v 0.140422 3.631701 0.103624
v 0.098957 3.631701 0.073226
v 0.117758 3.627334 0.055536
v 0.105607 3.612141 0.066968
v 0.095997 3.622996 0.076011
v 0.105607 3.633852 0.066968
v 0.117758 3.618658 0.055536
v 0.098957 3.614291 0.073226
vn -0.9736 -0.0000 0.2285
vn -0.8972 -0.0000 0.4417
vn -0.5934 0.7501 0.2920
vn -0.6419 0.7519 0.1506
vn 0.0405 0.9990 -0.0201
vn 0.0522 0.9986 -0.0123
vn 0.7330 0.5768 -0.3606
vn 0.8029 0.5655 -0.1884
vn 0.7330 -0.5768 -0.3606
vn 0.8029 -0.5655 -0.1884
vn 0.0405 -0.9990 -0.0201
vn 0.0522 -0.9986 -0.0123
vn -0.5934 -0.7501 0.2920
vn -0.6419 -0.7519 0.1506
vn -0.7643 -0.0000 0.6449
vn -0.5926 -0.0000 0.8055
vn -0.3855 0.7597 0.5237
vn -0.4993 0.7572 0.4212
vn 0.0276 0.9989 -0.0377
vn 0.0383 0.9987 -0.0324
vn 0.4815 0.5834 -0.6541
vn 0.6250 0.5757 -0.5272
vn 0.4815 -0.5834 -0.6541
vn 0.6250 -0.5757 -0.5272
vn 0.0276 -0.9989 -0.0377
vn 0.0383 -0.9987 -0.0323
vn -0.3855 -0.7597 0.5237
vn -0.4993 -0.7572 0.4212
vn -0.3698 -0.0000 0.9291
vn -0.1283 -0.0000 0.9917
vn -0.0825 0.7663 0.6371
vn -0.2389 0.7634 0.6001
vn 0.0061 0.9989 -0.0473
vn 0.0171 0.9989 -0.0430
vn 0.1038 0.5882 -0.8020
vn 0.2993 0.5877 -0.7517
vn 0.1038 -0.5882 -0.8020
vn 0.2993 -0.5877 -0.7517
vn 0.0061 -0.9989 -0.0473
vn 0.0171 -0.9989 -0.0430
vn -0.0825 -0.7663 0.6371
vn -0.2389 -0.7634 0.6001
vn 0.1264 -0.0000 0.9920
vn 0.3745 -0.0000 0.9272
vn 0.2418 0.7639 0.5983
vn 0.0814 0.7650 0.6388
vn -0.0177 0.9989 -0.0440
vn -0.0057 0.9990 -0.0449
vn -0.3035 0.5864 -0.7510
vn -0.1020 0.5908 -0.8004
vn -0.3035 -0.5864 -0.7510
vn -0.1020 -0.5908 -0.8004
vn -0.0177 -0.9989 -0.0440
vn -0.0057 -0.9990 -0.0449
vn 0.2418 -0.7639 0.5983
vn 0.0814 -0.7650 0.6388
vn 0.5865 -0.0000 0.8100
vn 0.7690 -0.0000 0.6393
vn 0.5047 0.7547 0.4193
vn 0.3808 0.7605 0.5259
vn -0.0352 0.9989 -0.0295
vn -0.0281 0.9988 -0.0389
vn -0.6266 0.5799 -0.5206
vn -0.4769 0.5822 -0.6585
vn -0.6266 -0.5799 -0.5206
vn -0.4769 -0.5822 -0.6585
vn -0.0352 -0.9989 -0.0295
vn -0.0281 -0.9988 -0.0389
vn 0.5047 -0.7547 0.4193
vn 0.3808 -0.7605 0.5259
vn 0.8945 -0.0000 0.4470
vn 0.9743 -0.0000 0.2252
vn 0.6479 0.7468 0.1497
vn 0.5876 0.7540 0.2936
vn -0.0435 0.9990 -0.0101
vn -0.0466 0.9986 -0.0233
vn -0.7974 0.5746 -0.1842
vn -0.7352 0.5697 -0.3673
vn -0.7974 -0.5746 -0.1842
vn -0.7352 -0.5697 -0.3673
vn -0.0435 -0.9990 -0.0101
vn -0.0466 -0.9986 -0.0233
vn 0.6479 -0.7468 0.1497
vn 0.5876 -0.7540 0.2936
vn 1.0000 -0.0000 -0.0000
vn 0.9743 -0.0000 -0.2252
vn 0.6479 0.7468 -0.1497
vn 0.6602 0.7511 -0.0000
vn -0.0435 0.9990 0.0101
vn -0.0542 0.9985 -0.0000
vn -0.7974 0.5746 0.1842
vn -0.8258 0.5640 -0.0000
vn -0.7974 -0.5746 0.1842
vn -0.8258 -0.5640 -0.0000
vn -0.0435 -0.9990 0.0101
vn -0.0542 -0.9985 -0.0000
vn 0.6479 -0.7468 -0.1497
vn 0.6602 -0.7511 -0.0000
vn 0.8945 -0.0000 -0.4470
vn 0.7690 -0.0000 -0.6392
vn 0.5047 0.7547 -0.4192
vn 0.5876 0.7540 -0.2936
vn -0.0353 0.9989 0.0295
vn -0.0466 0.9986 0.0233
vn -0.6267 0.5799 0.5205
vn -0.7352 0.5697 0.3673
vn -0.6267 -0.5799 0.5205
vn -0.7352 -0.5697 0.3673
vn -0.0352 -0.9989 0.0295
vn -0.0466 -0.9986 0.0233
vn 0.5047 -0.7547 -0.4192
vn 0.5876 -0.7540 -0.2936
vn 0.5867 -0.0000 -0.8098
vn 0.3747 -0.0000 -0.9272
vn 0.2419 0.7639 -0.5983
vn 0.3810 0.7605 -0.5258
vn -0.0177 0.9989 0.0439
vn -0.0281 0.9988 0.0389
vn -0.3036 0.5864 0.7509
vn -0.4771 0.5822 0.6583
vn -0.3036 -0.5864 0.7509
vn -0.4771 -0.5822 0.6583
vn -0.0177 -0.9989 0.0439
vn -0.0281 -0.9988 0.0389
vn 0.2419 -0.7639 -0.5983
vn 0.3810 -0.7605 -0.5258
vn 0.1264 -0.0000 -0.9920
vn -0.1283 -0.0000 -0.9917
vn -0.0825 0.7663 -0.6371
vn 0.0814 0.7650 -0.6388
vn 0.0061 0.9989 0.0473
vn -0.0057 0.9990 0.0449
vn 0.1038 0.5882 0.8020
vn -0.1020 0.5908 0.8004
vn 0.1038 -0.5882 0.8020
vn -0.1020 -0.5908 0.8004
vn 0.0061 -0.9989 0.0473
vn -0.0057 -0.9990 0.0449
vn -0.0825 -0.7663 -0.6371
vn 0.0814 -0.7650 -0.6388
vn -0.3698 -0.0000 -0.9291
vn -0.5926 -0.0000 -0.8055
vn -0.3855 0.7597 -0.5237
vn -0.2389 0.7634 -0.6001
vn 0.0276 0.9989 0.0377
vn 0.0171 0.9989 0.0430
vn 0.4815 0.5834 0.6541
vn 0.2993 0.5877 0.7517
vn 0.4815 -0.5834 0.6541
vn 0.2993 -0.5877 0.7517
vn 0.0276 -0.9989 0.0377
vn 0.0171 -0.9989 0.0430
vn -0.3855 -0.7597 -0.5237
vn -0.2389 -0.7634 -0.6001
vn -0.7643 -0.0000 -0.6449
vn -0.8972 -0.0000 -0.4417
vn -0.5934 0.7501 -0.2920
vn -0.4993 0.7571 -0.4212
vn 0.0405 0.9990 0.0201
vn 0.0383 0.9987 0.0323
vn 0.7330 0.5768 0.3606
vn 0.6250 0.5757 0.5272
vn 0.7330 -0.5768 0.3606
vn 0.6250 -0.5757 0.5272
vn 0.0405 -0.9990 0.0201
vn 0.0383 -0.9987 0.0323
vn -0.5934 -0.7501 -0.2920
vn -0.4993 -0.7572 -0.4212
vn -0.9736 -0.0000 -0.2285
vn -1.0000 -0.0000 -0.0000
vn -0.6663 0.7457 -0.0000
vn -0.6419 0.7519 -0.1506
vn 0.0444 0.9990 -0.0000
vn 0.0522 0.9986 0.0123
vn 0.8190 0.5739 -0.0000
vn 0.8029 0.5655 0.1884
vn 0.8190 -0.5739 -0.0000
vn 0.8029 -0.5655 0.1884
vn 0.0444 -0.9990 -0.0000
vn 0.0522 -0.9986 0.0123
vn -0.6663 -0.7457 -0.0000
vn -0.6419 -0.7519 -0.1506
vt 0.576923 0.571429
vt 0.615385 0.571429
vt 0.615385 0.714286
vt 0.576923 0.714286
vt 0.615385 0.857143
vt 0.576923 0.857143
vt 0.615385 1.000000
vt 0.576923 1.000000
vt 0.576923 -0.000000
vt 0.615385 -0.000000
vt 0.615385 0.142857
vt 0.576923 0.142857
vt 0.615385 0.285714
vt 0.576923 0.285714
vt 0.615385 0.428571
vt 0.576923 0.428571
vt 0.653846 0.571429
vt 0.692308 0.571429
vt 0.692308 0.714286
vt 0.653846 0.714286
vt 0.692308 0.857143
vt 0.653846 0.857143
vt 0.692308 1.000000
vt 0.653846 1.000000
vt 0.653846 -0.000000
vt 0.692308 -0.000000
vt 0.692308 0.142857
vt 0.653846 0.142857
vt 0.692308 0.285714
vt 0.653846 0.285714
vt 0.692308 0.428571
vt 0.653846 0.428571
vt 0.730769 0.571429
vt 0.769231 0.571429
vt 0.769231 0.714286
vt 0.730769 0.714286
vt 0.769231 0.857143
vt 0.730769 0.857143
vt 0.769231 1.000000
vt 0.730769 1.000000
vt 0.730769 -0.000000
vt 0.769231 -0.000000
vt 0.769231 0.142857
vt 0.730769 0.142857
vt 0.769231 0.285714
vt 0.730769 0.285714
vt 0.769231 0.428571
vt 0.730769 0.428571
vt 0.807692 0.571429
vt 0.846154 0.571429
vt 0.846154 0.714286
vt 0.807692 0.714286
vt 0.846154 0.857143
vt 0.807692 0.857143
vt 0.846154 1.000000
vt 0.807692 1.000000
vt 0.807692 -0.000000
vt 0.846154 -0.000000
vt 0.846154 0.142857
vt 0.807692 0.142857
vt 0.846154 0.285714
vt 0.807692 0.285714
vt 0.846154 0.428571
vt 0.807692 0.428571
vt 0.884517 0.571429
vt 0.923077 0.571429
vt 0.923077 0.714286
vt 0.884517 0.714286
vt 0.923077 0.857143
vt 0.884517 0.857143
vt 0.923077 1.000000
vt 0.884517 1.000000
vt 0.884517 -0.000000
vt 0.923077 -0.000000
vt 0.923077 0.142857
vt 0.884517 0.142857
vt 0.923077 0.285714
vt 0.884517 0.285714
vt 0.923077 0.428571
vt 0.884517 0.428571
vt 0.961539 0.571429
vt 1.000000 0.571429
vt 1.000000 0.714286
vt 0.961538 0.714286
vt 1.000000 0.857143
vt 0.961538 0.857143
vt 1.000000 1.000000
vt 0.961538 1.000000
vt 0.961538 -0.000000
vt 1.000000 -0.000000
vt 1.000000 0.142857
vt 0.961538 0.142857
vt 1.000000 0.285714
vt 0.961538 0.285714
vt 1.000000 0.428571
vt 0.961539 0.428571
vt 0.038462 0.571429
vt 0.076923 0.571429
vt 0.076923 0.714286
vt 0.038462 0.714286
vt 0.076923 0.857143
vt 0.038462 0.857143
vt 0.076923 1.000000
vt 0.038462 1.000000
vt 0.038462 -0.000000
vt 0.076923 -0.000000
vt 0.076923 0.142857
vt 0.038462 0.142857
vt 0.076923 0.285714
vt 0.038462 0.285714
vt 0.076923 0.428571
vt 0.038462 0.428571
vt 0.115385 0.571429
vt 0.153846 0.571429
vt 0.153846 0.714286
vt 0.115385 0.714286
vt 0.153846 0.857143
vt 0.115385 0.857143
vt 0.153846 1.000000
vt 0.115385 1.000000
vt 0.115385 -0.000000
vt 0.153846 -0.000000
vt 0.153846 0.142857
vt 0.115385 0.142857
vt 0.153846 0.285714
vt 0.115385 0.285714
vt 0.153846 0.428571
vt 0.115385 0.428571
vt 0.192308 0.571429
vt 0.230769 0.571429
vt 0.230769 0.714286
vt 0.192308 0.714286
vt 0.230769 0.857143
vt 0.192308 0.857143
vt 0.230769 1.000000
vt 0.192308 1.000000
vt 0.192308 -0.000000
vt 0.230769 -0.000000
vt 0.230769 0.142857
vt 0.192308 0.142857
vt 0.230769 0.285714
vt 0.192308 0.285714
vt 0.230769 0.428571
vt 0.192308 0.428571
vt 0.269231 0.571429
vt 0.307692 0.571429
vt 0.307692 0.714286
vt 0.269231 0.714286
vt 0.307692 0.857143
vt 0.269231 0.857143
vt 0.307692 1.000000
vt 0.269231 1.000000
vt 0.269231 -0.000000
vt 0.307692 -0.000000
vt 0.307692 0.142857
vt 0.269231 0.142857
vt 0.307692 0.285714
vt 0.269231 0.285714
vt 0.307692 0.428571
vt 0.269231 0.428571
vt 0.346154 0.571429
vt 0.384615 0.571429
vt 0.384615 0.714286
vt 0.346154 0.714286
vt 0.384615 0.857143
vt 0.346154 0.857143
vt 0.384615 1.000000
vt 0.346154 1.000000
vt 0.346154 -0.000000
vt 0.384615 -0.000000
vt 0.384615 0.142857
vt 0.346154 0.142857
vt 0.384615 0.285714
vt 0.346154 0.285714
vt 0.384615 0.428571
vt 0.346154 0.428571
vt 0.423077 0.571429
vt 0.461538 0.571429
vt 0.461538 0.714286
vt 0.423077 0.714286
vt 0.461538 0.857143
vt 0.423077 0.857143
vt 0.461538 1.000000
vt 0.423077 1.000000
vt 0.423077 -0.000000
vt 0.461538 -0.000000
vt 0.461538 0.142857
vt 0.423077 0.142857
vt 0.461538 0.285714
vt 0.423077 0.285714
vt 0.461538 0.428571
vt 0.423077 0.428571
vt 0.500000 0.571429
vt 0.538462 0.571429
vt 0.538462 0.714286
vt 0.500000 0.714286
vt 0.538462 0.857143
vt 0.500000 0.857143
vt 0.538462 1.000000
vt 0.500000 1.000000
vt 0.500000 -0.000000
vt 0.538462 -0.000000
vt 0.538462 0.142857
vt 0.500000 0.142857
vt 0.538462 0.285714
vt 0.500000 0.285714
vt 0.538462 0.428571
vt 0.500000 0.428571
vt -0.000000 0.428571
vt -0.000000 0.571429
vt -0.000000 0.285714
vt -0.000000 0.142857
vt -0.000000 -0.000000
vt -0.000000 0.857143
vt -0.000000 1.000000
vt -0.000000 0.714286
s 1
usemtl Бровь_и_тени
f 2807/3445/2691 2695/3446/2692 2696/3447/2693 2811/3448/2694
f 2811/3448/2694 2696/3447/2693 2697/3449/2695 2808/3450/2696
f 2808/3450/2696 2697/3449/2695 2698/3451/2697 2812/3452/2698
f 2812/3453/2698 2698/3454/2697 2699/3455/2699 2809/3456/2700
f 2809/3456/2700 2699/3455/2699 2700/3457/2701 2813/3458/2702
f 2813/3458/2702 2700/3457/2701 2701/3459/2703 2810/3460/2704
f 2810/3460/2704 2701/3459/2703 2695/3446/2692 2807/3445/2691
f 2866/3461/2705 2702/3462/2706 2703/3463/2707 2863/3464/2708
f 2863/3464/2708 2703/3463/2707 2704/3465/2709 2867/3466/2710
f 2867/3466/2710 2704/3465/2709 2705/3467/2711 2864/3468/2712
f 2864/3469/2712 2705/3470/2711 2706/3471/2713 2868/3472/2714
f 2868/3472/2714 2706/3471/2713 2707/3473/2715 2865/3474/2716
f 2865/3474/2716 2707/3473/2715 2708/3475/2717 2869/3476/2718
f 2869/3476/2718 2708/3475/2717 2702/3462/2706 2866/3461/2705
f 2857/3477/2719 2709/3478/2720 2710/3479/2721 2862/3480/2722
f 2862/3480/2722 2710/3479/2721 2711/3481/2723 2860/3482/2724
f 2860/3482/2724 2711/3481/2723 2712/3483/2725 2856/3484/2726
f 2856/3485/2726 2712/3486/2725 2713/3487/2727 2859/3488/2728
f 2859/3488/2728 2713/3487/2727 2714/3489/2729 2858/3490/2730
f 2858/3490/2730 2714/3489/2729 2715/3491/2731 2861/3492/2732
f 2861/3492/2732 2715/3491/2731 2709/3478/2720 2857/3477/2719
f 2852/3493/2733 2716/3494/2734 2717/3495/2735 2853/3496/2736
f 2853/3496/2736 2717/3495/2735 2718/3497/2737 2849/3498/2738
f 2849/3498/2738 2718/3497/2737 2719/3499/2739 2854/3500/2740
f 2854/3501/2740 2719/3502/2739 2720/3503/2741 2850/3504/2742
f 2850/3504/2742 2720/3503/2741 2721/3505/2743 2855/3506/2744
f 2855/3506/2744 2721/3505/2743 2722/3507/2745 2851/3508/2746
f 2851/3508/2746 2722/3507/2745 2716/3494/2734 2852/3493/2733
f 2842/3509/2747 2723/3510/2748 2724/3511/2749 2843/3512/2750
f 2843/3512/2750 2724/3511/2749 2725/3513/2751 2846/3514/2752
f 2846/3514/2752 2725/3513/2751 2726/3515/2753 2844/3516/2754
f 2844/3517/2754 2726/3518/2753 2727/3519/2755 2847/3520/2756
f 2847/3520/2756 2727/3519/2755 2728/3521/2757 2845/3522/2758
f 2845/3522/2758 2728/3521/2757 2729/3523/2759 2848/3524/2760
f 2848/3524/2760 2729/3523/2759 2723/3510/2748 2842/3509/2747
f 2837/3525/2761 2730/3526/2762 2731/3527/2763 2841/3528/2764
f 2841/3528/2764 2731/3527/2763 2732/3529/2765 2840/3530/2766
f 2840/3530/2766 2732/3529/2765 2733/3531/2767 2835/3532/2768
f 2835/3533/2768 2733/3534/2767 2734/3535/2769 2839/3536/2770
f 2839/3536/2770 2734/3535/2769 2735/3537/2771 2836/3538/2772
f 2836/3538/2772 2735/3537/2771 2736/3539/2773 2838/3540/2774
f 2838/3540/2774 2736/3539/2773 2730/3526/2762 2837/3525/2761
f 2828/3541/2775 2737/3542/2776 2738/3543/2777 2832/3544/2778
f 2832/3544/2778 2738/3543/2777 2739/3545/2779 2829/3546/2780
f 2829/3546/2780 2739/3545/2779 2740/3547/2781 2833/3548/2782
f 2833/3549/2782 2740/3550/2781 2741/3551/2783 2830/3552/2784
f 2830/3552/2784 2741/3551/2783 2742/3553/2785 2834/3554/2786
f 2834/3554/2786 2742/3553/2785 2743/3555/2787 2831/3556/2788
f 2831/3556/2788 2743/3555/2787 2737/3542/2776 2828/3541/2775
f 2824/3557/2789 2744/3558/2790 2745/3559/2791 2821/3560/2792
f 2821/3560/2792 2745/3559/2791 2746/3561/2793 2825/3562/2794
f 2825/3562/2794 2746/3561/2793 2747/3563/2795 2822/3564/2796
f 2822/3565/2796 2747/3566/2795 2748/3567/2797 2826/3568/2798
f 2826/3568/2798 2748/3567/2797 2749/3569/2799 2823/3570/2800
f 2823/3570/2800 2749/3569/2799 2750/3571/2801 2827/3572/2802
f 2827/3572/2802 2750/3571/2801 2744/3558/2790 2824/3557/2789
f 2814/3573/2803 2751/3574/2804 2752/3575/2805 2815/3576/2806
f 2815/3576/2806 2752/3575/2805 2753/3577/2807 2820/3578/2808
f 2820/3578/2808 2753/3577/2807 2754/3579/2809 2817/3580/2810
f 2817/3581/2810 2754/3582/2809 2755/3583/2811 2818/3584/2812
f 2818/3584/2812 2755/3583/2811 2756/3585/2813 2816/3586/2814
f 2816/3586/2814 2756/3585/2813 2757/3587/2815 2819/3588/2816
f 2819/3588/2816 2757/3587/2815 2751/3574/2804 2814/3573/2803
f 2782/3589/2817 2758/3590/2818 2759/3591/2819 2783/3592/2820
f 2783/3592/2820 2759/3591/2819 2760/3593/2821 2779/3594/2822
f 2779/3594/2822 2760/3593/2821 2761/3595/2823 2784/3596/2824
f 2784/3597/2824 2761/3598/2823 2762/3599/2825 2780/3600/2826
f 2780/3600/2826 2762/3599/2825 2763/3601/2827 2785/3602/2828
f 2785/3602/2828 2763/3601/2827 2764/3603/2829 2781/3604/2830
f 2781/3604/2830 2764/3603/2829 2758/3590/2818 2782/3589/2817
f 2787/3605/2831 2765/3606/2832 2766/3607/2833 2788/3608/2834
f 2788/3608/2834 2766/3607/2833 2767/3609/2835 2791/3610/2836
f 2791/3610/2836 2767/3609/2835 2768/3611/2837 2789/3612/2838
f 2789/3613/2838 2768/3614/2837 2769/3615/2839 2792/3616/2840
f 2792/3616/2840 2769/3615/2839 2770/3617/2841 2790/3618/2842
f 2790/3618/2842 2770/3617/2841 2771/3619/2843 2786/3620/2844
f 2786/3620/2844 2771/3619/2843 2765/3606/2832 2787/3605/2831
f 2796/3621/2845 2772/3622/2846 2773/3623/2847 2793/3624/2848
f 2793/3624/2848 2773/3623/2847 2774/3625/2849 2799/3626/2850
f 2799/3626/2850 2774/3625/2849 2775/3627/2851 2794/3628/2852
f 2794/3629/2852 2775/3630/2851 2776/3631/2853 2797/3632/2854
f 2797/3632/2854 2776/3631/2853 2777/3633/2855 2795/3634/2856
f 2795/3634/2856 2777/3633/2855 2778/3635/2857 2798/3636/2858
f 2798/3636/2858 2778/3635/2857 2772/3622/2846 2796/3621/2845
f 2800/3637/2859 2688/3638/2860 2689/3639/2861 2802/3640/2862
f 2802/3640/2862 2689/3639/2861 2690/3641/2863 2801/3642/2864
f 2801/3642/2864 2690/3641/2863 2691/3643/2865 2803/3644/2866
f 2803/3645/2866 2691/3646/2865 2692/3647/2867 2805/3648/2868
f 2805/3648/2868 2692/3647/2867 2693/3649/2869 2804/3650/2870
f 2804/3650/2870 2693/3649/2869 2694/3651/2871 2806/3652/2872
f 2806/3652/2872 2694/3651/2871 2688/3638/2860 2800/3637/2859
f 2757/3587/2815 2781/3604/2830 2782/3589/2817 2751/3574/2804
f 2756/3585/2813 2785/3602/2828 2781/3604/2830 2757/3587/2815
f 2755/3583/2811 2780/3600/2826 2785/3602/2828 2756/3585/2813
f 2754/3582/2809 2784/3597/2824 2780/3600/2826 2755/3583/2811
f 2753/3577/2807 2779/3594/2822 2784/3596/2824 2754/3579/2809
f 2752/3575/2805 2783/3592/2820 2779/3594/2822 2753/3577/2807
f 2751/3574/2804 2782/3589/2817 2783/3592/2820 2752/3575/2805
f 2764/3603/2829 2786/3620/2844 2787/3605/2831 2758/3590/2818
f 2763/3601/2827 2790/3618/2842 2786/3620/2844 2764/3603/2829
f 2762/3599/2825 2792/3616/2840 2790/3618/2842 2763/3601/2827
f 2761/3598/2823 2789/3613/2838 2792/3616/2840 2762/3599/2825
f 2760/3593/2821 2791/3610/2836 2789/3612/2838 2761/3595/2823
f 2759/3591/2819 2788/3608/2834 2791/3610/2836 2760/3593/2821
f 2758/3590/2818 2787/3605/2831 2788/3608/2834 2759/3591/2819
f 2771/3619/2843 2798/3636/2858 2796/3621/2845 2765/3606/2832
f 2770/3617/2841 2795/3634/2856 2798/3636/2858 2771/3619/2843
f 2769/3615/2839 2797/3632/2854 2795/3634/2856 2770/3617/2841
f 2768/3614/2837 2794/3629/2852 2797/3632/2854 2769/3615/2839
f 2767/3609/2835 2799/3626/2850 2794/3628/2852 2768/3611/2837
f 2766/3607/2833 2793/3624/2848 2799/3626/2850 2767/3609/2835
f 2765/3606/2832 2796/3621/2845 2793/3624/2848 2766/3607/2833
f 2778/3635/2857 2806/3652/2872 2800/3637/2859 2772/3622/2846
f 2777/3633/2855 2804/3650/2870 2806/3652/2872 2778/3635/2857
f 2776/3631/2853 2805/3648/2868 2804/3650/2870 2777/3633/2855
f 2775/3630/2851 2803/3645/2866 2805/3648/2868 2776/3631/2853
f 2774/3625/2849 2801/3642/2864 2803/3644/2866 2775/3627/2851
f 2773/3623/2847 2802/3640/2862 2801/3642/2864 2774/3625/2849
f 2772/3622/2846 2800/3637/2859 2802/3640/2862 2773/3623/2847
f 2694/3651/2871 2810/3460/2704 2807/3445/2691 2688/3638/2860
f 2693/3649/2869 2813/3458/2702 2810/3460/2704 2694/3651/2871
f 2692/3647/2867 2809/3456/2700 2813/3458/2702 2693/3649/2869
f 2691/3646/2865 2812/3453/2698 2809/3456/2700 2692/3647/2867
f 2690/3641/2863 2808/3450/2696 2812/3452/2698 2691/3643/2865
f 2689/3639/2861 2811/3448/2694 2808/3450/2696 2690/3641/2863
f 2688/3638/2860 2807/3445/2691 2811/3448/2694 2689/3639/2861
f 2750/3571/2801 2819/3588/2816 2814/3573/2803 2744/3558/2790
f 2749/3569/2799 2816/3586/2814 2819/3588/2816 2750/3571/2801
f 2748/3567/2797 2818/3584/2812 2816/3586/2814 2749/3569/2799
f 2747/3566/2795 2817/3581/2810 2818/3584/2812 2748/3567/2797
f 2746/3561/2793 2820/3578/2808 2817/3580/2810 2747/3563/2795
f 2745/3559/2791 2815/3576/2806 2820/3578/2808 2746/3561/2793
f 2744/3558/2790 2814/3573/2803 2815/3576/2806 2745/3559/2791
f 2743/3555/2787 2827/3572/2802 2824/3557/2789 2737/3542/2776
f 2742/3553/2785 2823/3570/2800 2827/3572/2802 2743/3555/2787
f 2741/3551/2783 2826/3568/2798 2823/3570/2800 2742/3553/2785
f 2740/3550/2781 2822/3565/2796 2826/3568/2798 2741/3551/2783
f 2739/3545/2779 2825/3562/2794 2822/3564/2796 2740/3547/2781
f 2738/3543/2777 2821/3560/2792 2825/3562/2794 2739/3545/2779
f 2737/3542/2776 2824/3557/2789 2821/3560/2792 2738/3543/2777
f 2736/3653/2773 2831/3556/2788 2828/3541/2775 2730/3654/2762
f 2735/3655/2771 2834/3554/2786 2831/3556/2788 2736/3653/2773
f 2734/3656/2769 2830/3552/2784 2834/3554/2786 2735/3655/2771
f 2733/3657/2767 2833/3549/2782 2830/3552/2784 2734/3656/2769
f 2732/3658/2765 2829/3546/2780 2833/3548/2782 2733/3659/2767
f 2731/3660/2763 2832/3544/2778 2829/3546/2780 2732/3658/2765
f 2730/3654/2762 2828/3541/2775 2832/3544/2778 2731/3660/2763
f 2729/3523/2759 2838/3540/2774 2837/3525/2761 2723/3510/2748
f 2728/3521/2757 2836/3538/2772 2838/3540/2774 2729/3523/2759
f 2727/3519/2755 2839/3536/2770 2836/3538/2772 2728/3521/2757
f 2726/3518/2753 2835/3533/2768 2839/3536/2770 2727/3519/2755
f 2725/3513/2751 2840/3530/2766 2835/3532/2768 2726/3515/2753
f 2724/3511/2749 2841/3528/2764 2840/3530/2766 2725/3513/2751
f 2723/3510/2748 2837/3525/2761 2841/3528/2764 2724/3511/2749
f 2722/3507/2745 2848/3524/2760 2842/3509/2747 2716/3494/2734
f 2721/3505/2743 2845/3522/2758 2848/3524/2760 2722/3507/2745
f 2720/3503/2741 2847/3520/2756 2845/3522/2758 2721/3505/2743
f 2719/3502/2739 2844/3517/2754 2847/3520/2756 2720/3503/2741
f 2718/3497/2737 2846/3514/2752 2844/3516/2754 2719/3499/2739
f 2717/3495/2735 2843/3512/2750 2846/3514/2752 2718/3497/2737
f 2716/3494/2734 2842/3509/2747 2843/3512/2750 2717/3495/2735
f 2715/3491/2731 2851/3508/2746 2852/3493/2733 2709/3478/2720
f 2714/3489/2729 2855/3506/2744 2851/3508/2746 2715/3491/2731
f 2713/3487/2727 2850/3504/2742 2855/3506/2744 2714/3489/2729
f 2712/3486/2725 2854/3501/2740 2850/3504/2742 2713/3487/2727
f 2711/3481/2723 2849/3498/2738 2854/3500/2740 2712/3483/2725
f 2710/3479/2721 2853/3496/2736 2849/3498/2738 2711/3481/2723
f 2709/3478/2720 2852/3493/2733 2853/3496/2736 2710/3479/2721
f 2708/3475/2717 2861/3492/2732 2857/3477/2719 2702/3462/2706
f 2707/3473/2715 2858/3490/2730 2861/3492/2732 2708/3475/2717
f 2706/3471/2713 2859/3488/2728 2858/3490/2730 2707/3473/2715
f 2705/3470/2711 2856/3485/2726 2859/3488/2728 2706/3471/2713
f 2704/3465/2709 2860/3482/2724 2856/3484/2726 2705/3467/2711
f 2703/3463/2707 2862/3480/2722 2860/3482/2724 2704/3465/2709
f 2702/3462/2706 2857/3477/2719 2862/3480/2722 2703/3463/2707
f 2701/3459/2703 2869/3476/2718 2866/3461/2705 2695/3446/2692
f 2700/3457/2701 2865/3474/2716 2869/3476/2718 2701/3459/2703
f 2699/3455/2699 2868/3472/2714 2865/3474/2716 2700/3457/2701
f 2698/3454/2697 2864/3469/2712 2868/3472/2714 2699/3455/2699
f 2697/3449/2695 2867/3466/2710 2864/3468/2712 2698/3451/2697
f 2696/3447/2693 2863/3464/2708 2867/3466/2710 2697/3449/2695
f 2695/3446/2692 2866/3461/2705 2863/3464/2708 2696/3447/2693
o Cube.007
v -1.440662 1.280738 0.117721
v -1.455029 1.449599 0.139284
v -1.440662 1.280738 -0.117721
v -1.455029 1.449599 -0.139284
v -1.283788 1.280738 0.117721
v -1.269421 1.449599 0.139284
v -1.283788 1.280738 -0.117721
v -1.269421 1.449599 -0.139284
vn -0.9964 -0.0848 -0.0000
vn -0.0000 -0.1267 -0.9919
vn 0.9964 -0.0848 -0.0000
vn -0.0000 -0.1267 0.9919
vn -0.0000 -1.0000 -0.0000
vn -0.0000 1.0000 -0.0000
vt 0.375000 0.000000
vt 0.625000 0.000000
vt 0.625000 0.250000
vt 0.375000 0.250000
vt 0.625000 0.500000
vt 0.375000 0.500000
vt 0.625000 0.750000
vt 0.375000 0.750000
vt 0.625000 1.000000
vt 0.375000 1.000000
vt 0.125000 0.500000
vt 0.125000 0.750000
vt 0.875000 0.500000
vt 0.875000 0.750000
s 1
usemtl Сталь
f 2872/3664/2874 2873/3663/2874 2877/3665/2874 2876/3666/2874
f 2874/3668/2876 2875/3667/2876 2871/3669/2876 2870/3670/2876
f 2872/3671/2877 2876/3666/2877 2874/3668/2877 2870/3672/2877
f 2877/3665/2878 2873/3673/2878 2871/3674/2878 2875/3667/2878
usemtl тени_глаза
f 2870/3661/2873 2871/3662/2873 2873/3663/2873 2872/3664/2873
f 2876/3666/2875 2877/3665/2875 2875/3667/2875 2874/3668/2875
o Cylinder.016
v 0.340674 3.272978 0.489293
v 0.340674 3.272978 0.526179
v 0.376516 3.256812 0.489293
v 0.376516 3.256812 0.526179
v 0.391362 3.217785 0.489293
v 0.391362 3.217785 0.526179
v 0.376516 3.178758 0.489293
v 0.376516 3.178758 0.526179
v 0.340674 3.162592 0.489293
v 0.340674 3.162592 0.526179
v 0.304832 3.178758 0.489293
v 0.304832 3.178758 0.526179
v 0.289986 3.217785 0.489293
v 0.289986 3.217785 0.526179
v 0.304832 3.256812 0.489293
v 0.304832 3.256812 0.526179
vn -0.0000 0.3806 -0.9247
vn -0.0000 0.3806 0.9247
vn 0.2911 0.2674 0.9186
vn 0.2911 0.2674 -0.9186
vn 0.4090 -0.0000 0.9125
vn 0.4090 -0.0000 -0.9125
vn 0.2911 -0.2674 0.9186
vn 0.2911 -0.2674 -0.9186
vn -0.0000 -0.3806 0.9247
vn -0.0000 -0.3806 -0.9247
vn -0.2911 -0.2674 0.9186
vn -0.2911 -0.2674 -0.9186
vn -0.4090 -0.0000 0.9125
vn -0.4090 -0.0000 -0.9125
vn -0.2911 0.2674 0.9186
vn -0.2911 0.2674 -0.9186
vt 1.000000 0.500000
vt 1.000000 1.000000
vt 0.875000 1.000000
vt 0.875000 0.500000
vt 0.750000 1.000000
vt 0.750000 0.500000
vt 0.625000 1.000000
vt 0.625000 0.500000
vt 0.500000 1.000000
vt 0.500000 0.500000
vt 0.375000 1.000000
vt 0.375000 0.500000
vt 0.250000 1.000000
vt 0.250000 0.500000
vt 0.419706 0.419706
vt 0.250000 0.490000
vt 0.080294 0.419706
vt 0.010000 0.250000
vt 0.080294 0.080294
vt 0.250000 0.010000
vt 0.419706 0.080294
vt 0.490000 0.250000
vt 0.125000 1.000000
vt 0.125000 0.500000
vt 0.000000 1.000000
vt 0.000000 0.500000
vt 0.750000 0.490000
vt 0.919706 0.419706
vt 0.990000 0.250000
vt 0.919706 0.080294
vt 0.750000 0.010000
vt 0.580294 0.080294
vt 0.510000 0.250000
vt 0.580294 0.419706
s 1
usemtl Глаза_обрамление
f 2878/3675/2879 2879/3676/2880 2881/3677/2881 2880/3678/2882
f 2880/3678/2882 2881/3677/2881 2883/3679/2883 2882/3680/2884
f 2882/3680/2884 2883/3679/2883 2885/3681/2885 2884/3682/2886
f 2884/3682/2886 2885/3681/2885 2887/3683/2887 2886/3684/2888
f 2886/3684/2888 2887/3683/2887 2889/3685/2889 2888/3686/2890
f 2888/3686/2890 2889/3685/2889 2891/3687/2891 2890/3688/2892
f 2881/3689/2881 2879/3690/2880 2893/3691/2893 2891/3692/2891 2889/3693/2889 2887/3694/2887 2885/3695/2885 2883/3696/2883
f 2890/3688/2892 2891/3687/2891 2893/3697/2893 2892/3698/2894
f 2892/3698/2894 2893/3697/2893 2879/3699/2880 2878/3700/2879
f 2878/3701/2879 2880/3702/2882 2882/3703/2884 2884/3704/2886 2886/3705/2888 2888/3706/2890 2890/3707/2892 2892/3708/2894
o Cylinder.017
v 0.173314 3.591766 0.086134
v 0.237169 4.106498 0.066842
v 0.105776 3.600144 0.053360
v 0.184599 4.113019 0.041332
v 0.089095 3.602213 -0.020283
v 0.171615 4.114630 -0.015990
v 0.135833 3.596416 -0.079339
v 0.207994 4.110117 -0.061958
v 0.210794 3.587116 -0.079339
v 0.266343 4.102879 -0.061958
v 0.250672 3.582549 -0.020283
v 0.302722 4.098365 -0.015990
v 0.237328 3.584158 0.047968
v 0.289739 4.099976 0.041332
v 0.223956 3.999993 0.145339
v 0.110481 4.014070 0.090274
v 0.082455 4.017547 -0.033457
v 0.160982 4.007805 -0.132682
v 0.286930 3.992181 -0.132682
v 0.365457 3.982439 -0.033457
v 0.337431 3.985916 0.090274
v 0.095722 3.723932 0.073470
v 0.072860 3.726768 -0.027460
v 0.136916 3.718821 -0.108399
v 0.239654 3.706076 -0.108399
v 0.302646 3.696899 -0.027460
v 0.279027 3.700733 0.070333
v 0.188285 3.712449 0.118387
v 0.233280 4.075153 0.126941
v 0.134080 4.087459 0.078803
v 0.109580 4.090499 -0.029363
v 0.178228 4.081983 -0.116106
v 0.288332 4.068324 -0.116106
v 0.356981 4.059807 -0.029363
v 0.332480 4.062847 0.078803
v 0.206121 3.856221 0.143328
v 0.094206 3.870104 0.089020
v 0.066565 3.873533 -0.033010
v 0.144013 3.863925 -0.130870
v 0.268228 3.848516 -0.130870
v 0.345676 3.838908 -0.033010
v 0.318035 3.842337 0.089020
vn 0.0562 0.4528 0.8898
vn 0.1168 0.9418 0.3152
vn -0.1277 0.9721 0.1965
vn -0.6342 0.5384 0.5548
vn -0.1881 0.9796 -0.0701
vn -0.8048 0.5596 -0.1980
vn -0.0189 0.9586 -0.2840
vn -0.3270 0.5003 -0.8017
vn 0.2526 0.9250 -0.2840
vn 0.4393 0.4053 -0.8017
vn 0.4218 0.9040 -0.0701
vn 0.9171 0.3460 -0.1980
vn 0.3614 0.9115 0.1965
vn 0.7466 0.3672 0.5548
vn -0.0408 -0.5420 0.8394
vn -0.7179 -0.4587 0.5237
vn -0.8790 -0.4388 -0.1868
vn -0.4278 -0.4946 -0.7565
vn 0.3065 -0.5882 -0.7484
vn 0.7242 -0.6675 -0.1730
vn 0.5883 -0.6409 0.4932
vn 0.7611 -0.1866 0.6213
vn 0.7843 0.0038 0.6203
vn 0.0123 0.0995 0.9950
vn -0.0084 -0.0894 0.9960
vn 0.9530 -0.2085 -0.2197
vn 0.9750 -0.0199 -0.2214
vn 0.4186 -0.1397 -0.8974
vn 0.4408 0.0464 -0.8964
vn -0.4396 -0.0328 -0.8976
vn -0.4161 0.1527 -0.8964
vn -0.9745 0.0335 -0.2217
vn -0.9503 0.2190 -0.2214
vn -0.7836 0.0098 0.6211
vn -0.7596 0.1953 0.6203
vn -0.0131 -0.2151 0.9765
vn -0.7845 -0.1117 0.6099
vn -0.9720 -0.0884 -0.2177
vn -0.4468 -0.1536 -0.8814
vn 0.3994 -0.2643 -0.8778
vn 0.9180 -0.3378 -0.2079
vn 0.7374 -0.3156 0.5972
vt 1.000000 0.875000
vt 1.000000 1.000000
vt 0.857143 1.000000
vt 0.857143 0.875000
vt 0.714286 1.000000
vt 0.714286 0.875000
vt 0.571429 1.000000
vt 0.571429 0.875000
vt 0.428571 1.000000
vt 0.428571 0.875000
vt 0.285714 1.000000
vt 0.285714 0.875000
vt 0.437640 0.399638
vt 0.250000 0.490000
vt 0.062360 0.399638
vt 0.016017 0.196595
vt 0.145868 0.033767
vt 0.354132 0.033767
vt 0.483983 0.196595
vt 0.142857 1.000000
vt 0.142857 0.875000
vt 0.000000 1.000000
vt 0.000000 0.875000
vt 0.750000 0.490000
vt 0.937640 0.399638
vt 0.983983 0.196595
vt 0.854132 0.033767
vt 0.645868 0.033767
vt 0.516017 0.196595
vt 0.562360 0.399638
vt 0.142857 0.687500
vt 0.142857 0.750000
vt 0.000000 0.750000
vt 0.000000 0.687500
vt 0.285714 0.687500
vt 0.285714 0.750000
vt 0.428571 0.687500
vt 0.428571 0.750000
vt 0.571429 0.687500
vt 0.571429 0.750000
vt 0.714286 0.687500
vt 0.714286 0.750000
vt 0.857143 0.687500
vt 0.857143 0.750000
vt 1.000000 0.687500
vt 1.000000 0.750000
vt 1.000000 0.500000
vt 1.000000 0.625000
vt 0.857143 0.625000
vt 0.857143 0.500000
vt 0.714286 0.625000
vt 0.714286 0.500000
vt 0.571429 0.625000
vt 0.571429 0.500000
vt 0.428571 0.625000
vt 0.428571 0.500000
vt 0.285714 0.625000
vt 0.285714 0.500000
vt 0.142857 0.625000
vt 0.142857 0.500000
vt 0.000000 0.625000
vt 0.000000 0.500000
s 1
usemtl Лампочки
f 2922/3709/2895 2895/3710/2896 2897/3711/2897 2923/3712/2898
f 2923/3712/2898 2897/3711/2897 2899/3713/2899 2924/3714/2900
f 2924/3714/2900 2899/3713/2899 2901/3715/2901 2925/3716/2902
f 2925/3716/2902 2901/3715/2901 2903/3717/2903 2926/3718/2904
f 2926/3718/2904 2903/3717/2903 2905/3719/2905 2927/3720/2906
f 2897/3721/2897 2895/3722/2896 2907/3723/2907 2905/3724/2905 2903/3725/2903 2901/3726/2901 2899/3727/2899
f 2927/3720/2906 2905/3719/2905 2907/3728/2907 2928/3729/2908
f 2928/3729/2908 2907/3728/2907 2895/3730/2896 2922/3731/2895
f 2894/3732/2909 2896/3733/2910 2898/3734/2911 2900/3735/2912 2902/3736/2913 2904/3737/2914 2906/3738/2915
f 2935/3739/2916 2914/3740/2917 2908/3741/2918 2929/3742/2919
f 2934/3743/2920 2913/3744/2921 2914/3740/2917 2935/3739/2916
f 2933/3745/2922 2912/3746/2923 2913/3744/2921 2934/3743/2920
f 2932/3747/2924 2911/3748/2925 2912/3746/2923 2933/3745/2922
f 2931/3749/2926 2910/3750/2927 2911/3748/2925 2932/3747/2924
f 2930/3751/2928 2909/3752/2929 2910/3750/2927 2931/3749/2926
f 2929/3753/2919 2908/3754/2918 2909/3752/2929 2930/3751/2928
f 2894/3755/2909 2921/3756/2930 2915/3757/2931 2896/3758/2910
f 2896/3758/2910 2915/3757/2931 2916/3759/2932 2898/3760/2911
f 2898/3760/2911 2916/3759/2932 2917/3761/2933 2900/3762/2912
f 2900/3762/2912 2917/3761/2933 2918/3763/2934 2902/3764/2913
f 2902/3764/2913 2918/3763/2934 2919/3765/2935 2904/3766/2914
f 2904/3766/2914 2919/3765/2935 2920/3767/2936 2906/3768/2915
f 2906/3768/2915 2920/3767/2936 2921/3769/2930 2894/3770/2909
f 2914/3740/2917 2928/3729/2908 2922/3731/2895 2908/3741/2918
f 2913/3744/2921 2927/3720/2906 2928/3729/2908 2914/3740/2917
f 2912/3746/2923 2926/3718/2904 2927/3720/2906 2913/3744/2921
f 2911/3748/2925 2925/3716/2902 2926/3718/2904 2912/3746/2923
f 2910/3750/2927 2924/3714/2900 2925/3716/2902 2911/3748/2925
f 2909/3752/2929 2923/3712/2898 2924/3714/2900 2910/3750/2927
f 2908/3754/2918 2922/3709/2895 2923/3712/2898 2909/3752/2929
f 2921/3756/2930 2929/3753/2919 2930/3751/2928 2915/3757/2931
f 2915/3757/2931 2930/3751/2928 2931/3749/2926 2916/3759/2932
f 2916/3759/2932 2931/3749/2926 2932/3747/2924 2917/3761/2933
f 2917/3761/2933 2932/3747/2924 2933/3745/2922 2918/3763/2934
f 2918/3763/2934 2933/3745/2922 2934/3743/2920 2919/3765/2935
f 2919/3765/2935 2934/3743/2920 2935/3739/2916 2920/3767/2936
f 2920/3767/2936 2935/3739/2916 2929/3742/2919 2921/3769/2930
o Sphere
v -0.315997 0.389456 0.012489
v -0.274908 0.319549 -0.076780
v -0.259868 0.224056 -0.109455
v -0.274908 0.128562 -0.076780
v -0.315997 0.058656 0.012489
v -0.281307 0.389456 0.087855
v -0.214822 0.319550 0.053757
v -0.190487 0.224056 0.041276
v -0.214822 0.128562 0.053757
v -0.281307 0.058656 0.087855
v -0.281307 0.389456 0.181012
v -0.214822 0.319550 0.215110
v -0.190487 0.224056 0.227591
v -0.214822 0.128562 0.215110
v -0.281307 0.058656 0.181012
v -0.315997 0.389456 0.256378
v -0.274908 0.319550 0.345647
v -0.259868 0.224056 0.378322
v -0.274908 0.128562 0.345647
v -0.315997 0.058656 0.256378
v -0.372127 0.389456 0.285165
v -0.372127 0.319550 0.395508
v -0.372127 0.224056 0.435897
v -0.372127 0.128562 0.395508
v -0.372127 0.058656 0.285165
v -0.372127 0.033068 0.134434
v -0.372127 0.415043 0.134433
v -0.428257 0.389456 0.256378
v -0.469347 0.319550 0.345647
v -0.484387 0.224056 0.378322
v -0.469347 0.128562 0.345647
v -0.428257 0.058656 0.256378
v -0.462947 0.389456 0.181012
v -0.529432 0.319550 0.215110
v -0.553767 0.224056 0.227591
v -0.529432 0.128562 0.215110
v -0.462947 0.058656 0.181012
v -0.462947 0.389456 0.087855
v -0.529432 0.319550 0.053757
v -0.553767 0.224056 0.041276
v -0.529432 0.128562 0.053757
v -0.462947 0.058656 0.087855
v -0.428257 0.389456 0.012489
v -0.469347 0.319549 -0.076780
v -0.484387 0.224056 -0.109455
v -0.469347 0.128562 -0.076780
v -0.428257 0.058656 0.012489
v -0.372127 0.389456 -0.016298
v -0.372127 0.319549 -0.126641
v -0.372127 0.224056 -0.167030
v -0.372127 0.128562 -0.126641
v -0.372127 0.058656 -0.016298
vn -0.0000 -0.9275 -0.3738
vn -0.0000 -0.6527 -0.7576
vn 0.6175 -0.5734 -0.5384
vn 0.3349 -0.8958 -0.2921
vn -0.0000 -0.0000 -1.0000
vn -0.0000 0.6527 -0.7576
vn 0.6175 0.5734 -0.5384
vn 0.7537 -0.0000 -0.6572
vn -0.0000 0.9275 -0.3738
vn -0.0000 1.0000 -0.0000
vn 0.3349 0.8958 -0.2921
vn -0.0000 -1.0000 -0.0000
vn 0.8538 0.4900 -0.1758
vn 0.9795 -0.0000 -0.2016
vn 0.5147 0.8508 -0.1059
vn 0.5147 -0.8508 -0.1059
vn 0.8538 -0.4900 -0.1758
vn 0.5147 0.8508 0.1059
vn 0.5147 -0.8508 0.1059
vn 0.9795 -0.0000 0.2016
vn 0.8538 -0.4900 0.1758
vn 0.8538 0.4900 0.1758
vn 0.3349 -0.8958 0.2921
vn 0.7537 -0.0000 0.6572
vn 0.6175 -0.5734 0.5384
vn 0.3349 0.8958 0.2921
vn 0.6175 0.5734 0.5384
vn -0.0000 -0.9275 0.3738
vn -0.0000 -0.0000 1.0000
vn -0.0000 -0.6527 0.7576
vn -0.0000 0.9275 0.3738
vn -0.0000 0.6527 0.7576
vn -0.3349 -0.8958 0.2921
vn -0.7537 -0.0000 0.6572
vn -0.6175 -0.5734 0.5384
vn -0.3349 0.8958 0.2921
vn -0.6175 0.5734 0.5384
vn -0.9795 -0.0000 0.2016
vn -0.8538 -0.4900 0.1758
vn -0.5147 0.8508 0.1059
vn -0.8538 0.4900 0.1758
vn -0.5147 -0.8508 0.1059
vn -0.5147 0.8508 -0.1059
vn -0.8538 0.4900 -0.1758
vn -0.8538 -0.4900 -0.1758
vn -0.5147 -0.8508 -0.1059
vn -0.9795 -0.0000 -0.2016
vn -0.6175 -0.5734 -0.5384
vn -0.3349 -0.8958 -0.2921
vn -0.6175 0.5734 -0.5384
vn -0.7537 -0.0000 -0.6572
vn -0.3349 0.8958 -0.2921
vt 0.700000 0.166667
vt 0.700000 0.333333
vt 0.600000 0.333333
vt 0.600000 0.166667
vt 0.700000 0.500000
vt 0.700000 0.666667
vt 0.600000 0.666667
vt 0.600000 0.500000
vt 0.700000 0.833333
vt 0.650000 1.000000
vt 0.600000 0.833333
vt 0.650000 0.000000
vt 0.500000 0.666667
vt 0.500000 0.500000
vt 0.550000 1.000000
vt 0.500000 0.833333
vt 0.550000 0.000000
vt 0.500000 0.166667
vt 0.500000 0.333333
vt 0.450000 1.000000
vt 0.400000 0.833333
vt 0.450000 0.000000
vt 0.400000 0.166667
vt 0.400000 0.500000
vt 0.400000 0.333333
vt 0.400000 0.666667
vt 0.350000 0.000000
vt 0.300000 0.166667
vt 0.300000 0.500000
vt 0.300000 0.333333
vt 0.300000 0.833333
vt 0.300000 0.666667
vt 0.350000 1.000000
vt 0.250000 0.000000
vt 0.200000 0.166667
vt 0.200000 0.500000
vt 0.200000 0.333333
vt 0.200000 0.833333
vt 0.200000 0.666667
vt 0.250000 1.000000
vt 0.150000 0.000000
vt 0.100000 0.166667
vt 0.100000 0.500000
vt 0.100000 0.333333
vt 0.100000 0.833333
vt 0.100000 0.666667
vt 0.150000 1.000000
vt 0.000000 0.500000
vt 0.000000 0.333333
vt 0.000000 0.833333
vt 0.000000 0.666667
vt 0.000000 0.166667
vt 0.050000 1.000000
vt 0.050000 0.000000
vt 1.000000 0.666667
vt 1.000000 0.833333
vt 0.900000 0.833333
vt 0.900000 0.666667
vt 1.000000 0.166667
vt 1.000000 0.333333
vt 0.900000 0.333333
vt 0.900000 0.166667
vt 1.000000 0.500000
vt 0.900000 0.500000
vt 0.950000 1.000000
vt 0.950000 0.000000
vt 0.800000 0.333333
vt 0.800000 0.166667
vt 0.800000 0.666667
vt 0.800000 0.500000
vt 0.850000 1.000000
vt 0.800000 0.833333
vt 0.850000 0.000000
vt 0.750000 1.000000
vt 0.750000 0.000000
s 1
usemtl Глаза_обрамление
f 2987/3771/2937 2986/3772/2938 2939/3773/2939 2940/3774/2940
f 2985/3775/2941 2984/3776/2942 2937/3777/2943 2938/3778/2944
f 2983/3779/2945 2962/3780/2946 2936/3781/2947
f 2961/3782/2948 2987/3771/2937 2940/3774/2940
f 2986/3772/2938 2985/3775/2941 2938/3778/2944 2939/3773/2939
f 2984/3776/2942 2983/3779/2945 2936/3781/2947 2937/3777/2943
f 2938/3778/2944 2937/3777/2943 2942/3783/2949 2943/3784/2950
f 2936/3781/2947 2962/3785/2946 2941/3786/2951
f 2961/3787/2948 2940/3774/2940 2945/3788/2952
f 2939/3773/2939 2938/3778/2944 2943/3784/2950 2944/3789/2953
f 2937/3777/2943 2936/3781/2947 2941/3786/2951 2942/3783/2949
f 2940/3774/2940 2939/3773/2939 2944/3789/2953 2945/3788/2952
f 2941/3786/2951 2962/3790/2946 2946/3791/2954
f 2961/3792/2948 2945/3788/2952 2950/3793/2955
f 2944/3789/2953 2943/3784/2950 2948/3794/2956 2949/3795/2957
f 2942/3783/2949 2941/3786/2951 2946/3791/2954 2947/3796/2958
f 2945/3788/2952 2944/3789/2953 2949/3795/2957 2950/3793/2955
f 2943/3784/2950 2942/3783/2949 2947/3796/2958 2948/3794/2956
f 2961/3797/2948 2950/3793/2955 2955/3798/2959
f 2949/3795/2957 2948/3794/2956 2953/3799/2960 2954/3800/2961
f 2947/3796/2958 2946/3791/2954 2951/3801/2962 2952/3802/2963
f 2950/3793/2955 2949/3795/2957 2954/3800/2961 2955/3798/2959
f 2948/3794/2956 2947/3796/2958 2952/3802/2963 2953/3799/2960
f 2946/3791/2954 2962/3803/2946 2951/3801/2962
f 2961/3804/2948 2955/3798/2959 2960/3805/2964
f 2954/3800/2961 2953/3799/2960 2958/3806/2965 2959/3807/2966
f 2952/3802/2963 2951/3801/2962 2956/3808/2967 2957/3809/2968
f 2955/3798/2959 2954/3800/2961 2959/3807/2966 2960/3805/2964
f 2953/3799/2960 2952/3802/2963 2957/3809/2968 2958/3806/2965
f 2951/3801/2962 2962/3810/2946 2956/3808/2967
f 2961/3811/2948 2960/3805/2964 2967/3812/2969
f 2959/3807/2966 2958/3806/2965 2965/3813/2970 2966/3814/2971
f 2957/3809/2968 2956/3808/2967 2963/3815/2972 2964/3816/2973
f 2960/3805/2964 2959/3807/2966 2966/3814/2971 2967/3812/2969
f 2958/3806/2965 2957/3809/2968 2964/3816/2973 2965/3813/2970
f 2956/3808/2967 2962/3817/2946 2963/3815/2972
f 2966/3814/2971 2965/3813/2970 2970/3818/2974 2971/3819/2975
f 2964/3816/2973 2963/3815/2972 2968/3820/2976 2969/3821/2977
f 2967/3812/2969 2966/3814/2971 2971/3819/2975 2972/3822/2978
f 2965/3813/2970 2964/3816/2973 2969/3821/2977 2970/3818/2974
f 2963/3815/2972 2962/3823/2946 2968/3820/2976
f 2961/3824/2948 2967/3812/2969 2972/3822/2978
f 2969/3825/2977 2968/3826/2976 2973/3827/2979 2974/3828/2980
f 2972/3829/2978 2971/3830/2975 2976/3831/2981 2977/3832/2982
f 2970/3833/2974 2969/3825/2977 2974/3828/2980 2975/3834/2983
f 2968/3826/2976 2962/3835/2946 2973/3827/2979
f 2961/3836/2948 2972/3829/2978 2977/3832/2982
f 2971/3830/2975 2970/3833/2974 2975/3834/2983 2976/3831/2981
f 2977/3832/2982 2976/3831/2981 2981/3837/2984 2982/3838/2985
f 2975/3834/2983 2974/3828/2980 2979/3839/2986 2980/3840/2987
f 2973/3827/2979 2962/3841/2946 2978/3842/2988
f 2961/3843/2948 2977/3832/2982 2982/3838/2985
f 2976/3831/2981 2975/3834/2983 2980/3840/2987 2981/3837/2984
f 2974/3828/2980 2973/3827/2979 2978/3842/2988 2979/3839/2986
f 2982/3838/2985 2981/3837/2984 2986/3772/2938 2987/3771/2937
f 2980/3840/2987 2979/3839/2986 2984/3776/2942 2985/3775/2941
f 2978/3842/2988 2962/3844/2946 2983/3779/2945
f 2961/3845/2948 2982/3838/2985 2987/3771/2937
f 2981/3837/2984 2980/3840/2987 2985/3775/2941 2986/3772/2938
f 2979/3839/2986 2978/3842/2988 2983/3779/2945 2984/3776/2942
o Cube.006
v -1.630252 1.280738 0.117444
v -1.655705 1.449599 0.139284
v -1.630252 1.280738 -0.117443
v -1.655705 1.449599 -0.139284
v -1.473748 1.280738 0.117444
v -1.470097 1.449599 0.139284
v -1.473748 1.280738 -0.117443
v -1.470097 1.449599 -0.139284
vn -0.9888 -0.1491 -0.0000
vn -0.0000 -0.1283 -0.9917
vn 0.9998 -0.0216 -0.0000
vn -0.0000 -0.1283 0.9917
vn -0.0000 -1.0000 -0.0000
vn -0.0000 1.0000 -0.0000
vt 0.375000 0.000000
vt 0.625000 0.000000
vt 0.625000 0.250000
vt 0.375000 0.250000
vt 0.625000 0.500000
vt 0.375000 0.500000
vt 0.625000 0.750000
vt 0.375000 0.750000
vt 0.625000 1.000000
vt 0.375000 1.000000
vt 0.125000 0.500000
vt 0.125000 0.750000
vt 0.875000 0.500000
vt 0.875000 0.750000
s 1
usemtl Сталь
f 2990/3849/2990 2991/3848/2990 2995/3850/2990 2994/3851/2990
f 2992/3853/2992 2993/3852/2992 2989/3854/2992 2988/3855/2992
f 2990/3856/2993 2994/3851/2993 2992/3853/2993 2988/3857/2993
f 2995/3850/2994 2991/3858/2994 2989/3859/2994 2993/3852/2994
usemtl тени_глаза
f 2988/3846/2989 2989/3847/2989 2991/3848/2989 2990/3849/2989
f 2994/3851/2991 2995/3850/2991 2993/3852/2991 2992/3853/2991
o Cube.001
v -0.589745 0.963909 0.427568
v -0.596559 1.289500 0.427568
v -0.596559 0.963909 -0.427568
v -0.596559 1.289500 -0.427568
v 0.589745 0.963909 0.427568
v 0.596559 1.289500 0.427568
v 0.596559 0.963909 -0.427568
v 0.596559 1.289500 -0.427568
v -0.057979 0.963909 -0.427568
v -0.057979 1.080124 -0.427568
v 0.048101 1.080124 -0.427568
v 0.048101 0.963909 -0.427568
v -0.063089 0.963909 0.427568
v -0.057979 1.080124 0.427568
v 0.048101 1.080124 0.427568
v 0.053211 0.963909 0.427568
vn -0.2456 -0.9059 0.3449
vn -0.2477 0.9052 0.3454
vn -0.2478 0.9054 -0.3447
vn -0.2474 -0.9057 -0.3441
vn 0.1765 -0.6508 -0.7384
vn 0.2465 -0.9063 -0.3432
vn 0.2474 -0.9057 -0.3441
vn 0.2478 0.9054 -0.3447
vn 0.2477 0.9052 0.3454
vn 0.2456 -0.9059 0.3449
vn -0.1766 -0.6512 0.7380
vn -0.2451 -0.9059 0.3453
vn -0.2465 -0.9063 -0.3432
vn 0.2451 -0.9059 0.3453
vn 0.1766 -0.6512 0.7380
vn -0.1765 -0.6508 -0.7384
vt 0.375000 0.000000
vt 0.625000 0.000000
vt 0.625000 0.250000
vt 0.375000 0.250000
vt 0.464234 0.362851
vt 0.375000 0.362851
vt 0.375000 0.500000
vt 0.625000 0.500000
vt 0.625000 0.750000
vt 0.375000 0.750000
vt 0.464234 0.864921
vt 0.375000 0.864921
vt 0.260079 0.500000
vt 0.260079 0.750000
vt 0.237851 0.750000
vt 0.125000 0.750000
vt 0.125000 0.500000
vt 0.237851 0.500000
vt 0.875000 0.500000
vt 0.875000 0.750000
vt 0.565564 0.203304
vt 0.625000 0.203304
vt 0.625000 0.046696
vt 0.565564 0.046696
vt 0.565564 0.703304
vt 0.625000 0.703304
vt 0.625000 0.546696
vt 0.565564 0.546696
vt 0.875000 0.546696
vt 0.625000 0.546696
vt 0.875000 0.703304
vt 0.625000 1.000000
vt 0.464234 0.887149
vt 0.375000 1.000000
vt 0.375000 0.887149
vt 0.464234 0.385079
vt 0.375000 0.385079
s 1
usemtl Штаны
f 2996/3860/2995 2997/3861/2996 2999/3862/2997 2998/3863/2998
f 2998/3863/2998 2999/3862/2997 3005/3864/2999 3004/3865/3000
f 3002/3866/3001 3003/3867/3002 3001/3868/3003 3000/3869/3004
f 3000/3869/3004 3001/3868/3003 3010/3870/3005 3011/3871/3006
f 3003/3867/3002 2999/3878/2997 2997/3879/2996 3001/3868/3003
f 3010/3870/3005 3001/3868/3003 2997/3891/2996 3009/3892/3009
f 3009/3892/3009 2997/3891/2996 2996/3893/2995 3008/3894/3008
f 3005/3864/2999 2999/3862/2997 3003/3867/3002 3006/3895/3010
f 3006/3895/3010 3003/3867/3002 3002/3866/3001 3007/3896/3007
usemtl тень_штаны
f 3007/3872/3007 3002/3866/3001 3000/3869/3004 3011/3873/3006
f 3008/3874/3008 2996/3875/2995 2998/3876/2998 3004/3877/3000
f 3004/3880/3000 3005/3881/2999 3009/3882/3009 3008/3883/3008
f 3011/3884/3006 3010/3885/3005 3006/3886/3010 3007/3887/3007
f 3005/3888/2999 3006/3889/3010 3010/3885/3005 3009/3890/3009
o Torus.001
v -0.085930 3.225536 0.520011
v -0.092180 3.225536 0.535100
v -0.107270 3.225536 0.541350
v -0.122359 3.225536 0.535100
v -0.128609 3.225536 0.520011
v -0.122359 3.225536 0.504922
v -0.107270 3.225536 0.498672
v -0.092180 3.225536 0.504922
v -0.094920 3.291947 0.520011
v -0.100917 3.290077 0.535100
v -0.115395 3.285561 0.541350
v -0.129873 3.281046 0.535100
v -0.135870 3.279176 0.520011
v -0.129873 3.281046 0.504922
v -0.115395 3.285561 0.498672
v -0.100917 3.290077 0.504922
v -0.121161 3.352978 0.520011
v -0.126419 3.349389 0.535100
v -0.139112 3.340724 0.541350
v -0.151806 3.332059 0.535100
v -0.157064 3.328470 0.520011
v -0.151806 3.332059 0.504922
v -0.139112 3.340724 0.498672
v -0.126419 3.349389 0.504922
v -0.162527 3.403685 0.520011
v -0.166619 3.398668 0.535100
v -0.176501 3.386555 0.541350
v -0.186382 3.374442 0.535100
v -0.190475 3.369425 0.520011
v -0.186382 3.374442 0.504922
v -0.176501 3.386555 0.498672
v -0.166619 3.398668 0.504922
v -0.215666 3.439959 0.520011
v -0.218263 3.433920 0.535100
v -0.224531 3.419341 0.541350
v -0.230799 3.404762 0.535100
v -0.233396 3.398723 0.520011
v -0.230799 3.404762 0.504922
v -0.224531 3.419341 0.498672
v -0.218263 3.433920 0.504922
v -0.276275 3.458861 0.520011
v -0.277165 3.452290 0.535100
v -0.279312 3.436426 0.541350
v -0.281460 3.420562 0.535100
v -0.282349 3.413991 0.520011
v -0.281460 3.420562 0.504922
v -0.279312 3.436426 0.498672
v -0.277165 3.452290 0.504922
v -0.339443 3.458861 0.520011
v -0.338553 3.452290 0.535100
v -0.336406 3.436426 0.541350
v -0.334258 3.420562 0.535100
v -0.333369 3.413991 0.520011
v -0.334258 3.420562 0.504922
v -0.336406 3.436426 0.498672
v -0.338553 3.452290 0.504922
v -0.400051 3.439959 0.520011
v -0.397455 3.433920 0.535100
v -0.391187 3.419341 0.541350
v -0.384919 3.404762 0.535100
v -0.382322 3.398723 0.520011
v -0.384919 3.404762 0.504922
v -0.391187 3.419341 0.498672
v -0.397455 3.433920 0.504922
v -0.453191 3.403685 0.520011
v -0.449098 3.398668 0.535100
v -0.439217 3.386555 0.541350
v -0.429336 3.374443 0.535100
v -0.425243 3.369425 0.520011
v -0.429336 3.374443 0.504922
v -0.439217 3.386555 0.498672
v -0.449098 3.398668 0.504922
v -0.494557 3.352978 0.520011
v -0.489299 3.349389 0.535100
v -0.476605 3.340724 0.541350
v -0.463912 3.332059 0.535100
v -0.458654 3.328470 0.520011
v -0.463912 3.332059 0.504922
v -0.476605 3.340724 0.498672
v -0.489299 3.349389 0.504922
v -0.520798 3.291947 0.520011
v -0.514801 3.290077 0.535100
v -0.500323 3.285561 0.541350
v -0.485845 3.281046 0.535100
v -0.479848 3.279176 0.520011
v -0.485845 3.281046 0.504922
v -0.500323 3.285561 0.498672
v -0.514801 3.290077 0.504922
v -0.529788 3.225536 0.520011
v -0.523538 3.225536 0.535100
v -0.508448 3.225536 0.541350
v -0.493359 3.225536 0.535100
v -0.487109 3.225536 0.520011
v -0.493359 3.225536 0.504922
v -0.508448 3.225536 0.498672
v -0.523538 3.225536 0.504922
v -0.520798 3.159124 0.520011
v -0.514801 3.160995 0.535100
v -0.500323 3.165510 0.541350
v -0.485845 3.170025 0.535100
v -0.479848 3.171896 0.520011
v -0.485845 3.170025 0.504922
v -0.500323 3.165510 0.498672
v -0.514801 3.160995 0.504922
v -0.494557 3.098093 0.520011
v -0.489299 3.101682 0.535100
v -0.476605 3.110347 0.541350
v -0.463912 3.119012 0.535100
v -0.458654 3.122601 0.520011
v -0.463912 3.119012 0.504922
v -0.476605 3.110347 0.498672
v -0.489299 3.101682 0.504922
v -0.453191 3.047387 0.520011
v -0.449098 3.052404 0.535100
v -0.439217 3.064516 0.541350
v -0.429336 3.076629 0.535100
v -0.425243 3.081646 0.520011
v -0.429336 3.076629 0.504922
v -0.439217 3.064516 0.498672
v -0.449098 3.052404 0.504922
v -0.400051 3.011113 0.520011
v -0.397455 3.017151 0.535100
v -0.391187 3.031730 0.541350
v -0.384919 3.046309 0.535100
v -0.382322 3.052348 0.520011
v -0.384919 3.046309 0.504922
v -0.391187 3.031730 0.498672
v -0.397455 3.017151 0.504922
v -0.339443 2.992210 0.520011
v -0.338553 2.998781 0.535100
v -0.336406 3.014645 0.541350
v -0.334258 3.030509 0.535100
v -0.333369 3.037080 0.520011
v -0.334258 3.030509 0.504922
v -0.336406 3.014645 0.498672
v -0.338553 2.998781 0.504922
v -0.276275 2.992210 0.520011
v -0.277165 2.998781 0.535100
v -0.279312 3.014645 0.541350
v -0.281460 3.030509 0.535100
v -0.282349 3.037080 0.520011
v -0.281460 3.030509 0.504922
v -0.279312 3.014645 0.498672
v -0.277165 2.998781 0.504922
v -0.215666 3.011113 0.520011
v -0.218263 3.017151 0.535100
v -0.224531 3.031730 0.541350
v -0.230799 3.046309 0.535100
v -0.233396 3.052348 0.520011
v -0.230799 3.046309 0.504922
v -0.224531 3.031730 0.498672
v -0.218263 3.017151 0.504922
v -0.162527 3.047386 0.520011
v -0.166620 3.052404 0.535100
v -0.176501 3.064516 0.541350
v -0.186382 3.076629 0.535100
v -0.190475 3.081646 0.520011
v -0.186382 3.076629 0.504922
v -0.176501 3.064516 0.498672
v -0.166620 3.052404 0.504922
v -0.121161 3.098093 0.520011
v -0.126419 3.101682 0.535100
v -0.139112 3.110347 0.541350
v -0.151806 3.119012 0.535100
v -0.157064 3.122601 0.520011
v -0.151806 3.119012 0.504922
v -0.139112 3.110347 0.498672
v -0.126419 3.101682 0.504922
v -0.094920 3.159124 0.520011
v -0.100917 3.160995 0.535100
v -0.115395 3.165510 0.541350
v -0.129873 3.170025 0.535100
v -0.135870 3.171896 0.520011
v -0.129873 3.170025 0.504922
v -0.115395 3.165510 0.498672
v -0.100917 3.160995 0.504922
v -0.510418 3.323209 0.520011
v -0.471464 3.304426 0.520011
v -0.504714 3.320458 0.535100
v -0.477169 3.307177 0.504922
v -0.490941 3.313818 0.541350
v -0.490941 3.313818 0.498672
v -0.477169 3.307177 0.535100
v -0.504714 3.320458 0.504922
v -0.476151 3.379508 0.520011
v -0.443787 3.349898 0.520011
v -0.471412 3.375172 0.535100
v -0.448527 3.354235 0.504922
v -0.459969 3.364703 0.541350
v -0.459969 3.364703 0.498672
v -0.448527 3.354235 0.535100
v -0.471412 3.375172 0.504922
v -0.428250 3.423334 0.520011
v -0.405098 3.385296 0.520011
v -0.424860 3.417763 0.535100
v -0.408489 3.390866 0.504922
v -0.416674 3.404315 0.541350
v -0.416674 3.404315 0.498672
v -0.408489 3.390866 0.535100
v -0.424860 3.417763 0.504922
v -0.370596 3.451134 0.520011
v -0.358531 3.407750 0.520011
v -0.368829 3.444781 0.535100
v -0.360298 3.414104 0.504922
v -0.364564 3.429442 0.541350
v -0.364564 3.429442 0.498672
v -0.360298 3.414104 0.535100
v -0.368829 3.444781 0.504922
v -0.307859 3.460659 0.520011
v -0.307859 3.415443 0.520011
v -0.307859 3.454037 0.535100
v -0.307859 3.422064 0.504922
v -0.307859 3.438051 0.541350
v -0.307859 3.438051 0.498672
v -0.307859 3.422064 0.535100
v -0.307859 3.454037 0.504922
v -0.245122 3.451134 0.520011
v -0.257187 3.407750 0.520011
v -0.246889 3.444781 0.535100
v -0.255420 3.414104 0.504922
v -0.251154 3.429442 0.541350
v -0.251154 3.429442 0.498672
v -0.255420 3.414104 0.535100
v -0.246889 3.444781 0.504922
v -0.187468 3.423334 0.520011
v -0.210620 3.385296 0.520011
v -0.190858 3.417763 0.535100
v -0.207229 3.390866 0.504922
v -0.199044 3.404315 0.541350
v -0.199044 3.404315 0.498672
v -0.207229 3.390866 0.535100
v -0.190858 3.417763 0.504922
v -0.139567 3.379508 0.520011
v -0.171931 3.349898 0.520011
v -0.144306 3.375172 0.535100
v -0.167191 3.354235 0.504922
v -0.155749 3.364703 0.541350
v -0.155749 3.364703 0.498672
v -0.167191 3.354235 0.535100
v -0.144306 3.375172 0.504922
v -0.105163 3.322894 0.520011
v -0.144143 3.304171 0.520011
v -0.110872 3.320152 0.535100
v -0.138435 3.306913 0.504922
v -0.124653 3.313533 0.541350
v -0.124653 3.313533 0.498672
v -0.138435 3.306913 0.535100
v -0.110872 3.320152 0.504922
v -0.087443 3.258997 0.520011
v -0.129831 3.252562 0.520011
v -0.093651 3.258055 0.535100
v -0.123623 3.253505 0.504922
v -0.108637 3.255780 0.541350
v -0.108637 3.255780 0.498672
v -0.123623 3.253505 0.535100
v -0.093651 3.258055 0.504922
v -0.093651 3.193017 0.535100
v -0.108637 3.195292 0.541350
v -0.108637 3.195292 0.498672
v -0.123623 3.197567 0.535100
v -0.093651 3.193017 0.504922
v -0.123623 3.197567 0.504922
v -0.087443 3.192074 0.520011
v -0.129831 3.198509 0.520011
v -0.105300 3.127862 0.520011
v -0.144254 3.146646 0.520011
v -0.111005 3.130613 0.535100
v -0.138549 3.143895 0.504922
v -0.124777 3.137254 0.541350
v -0.124777 3.137254 0.498672
v -0.138549 3.143895 0.535100
v -0.111005 3.130613 0.504922
v -0.139567 3.071563 0.520011
v -0.171931 3.101173 0.520011
v -0.144306 3.075899 0.535100
v -0.167191 3.096837 0.504922
v -0.155749 3.086368 0.541350
v -0.155749 3.086368 0.498672
v -0.167191 3.096837 0.535100
v -0.144306 3.075899 0.504922
v -0.187468 3.027738 0.520011
v -0.210620 3.065776 0.520011
v -0.190858 3.033308 0.535100
v -0.207229 3.060205 0.504922
v -0.199044 3.046757 0.541350
v -0.199044 3.046757 0.498672
v -0.207229 3.060205 0.535100
v -0.190858 3.033308 0.504922
v -0.245122 2.999937 0.520011
v -0.257187 3.043321 0.520011
v -0.246889 3.006291 0.535100
v -0.255420 3.036968 0.504922
v -0.251154 3.021629 0.541350
v -0.251154 3.021629 0.498672
v -0.255420 3.036968 0.535100
v -0.246889 3.006291 0.504922
v -0.307859 2.990413 0.520011
v -0.307859 3.035629 0.520011
v -0.307859 2.997035 0.535100
v -0.307859 3.029007 0.504922
v -0.307859 3.013021 0.541350
v -0.307859 3.013021 0.498672
v -0.307859 3.029007 0.535100
v -0.307859 2.997035 0.504922
v -0.370596 2.999937 0.520011
v -0.358531 3.043321 0.520011
v -0.368829 3.006291 0.535100
v -0.360298 3.036968 0.504922
v -0.364564 3.021629 0.541350
v -0.364564 3.021629 0.498672
v -0.360298 3.036968 0.535100
v -0.368829 3.006291 0.504922
v -0.428250 3.027738 0.520011
v -0.405098 3.065776 0.520011
v -0.424860 3.033309 0.535100
v -0.408489 3.060205 0.504922
v -0.416674 3.046757 0.541350
v -0.416674 3.046757 0.498672
v -0.408489 3.060205 0.535100
v -0.424860 3.033309 0.504922
v -0.476151 3.071563 0.520011
v -0.443787 3.101173 0.520011
v -0.471412 3.075899 0.535100
v -0.448527 3.096837 0.504922
v -0.459969 3.086368 0.541350
v -0.459969 3.086368 0.498672
v -0.448527 3.096837 0.535100
v -0.471412 3.075899 0.504922
v -0.510418 3.127862 0.520011
v -0.471464 3.146646 0.520011
v -0.504714 3.130613 0.535100
v -0.477169 3.143895 0.504922
v -0.490941 3.137254 0.541350
v -0.490941 3.137254 0.498672
v -0.477169 3.143895 0.535100
v -0.504714 3.130613 0.504922
v -0.528275 3.192074 0.520011
v -0.485887 3.198509 0.520011
v -0.522067 3.193017 0.535100
v -0.492095 3.197567 0.504922
v -0.507081 3.195292 0.541350
v -0.507081 3.195292 0.498672
v -0.492095 3.197567 0.535100
v -0.522067 3.193017 0.504922
v -0.528275 3.258997 0.520011
v -0.485887 3.252562 0.520011
v -0.522067 3.258055 0.535100
v -0.492095 3.253505 0.504922
v -0.507081 3.255780 0.541350
v -0.507081 3.255780 0.498672
v -0.492095 3.253505 0.535100
v -0.522067 3.258055 0.504922
v -0.353154 3.216790 0.520011
v -0.338959 3.252278 0.520011
vn 0.9910 0.1336 -0.0000
vn 0.9634 0.2680 -0.0000
vn 0.6855 0.1907 0.7026
vn 0.7106 0.0958 0.6970
vn 0.0118 0.0033 0.9999
vn 0.0226 0.0031 0.9997
vn -0.6736 -0.1874 0.7149
vn -0.6878 -0.0927 0.7200
vn -0.8547 -0.2378 0.4615
vn -0.8864 -0.1195 0.4472
vn -0.8864 -0.1196 0.4472
vn -0.8546 -0.2378 0.4616
vn -0.6736 -0.1874 -0.7149
vn -0.6878 -0.0927 -0.7200
vn 0.0118 0.0033 -0.9999
vn 0.0226 0.0031 -0.9997
vn 0.6855 0.1907 -0.7026
vn 0.7106 0.0958 -0.6970
vn 0.9196 0.3929 -0.0000
vn 0.8539 0.5205 -0.0000
vn 0.6048 0.3687 0.7059
vn 0.6561 0.2804 0.7007
vn 0.0123 0.0076 0.9999
vn 0.0195 0.0083 0.9998
vn -0.5921 -0.3610 0.7205
vn -0.6363 -0.2719 0.7220
vn -0.7568 -0.4614 0.4631
vn -0.8202 -0.3505 0.4521
vn -0.8202 -0.3506 0.4522
vn -0.7567 -0.4614 0.4631
vn -0.5921 -0.3610 -0.7205
vn -0.6363 -0.2719 -0.7220
vn 0.0123 0.0076 -0.9999
vn 0.0195 0.0083 -0.9998
vn 0.6048 0.3687 -0.7059
vn 0.6561 0.2804 -0.7007
vn 0.7759 0.6309 -0.0000
vn 0.6740 0.7387 -0.0000
vn 0.4742 0.5199 0.7105
vn 0.5488 0.4463 0.7069
vn 0.0113 0.0125 0.9999
vn 0.0142 0.0116 0.9998
vn -0.4623 -0.5068 0.7276
vn -0.5340 -0.4342 0.7255
vn -0.5963 -0.6538 0.4658
vn -0.6886 -0.5600 0.4607
vn -0.6885 -0.5600 0.4608
vn -0.4623 -0.5068 -0.7276
vn -0.5340 -0.4342 -0.7255
vn 0.0113 0.0125 -0.9999
vn 0.0142 0.0116 -0.9998
vn 0.4742 0.5199 -0.7105
vn 0.5488 0.4463 -0.7069
vn 0.5649 0.8252 -0.0000
vn 0.4332 0.9013 -0.0000
vn 0.3029 0.6303 0.7148
vn 0.3956 0.5779 0.7138
vn 0.0081 0.0171 0.9998
vn 0.0087 0.0127 0.9999
vn -0.2941 -0.6119 0.7342
vn -0.3864 -0.5645 0.7294
vn -0.3827 -0.7964 0.4683
vn -0.4984 -0.7282 0.4704
vn -0.4984 -0.7282 0.4705
vn -0.3826 -0.7964 0.4684
vn -0.2941 -0.6119 -0.7342
vn -0.3864 -0.5645 -0.7294
vn 0.0081 0.0171 -0.9998
vn 0.0087 0.0127 -0.9999
vn 0.3029 0.6303 -0.7148
vn 0.3956 0.5779 -0.7138
vn 0.2984 0.9544 -0.0000
vn 0.1496 0.9887 -0.0000
vn 0.1042 0.6888 0.7174
vn 0.2073 0.6632 0.7192
vn 0.0030 0.0200 0.9998
vn 0.0039 0.0125 0.9999
vn -0.1009 -0.6670 0.7382
vn -0.2031 -0.6496 0.7326
vn -0.1320 -0.8728 0.4699
vn -0.2621 -0.8383 0.4780
vn -0.2620 -0.8383 0.4781
vn -0.1320 -0.8728 0.4700
vn -0.1009 -0.6670 -0.7382
vn -0.2031 -0.6496 -0.7326
vn 0.0030 0.0200 -0.9998
vn 0.0039 0.0125 -0.9999
vn 0.1042 0.6888 -0.7174
vn 0.2073 0.6632 -0.7192
vn -0.0000 1.0000 -0.0000
vn -0.1496 0.9887 -0.0000
vn -0.1042 0.6888 0.7174
vn -0.0000 0.6927 0.7212
vn -0.0030 0.0200 0.9998
vn -0.0000 0.0123 0.9999
vn 0.1009 -0.6670 0.7382
vn -0.0000 -0.6793 0.7338
vn 0.1320 -0.8728 0.4699
vn -0.0000 -0.8768 0.4809
vn -0.0000 -0.8767 0.4810
vn 0.1320 -0.8727 0.4700
vn 0.1009 -0.6670 -0.7382
vn -0.0000 -0.6793 -0.7338
vn -0.0030 0.0200 -0.9998
vn -0.0000 0.0123 -0.9999
vn -0.1042 0.6888 -0.7174
vn -0.0000 0.6927 -0.7212
vn -0.2984 0.9544 -0.0000
vn -0.4332 0.9013 -0.0000
vn -0.3029 0.6303 0.7148
vn -0.2073 0.6632 0.7192
vn -0.0081 0.0171 0.9998
vn -0.0039 0.0125 0.9999
vn 0.2941 -0.6119 0.7342
vn 0.2031 -0.6496 0.7326
vn 0.3827 -0.7964 0.4683
vn 0.2621 -0.8383 0.4780
vn 0.2620 -0.8383 0.4781
vn 0.3826 -0.7964 0.4684
vn 0.2941 -0.6119 -0.7342
vn 0.2031 -0.6496 -0.7326
vn -0.0081 0.0171 -0.9998
vn -0.0039 0.0125 -0.9999
vn -0.3029 0.6303 -0.7148
vn -0.2073 0.6632 -0.7192
vn -0.5649 0.8252 -0.0000
vn -0.6740 0.7387 -0.0000
vn -0.4742 0.5199 0.7105
vn -0.3956 0.5779 0.7138
vn -0.0113 0.0125 0.9999
vn -0.0087 0.0127 0.9999
vn 0.4623 -0.5068 0.7276
vn 0.3864 -0.5645 0.7294
vn 0.5963 -0.6538 0.4658
vn 0.4984 -0.7282 0.4704
vn 0.4984 -0.7282 0.4705
vn 0.4623 -0.5068 -0.7276
vn 0.3864 -0.5645 -0.7294
vn -0.0113 0.0125 -0.9999
vn -0.0087 0.0127 -0.9999
vn -0.4742 0.5199 -0.7105
vn -0.3956 0.5779 -0.7138
vn -0.7759 0.6309 -0.0000
vn -0.8537 0.5208 -0.0000
vn -0.6046 0.3689 0.7060
vn -0.5488 0.4463 0.7069
vn -0.0122 0.0075 0.9999
vn -0.0142 0.0116 0.9998
vn 0.5920 -0.3612 0.7204
vn 0.5340 -0.4342 0.7255
vn 0.7565 -0.4617 0.4632
vn 0.6886 -0.5600 0.4607
vn 0.6886 -0.5599 0.4608
vn 0.5920 -0.3612 -0.7204
vn 0.5340 -0.4342 -0.7255
vn -0.0122 0.0075 -0.9999
vn -0.0142 0.0116 -0.9998
vn -0.6046 0.3689 -0.7060
vn -0.5488 0.4463 -0.7069
vn -0.9192 0.3938 -0.0000
vn -0.9633 0.2684 -0.0000
vn -0.6855 0.1910 0.7026
vn -0.6558 0.2810 0.7007
vn -0.0120 0.0034 0.9999
vn -0.0194 0.0083 0.9998
vn 0.6735 -0.1877 0.7150
vn 0.6360 -0.2725 0.7220
vn 0.8547 -0.2382 0.4613
vn 0.8199 -0.3512 0.4522
vn 0.8546 -0.2381 0.4614
vn 0.6735 -0.1877 -0.7150
vn 0.6360 -0.2725 -0.7220
vn -0.0120 0.0034 -0.9999
vn -0.0194 0.0083 -0.9998
vn -0.6855 0.1910 -0.7026
vn -0.6558 0.2810 -0.7007
vn -0.9910 0.1336 -0.0000
vn -1.0000 -0.0000 -0.0000
vn -0.7129 -0.0000 0.7013
vn -0.7106 0.0958 0.6970
vn -0.0117 -0.0000 0.9999
vn -0.0226 0.0031 0.9997
vn 0.7012 -0.0000 0.7130
vn 0.6878 -0.0927 0.7200
vn 0.8876 -0.0000 0.4607
vn 0.8864 -0.1195 0.4472
vn 0.8875 -0.0000 0.4608
vn 0.7012 -0.0000 -0.7130
vn 0.6878 -0.0927 -0.7200
vn -0.0117 -0.0000 -0.9999
vn -0.0226 0.0031 -0.9997
vn -0.7129 -0.0000 -0.7013
vn -0.7106 0.0958 -0.6970
vn -0.9910 -0.1336 -0.0000
vn -0.9633 -0.2684 -0.0000
vn -0.6855 -0.1910 0.7026
vn -0.7106 -0.0958 0.6970
vn -0.0120 -0.0034 0.9999
vn -0.0226 -0.0031 0.9997
vn 0.6735 0.1877 0.7150
vn 0.6878 0.0927 0.7200
vn 0.8547 0.2382 0.4613
vn 0.8864 0.1195 0.4472
vn 0.8864 0.1196 0.4472
vn 0.8546 0.2381 0.4614
vn 0.6735 0.1877 -0.7150
vn 0.6878 0.0927 -0.7200
vn -0.0120 -0.0034 -0.9999
vn -0.0226 -0.0031 -0.9997
vn -0.6855 -0.1910 -0.7026
vn -0.7106 -0.0958 -0.6970
vn -0.9192 -0.3938 -0.0000
vn -0.8537 -0.5208 -0.0000
vn -0.6046 -0.3689 0.7060
vn -0.6558 -0.2810 0.7007
vn -0.0122 -0.0075 0.9999
vn -0.0194 -0.0083 0.9998
vn 0.5920 0.3612 0.7204
vn 0.6360 0.2725 0.7220
vn 0.7565 0.4617 0.4632
vn 0.8199 0.3512 0.4522
vn 0.8198 0.3513 0.4522
vn 0.5920 0.3612 -0.7204
vn 0.6360 0.2725 -0.7220
vn -0.0122 -0.0075 -0.9999
vn -0.0194 -0.0083 -0.9998
vn -0.6046 -0.3689 -0.7060
vn -0.6558 -0.2810 -0.7007
vn -0.7759 -0.6309 -0.0000
vn -0.6740 -0.7387 -0.0000
vn -0.4742 -0.5199 0.7105
vn -0.5488 -0.4463 0.7069
vn -0.0113 -0.0125 0.9999
vn -0.0142 -0.0116 0.9998
vn 0.4623 0.5068 0.7276
vn 0.5340 0.4342 0.7255
vn 0.5963 0.6538 0.4658
vn 0.6886 0.5600 0.4607
vn 0.6885 0.5600 0.4608
vn 0.4623 0.5068 -0.7276
vn 0.5340 0.4342 -0.7255
vn -0.0113 -0.0125 -0.9999
vn -0.0142 -0.0116 -0.9998
vn -0.4742 -0.5199 -0.7105
vn -0.5488 -0.4463 -0.7069
vn -0.5649 -0.8252 -0.0000
vn -0.4332 -0.9013 -0.0000
vn -0.3029 -0.6303 0.7148
vn -0.3956 -0.5779 0.7138
vn -0.0081 -0.0171 0.9998
vn -0.0087 -0.0127 0.9999
vn 0.2941 0.6119 0.7342
vn 0.3864 0.5645 0.7294
vn 0.3827 0.7964 0.4683
vn 0.4984 0.7282 0.4704
vn 0.4984 0.7282 0.4705
vn 0.3826 0.7964 0.4684
vn 0.2941 0.6119 -0.7342
vn 0.3864 0.5645 -0.7294
vn -0.0081 -0.0171 -0.9998
vn -0.0087 -0.0127 -0.9999
vn -0.3029 -0.6303 -0.7148
vn -0.3956 -0.5779 -0.7138
vn -0.2984 -0.9544 -0.0000
vn -0.1496 -0.9887 -0.0000
vn -0.1042 -0.6888 0.7174
vn -0.2073 -0.6632 0.7192
vn -0.0030 -0.0200 0.9998
vn -0.0039 -0.0125 0.9999
vn 0.1009 0.6670 0.7382
vn 0.2031 0.6496 0.7326
vn 0.1320 0.8728 0.4699
vn 0.2621 0.8383 0.4780
vn 0.2620 0.8383 0.4781
vn 0.1320 0.8728 0.4700
vn 0.1009 0.6670 -0.7382
vn 0.2031 0.6496 -0.7326
vn -0.0030 -0.0200 -0.9998
vn -0.0039 -0.0125 -0.9999
vn -0.1042 -0.6888 -0.7174
vn -0.2073 -0.6632 -0.7192
vn -0.0000 -1.0000 -0.0000
vn 0.1496 -0.9887 -0.0000
vn 0.1042 -0.6888 0.7174
vn -0.0000 -0.6927 0.7212
vn 0.0030 -0.0200 0.9998
vn -0.0000 -0.0123 0.9999
vn -0.1009 0.6670 0.7382
vn -0.0000 0.6793 0.7338
vn -0.1320 0.8728 0.4699
vn -0.0000 0.8768 0.4809
vn -0.0000 0.8767 0.4810
vn -0.1320 0.8728 0.4700
vn -0.1009 0.6670 -0.7382
vn -0.0000 0.6793 -0.7338
vn 0.0030 -0.0200 -0.9998
vn -0.0000 -0.0123 -0.9999
vn 0.1042 -0.6888 -0.7174
vn -0.0000 -0.6927 -0.7212
vn 0.2984 -0.9544 -0.0000
vn 0.4332 -0.9013 -0.0000
vn 0.3029 -0.6303 0.7148
vn 0.2073 -0.6632 0.7192
vn 0.0081 -0.0171 0.9998
vn 0.0039 -0.0125 0.9999
vn -0.2941 0.6119 0.7342
vn -0.2031 0.6496 0.7326
vn -0.3827 0.7964 0.4683
vn -0.2621 0.8383 0.4780
vn -0.2621 0.8383 0.4781
vn -0.3826 0.7964 0.4684
vn -0.2941 0.6119 -0.7342
vn -0.2031 0.6496 -0.7326
vn 0.0081 -0.0171 -0.9998
vn 0.0039 -0.0125 -0.9999
vn 0.3029 -0.6303 -0.7148
vn 0.2073 -0.6632 -0.7192
vn 0.5649 -0.8252 -0.0000
vn 0.6740 -0.7387 -0.0000
vn 0.4742 -0.5199 0.7105
vn 0.3956 -0.5779 0.7138
vn 0.0113 -0.0125 0.9999
vn 0.0087 -0.0127 0.9999
vn -0.4623 0.5068 0.7276
vn -0.3864 0.5645 0.7294
vn -0.5963 0.6538 0.4658
vn -0.4984 0.7282 0.4704
vn -0.4984 0.7282 0.4705
vn -0.4623 0.5068 -0.7276
vn -0.3864 0.5645 -0.7294
vn 0.0113 -0.0125 -0.9999
vn 0.0087 -0.0127 -0.9999
vn 0.4742 -0.5199 -0.7105
vn 0.3956 -0.5779 -0.7138
vn 0.7759 -0.6309 -0.0000
vn 0.8537 -0.5208 -0.0000
vn 0.6046 -0.3689 0.7060
vn 0.5488 -0.4463 0.7069
vn 0.0122 -0.0075 0.9999
vn 0.0142 -0.0116 0.9998
vn -0.5920 0.3612 0.7204
vn -0.5340 0.4342 0.7255
vn -0.7565 0.4617 0.4632
vn -0.6886 0.5600 0.4607
vn -0.6886 0.5599 0.4608
vn -0.7565 0.4616 0.4632
vn -0.5920 0.3612 -0.7204
vn -0.5340 0.4342 -0.7255
vn 0.0122 -0.0075 -0.9999
vn 0.0142 -0.0116 -0.9998
vn 0.6046 -0.3689 -0.7060
vn 0.5488 -0.4463 -0.7069
vn 0.9192 -0.3938 -0.0000
vn 0.9633 -0.2684 -0.0000
vn 0.6855 -0.1910 0.7026
vn 0.6558 -0.2810 0.7007
vn 0.0120 -0.0034 0.9999
vn 0.0194 -0.0083 0.9998
vn -0.6735 0.1877 0.7150
vn -0.6360 0.2725 0.7220
vn -0.8547 0.2382 0.4613
vn -0.8199 0.3512 0.4522
vn -0.8546 0.2381 0.4614
vn -0.6735 0.1877 -0.7150
vn -0.6360 0.2725 -0.7220
vn 0.0120 -0.0034 -0.9999
vn 0.0194 -0.0083 -0.9998
vn 0.6855 -0.1910 -0.7026
vn 0.6558 -0.2810 -0.7007
vn 0.9910 -0.1336 -0.0000
vn 1.0000 -0.0000 -0.0000
vn 0.7129 -0.0000 0.7013
vn 0.7106 -0.0958 0.6970
vn 0.0117 -0.0000 0.9999
vn 0.0226 -0.0031 0.9997
vn -0.7012 -0.0000 0.7130
vn -0.6878 0.0927 0.7200
vn -0.8876 -0.0000 0.4607
vn -0.8864 0.1195 0.4472
vn -0.8875 -0.0000 0.4608
vn -0.7012 -0.0000 -0.7130
vn -0.6878 0.0927 -0.7200
vn 0.0117 -0.0000 -0.9999
vn 0.0226 -0.0031 -0.9997
vn 0.7129 -0.0000 -0.7013
vn 0.7106 -0.0958 -0.6970
vn -0.0000 -0.0000 1.0000
vt 0.568182 0.500000
vt 0.590909 0.500000
vt 0.590909 0.625000
vt 0.568182 0.625000
vt 0.590909 0.750000
vt 0.568182 0.750000
vt 0.590909 0.875000
vt 0.568182 0.875000
vt 0.590909 1.000000
vt 0.568182 1.000000
vt 0.568182 0.000000
vt 0.590909 0.000000
vt 0.590909 0.125000
vt 0.568182 0.125000
vt 0.590909 0.250000
vt 0.568182 0.250000
vt 0.590909 0.375000
vt 0.568182 0.375000
vt 0.613403 0.500000
vt 0.636364 0.500000
vt 0.636364 0.625000
vt 0.613403 0.625000
vt 0.636364 0.750000
vt 0.613403 0.750000
vt 0.636364 0.875000
vt 0.613403 0.875000
vt 0.636364 1.000000
vt 0.613403 1.000000
vt 0.613403 0.000000
vt 0.636364 0.000000
vt 0.636364 0.125000
vt 0.613403 0.125000
vt 0.636364 0.250000
vt 0.613403 0.250000
vt 0.636364 0.375000
vt 0.613403 0.375000
vt 0.659091 0.500000
vt 0.681818 0.500000
vt 0.681818 0.625000
vt 0.659091 0.625000
vt 0.681818 0.750000
vt 0.659091 0.750000
vt 0.681818 0.875000
vt 0.659091 0.875000
vt 0.681818 1.000000
vt 0.659091 1.000000
vt 0.659091 0.000000
vt 0.681818 0.000000
vt 0.681818 0.125000
vt 0.659091 0.125000
vt 0.681818 0.250000
vt 0.659091 0.250000
vt 0.681818 0.375000
vt 0.659091 0.375000
vt 0.704545 0.500000
vt 0.727273 0.500000
vt 0.727273 0.625000
vt 0.704546 0.625000
vt 0.727273 0.750000
vt 0.704545 0.750000
vt 0.727273 0.875000
vt 0.704545 0.875000
vt 0.727273 1.000000
vt 0.704545 1.000000
vt 0.704545 0.000000
vt 0.727273 0.000000
vt 0.727273 0.125000
vt 0.704545 0.125000
vt 0.727273 0.250000
vt 0.704545 0.250000
vt 0.727273 0.375000
vt 0.704545 0.375000
vt 0.750000 0.500000
vt 0.772727 0.500000
vt 0.772727 0.625000
vt 0.750000 0.625000
vt 0.772727 0.750000
vt 0.750000 0.750000
vt 0.772727 0.875000
vt 0.750000 0.875000
vt 0.772727 1.000000
vt 0.750000 1.000000
vt 0.750000 0.000000
vt 0.772727 0.000000
vt 0.772727 0.125000
vt 0.750000 0.125000
vt 0.772727 0.250000
vt 0.750000 0.250000
vt 0.772727 0.375000
vt 0.750000 0.375000
vt 0.795455 0.500000
vt 0.818182 0.500000
vt 0.818182 0.625000
vt 0.795455 0.625000
vt 0.818182 0.750000
vt 0.795455 0.750000
vt 0.818182 0.875000
vt 0.795455 0.875000
vt 0.818182 1.000000
vt 0.795454 1.000000
vt 0.795454 0.000000
vt 0.818182 0.000000
vt 0.818182 0.125000
vt 0.795455 0.125000
vt 0.818182 0.250000
vt 0.795454 0.250000
vt 0.818182 0.375000
vt 0.795455 0.375000
vt 0.840909 0.500000
vt 0.863636 0.500000
vt 0.863636 0.625000
vt 0.840909 0.625000
vt 0.863636 0.750000
vt 0.840909 0.750000
vt 0.863636 0.875000
vt 0.840909 0.875000
vt 0.863636 1.000000
vt 0.840909 1.000000
vt 0.840909 0.000000
vt 0.863636 0.000000
vt 0.863636 0.125000
vt 0.840909 0.125000
vt 0.863636 0.250000
vt 0.840909 0.250000
vt 0.863636 0.375000
vt 0.840909 0.375000
vt 0.886364 0.500000
vt 0.909091 0.500000
vt 0.909091 0.625000
vt 0.886364 0.625000
vt 0.909091 0.750000
vt 0.886364 0.750000
vt 0.909091 0.875000
vt 0.886364 0.875000
vt 0.909091 1.000000
vt 0.886364 1.000000
vt 0.886364 0.000000
vt 0.909091 0.000000
vt 0.909091 0.125000
vt 0.886364 0.125000
vt 0.909091 0.250000
vt 0.886364 0.250000
vt 0.909091 0.375000
vt 0.886364 0.375000
vt 0.931818 0.500000
vt 0.954545 0.500000
vt 0.954545 0.625000
vt 0.931818 0.625000
vt 0.954545 0.750000
vt 0.931818 0.750000
vt 0.954545 0.875000
vt 0.931818 0.875000
vt 0.954545 1.000000
vt 0.931818 1.000000
vt 0.931818 0.000000
vt 0.954545 0.000000
vt 0.954545 0.125000
vt 0.931818 0.125000
vt 0.954545 0.250000
vt 0.931818 0.250000
vt 0.954545 0.375000
vt 0.931818 0.375000
vt 0.977273 0.500000
vt 1.000000 0.500000
vt 1.000000 0.625000
vt 0.977273 0.625000
vt 1.000000 0.750000
vt 0.977273 0.750000
vt 1.000000 0.875000
vt 0.977273 0.875000
vt 1.000000 1.000000
vt 0.977273 1.000000
vt 0.977273 0.000000
vt 1.000000 0.000000
vt 1.000000 0.125000
vt 0.977273 0.125000
vt 1.000000 0.250000
vt 0.977273 0.250000
vt 1.000000 0.375000
vt 0.977273 0.375000
vt 0.022727 0.500000
vt 0.045455 0.500000
vt 0.045455 0.625000
vt 0.022727 0.625000
vt 0.045455 0.750000
vt 0.022727 0.750000
vt 0.045455 0.875000
vt 0.022727 0.875000
vt 0.045455 1.000000
vt 0.022727 1.000000
vt 0.022727 0.000000
vt 0.045455 0.000000
vt 0.045455 0.125000
vt 0.022727 0.125000
vt 0.045455 0.250000
vt 0.022727 0.250000
vt 0.045455 0.375000
vt 0.022727 0.375000
vt 0.068182 0.500000
vt 0.090909 0.500000
vt 0.090909 0.625000
vt 0.068182 0.625000
vt 0.090909 0.750000
vt 0.068182 0.750000
vt 0.090909 0.875000
vt 0.068182 0.875000
vt 0.090909 1.000000
vt 0.068182 1.000000
vt 0.068182 0.000000
vt 0.090909 0.000000
vt 0.090909 0.125000
vt 0.068182 0.125000
vt 0.090909 0.250000
vt 0.068182 0.250000
vt 0.090909 0.375000
vt 0.068182 0.375000
vt 0.113636 0.500000
vt 0.136364 0.500000
vt 0.136364 0.625000
vt 0.113636 0.625000
vt 0.136364 0.750000
vt 0.113636 0.750000
vt 0.136364 0.875000
vt 0.113636 0.875000
vt 0.136364 1.000000
vt 0.113636 1.000000
vt 0.113636 0.000000
vt 0.136364 0.000000
vt 0.136364 0.125000
vt 0.113636 0.125000
vt 0.136364 0.250000
vt 0.113636 0.250000
vt 0.136364 0.375000
vt 0.113636 0.375000
vt 0.159091 0.500000
vt 0.181818 0.500000
vt 0.181818 0.625000
vt 0.159091 0.625000
vt 0.181818 0.750000
vt 0.159091 0.750000
vt 0.181818 0.875000
vt 0.159091 0.875000
vt 0.181818 1.000000
vt 0.159091 1.000000
vt 0.159091 0.000000
vt 0.181818 0.000000
vt 0.181818 0.125000
vt 0.159091 0.125000
vt 0.181818 0.250000
vt 0.159091 0.250000
vt 0.181818 0.375000
vt 0.159091 0.375000
vt 0.204545 0.500000
vt 0.227273 0.500000
vt 0.227273 0.625000
vt 0.204545 0.625000
vt 0.227273 0.750000
vt 0.204545 0.750000
vt 0.227273 0.875000
vt 0.204545 0.875000
vt 0.227273 1.000000
vt 0.204545 1.000000
vt 0.204545 0.000000
vt 0.227273 0.000000
vt 0.227273 0.125000
vt 0.204545 0.125000
vt 0.227273 0.250000
vt 0.204545 0.250000
vt 0.227273 0.375000
vt 0.204545 0.375000
vt 0.250000 0.500000
vt 0.272727 0.500000
vt 0.272727 0.625000
vt 0.250000 0.625000
vt 0.272727 0.750000
vt 0.250000 0.750000
vt 0.272727 0.875000
vt 0.250000 0.875000
vt 0.272727 1.000000
vt 0.250000 1.000000
vt 0.250000 0.000000
vt 0.272727 0.000000
vt 0.272727 0.125000
vt 0.250000 0.125000
vt 0.272727 0.250000
vt 0.250000 0.250000
vt 0.272727 0.375000
vt 0.250000 0.375000
vt 0.295455 0.500000
vt 0.318182 0.500000
vt 0.318182 0.625000
vt 0.295455 0.625000
vt 0.318182 0.750000
vt 0.295455 0.750000
vt 0.318182 0.875000
vt 0.295455 0.875000
vt 0.318182 1.000000
vt 0.295455 1.000000
vt 0.295455 0.000000
vt 0.318182 0.000000
vt 0.318182 0.125000
vt 0.295455 0.125000
vt 0.318182 0.250000
vt 0.295455 0.250000
vt 0.318182 0.375000
vt 0.295455 0.375000
vt 0.340909 0.500000
vt 0.363636 0.500000
vt 0.363636 0.625000
vt 0.340909 0.625000
vt 0.363636 0.750000
vt 0.340909 0.750000
vt 0.363636 0.875000
vt 0.340909 0.875000
vt 0.363636 1.000000
vt 0.340909 1.000000
vt 0.340909 0.000000
vt 0.363636 0.000000
vt 0.363636 0.125000
vt 0.340909 0.125000
vt 0.363636 0.250000
vt 0.340909 0.250000
vt 0.363636 0.375000
vt 0.340909 0.375000
vt 0.386364 0.500000
vt 0.409091 0.500000
vt 0.409091 0.625000
vt 0.386364 0.625000
vt 0.409091 0.750000
vt 0.386364 0.750000
vt 0.409091 0.875000
vt 0.386364 0.875000
vt 0.409091 1.000000
vt 0.386364 1.000000
vt 0.386364 0.000000
vt 0.409091 0.000000
vt 0.409091 0.125000
vt 0.386364 0.125000
vt 0.409091 0.250000
vt 0.386364 0.250000
vt 0.409091 0.375000
vt 0.386364 0.375000
vt 0.431818 0.500000
vt 0.454545 0.500000
vt 0.454545 0.625000
vt 0.431818 0.625000
vt 0.454545 0.750000
vt 0.431818 0.750000
vt 0.454545 0.875000
vt 0.431818 0.875000
vt 0.454545 1.000000
vt 0.431818 1.000000
vt 0.431818 0.000000
vt 0.454545 0.000000
vt 0.454545 0.125000
vt 0.431818 0.125000
vt 0.454545 0.250000
vt 0.431818 0.250000
vt 0.454545 0.375000
vt 0.431818 0.375000
vt 0.477273 0.500000
vt 0.500000 0.500000
vt 0.500000 0.625000
vt 0.477273 0.625000
vt 0.500000 0.750000
vt 0.477273 0.750000
vt 0.500000 0.875000
vt 0.477273 0.875000
vt 0.500000 1.000000
vt 0.477273 1.000000
vt 0.477273 0.000000
vt 0.500000 0.000000
vt 0.500000 0.125000
vt 0.477273 0.125000
vt 0.500000 0.250000
vt 0.477273 0.250000
vt 0.500000 0.375000
vt 0.477273 0.375000
vt 0.522727 0.500000
vt 0.545455 0.500000
vt 0.545455 0.625000
vt 0.522727 0.625000
vt 0.545455 0.750000
vt 0.522727 0.750000
vt 0.545455 0.875000
vt 0.522727 0.875000
vt 0.545455 1.000000
vt 0.522727 1.000000
vt 0.522727 0.000000
vt 0.545455 0.000000
vt 0.545455 0.125000
vt 0.522727 0.125000
vt 0.545455 0.250000
vt 0.522727 0.250000
vt 0.545455 0.375000
vt 0.522727 0.375000
vt -0.000000 0.375000
vt -0.000000 0.500000
vt -0.000000 0.250000
vt -0.000000 0.125000
vt -0.000000 0.000000
vt -0.000000 0.875000
vt -0.000000 1.000000
vt -0.000000 0.750000
vt -0.000000 0.625000
vt 0.000000 0.000000
s 1
usemtl Зубы
f 3104/4302/3397 3364/4302/3397 3365/4302/3397 3072/4302/3397 3205/4302/3397 3080/4302/3397 3197/4302/3397 3088/4302/3397 3189/4302/3397 3096/4302/3397 3357/4302/3397
usemtl Глаза_обрамление
f 3260/3897/3011 3020/3898/3012 3021/3899/3013 3262/3900/3014
f 3262/3900/3014 3021/3899/3013 3022/3901/3015 3264/3902/3016
f 3264/3902/3016 3022/3901/3015 3023/3903/3017 3266/3904/3018
f 3266/3904/3018 3023/3903/3017 3024/3905/3019 3261/3906/3020
f 3261/3907/3021 3024/3908/3022 3025/3909/3023 3263/3910/3024
f 3263/3910/3024 3025/3909/3023 3026/3911/3025 3265/3912/3026
f 3265/3912/3026 3026/3911/3025 3027/3913/3027 3267/3914/3028
f 3267/3914/3028 3027/3913/3027 3020/3898/3012 3260/3897/3011
f 3252/3915/3029 3028/3916/3030 3029/3917/3031 3254/3918/3032
f 3254/3918/3032 3029/3917/3031 3030/3919/3033 3256/3920/3034
f 3256/3920/3034 3030/3919/3033 3031/3921/3035 3258/3922/3036
f 3258/3922/3036 3031/3921/3035 3032/3923/3037 3253/3924/3038
f 3253/3925/3039 3032/3926/3040 3033/3927/3041 3255/3928/3042
f 3255/3928/3042 3033/3927/3041 3034/3929/3043 3257/3930/3044
f 3257/3930/3044 3034/3929/3043 3035/3931/3045 3259/3932/3046
f 3259/3932/3046 3035/3931/3045 3028/3916/3030 3252/3915/3029
f 3244/3933/3047 3036/3934/3048 3037/3935/3049 3246/3936/3050
f 3246/3936/3050 3037/3935/3049 3038/3937/3051 3248/3938/3052
f 3248/3938/3052 3038/3937/3051 3039/3939/3053 3250/3940/3054
f 3250/3940/3054 3039/3939/3053 3040/3941/3055 3245/3942/3056
f 3245/3943/3057 3040/3944/3055 3041/3945/3058 3247/3946/3059
f 3247/3946/3059 3041/3945/3058 3042/3947/3060 3249/3948/3061
f 3249/3948/3061 3042/3947/3060 3043/3949/3062 3251/3950/3063
f 3251/3950/3063 3043/3949/3062 3036/3934/3048 3244/3933/3047
f 3236/3951/3064 3044/3952/3065 3045/3953/3066 3238/3954/3067
f 3238/3954/3067 3045/3953/3066 3046/3955/3068 3240/3956/3069
f 3240/3956/3069 3046/3955/3068 3047/3957/3070 3242/3958/3071
f 3242/3958/3071 3047/3957/3070 3048/3959/3072 3237/3960/3073
f 3237/3961/3074 3048/3962/3075 3049/3963/3076 3239/3964/3077
f 3239/3964/3077 3049/3963/3076 3050/3965/3078 3241/3966/3079
f 3241/3966/3079 3050/3965/3078 3051/3967/3080 3243/3968/3081
f 3243/3968/3081 3051/3967/3080 3044/3952/3065 3236/3951/3064
f 3228/3969/3082 3052/3970/3083 3053/3971/3084 3230/3972/3085
f 3230/3972/3085 3053/3971/3084 3054/3973/3086 3232/3974/3087
f 3232/3974/3087 3054/3973/3086 3055/3975/3088 3234/3976/3089
f 3234/3976/3089 3055/3975/3088 3056/3977/3090 3229/3978/3091
f 3229/3979/3092 3056/3980/3093 3057/3981/3094 3231/3982/3095
f 3231/3982/3095 3057/3981/3094 3058/3983/3096 3233/3984/3097
f 3233/3984/3097 3058/3983/3096 3059/3985/3098 3235/3986/3099
f 3235/3986/3099 3059/3985/3098 3052/3970/3083 3228/3969/3082
f 3220/3987/3100 3060/3988/3101 3061/3989/3102 3222/3990/3103
f 3222/3990/3103 3061/3989/3102 3062/3991/3104 3224/3992/3105
f 3224/3992/3105 3062/3991/3104 3063/3993/3106 3226/3994/3107
f 3226/3994/3107 3063/3993/3106 3064/3995/3108 3221/3996/3109
f 3221/3997/3110 3064/3998/3111 3065/3999/3112 3223/4000/3113
f 3223/4000/3113 3065/3999/3112 3066/4001/3114 3225/4002/3115
f 3225/4002/3115 3066/4001/3114 3067/4003/3116 3227/4004/3117
f 3227/4004/3117 3067/4003/3116 3060/3988/3101 3220/3987/3100
f 3212/4005/3118 3068/4006/3119 3069/4007/3120 3214/4008/3121
f 3214/4008/3121 3069/4007/3120 3070/4009/3122 3216/4010/3123
f 3216/4010/3123 3070/4009/3122 3071/4011/3124 3218/4012/3125
f 3218/4012/3125 3071/4011/3124 3072/4013/3126 3213/4014/3127
f 3213/4015/3128 3072/4016/3129 3073/4017/3130 3215/4018/3131
f 3215/4018/3131 3073/4017/3130 3074/4019/3132 3217/4020/3133
f 3217/4020/3133 3074/4019/3132 3075/4021/3134 3219/4022/3135
f 3219/4022/3135 3075/4021/3134 3068/4006/3119 3212/4005/3118
f 3204/4023/3136 3076/4024/3137 3077/4025/3138 3206/4026/3139
f 3206/4026/3139 3077/4025/3138 3078/4027/3140 3208/4028/3141
f 3208/4028/3141 3078/4027/3140 3079/4029/3142 3210/4030/3143
f 3210/4030/3143 3079/4029/3142 3080/4031/3144 3205/4032/3145
f 3205/4033/3146 3080/4034/3144 3081/4035/3147 3207/4036/3148
f 3207/4036/3148 3081/4035/3147 3082/4037/3149 3209/4038/3150
f 3209/4038/3150 3082/4037/3149 3083/4039/3151 3211/4040/3152
f 3211/4040/3152 3083/4039/3151 3076/4024/3137 3204/4023/3136
f 3196/4041/3153 3084/4042/3154 3085/4043/3155 3198/4044/3156
f 3198/4044/3156 3085/4043/3155 3086/4045/3157 3200/4046/3158
f 3200/4046/3158 3086/4045/3157 3087/4047/3159 3202/4048/3160
f 3202/4048/3160 3087/4047/3159 3088/4049/3161 3197/4050/3162
f 3197/4051/3163 3088/4052/3161 3089/4053/3164 3199/4054/3165
f 3199/4054/3165 3089/4053/3164 3090/4055/3166 3201/4056/3167
f 3201/4056/3167 3090/4055/3166 3091/4057/3168 3203/4058/3169
f 3203/4058/3169 3091/4057/3168 3084/4042/3154 3196/4041/3153
f 3188/4059/3170 3092/4060/3171 3093/4061/3172 3190/4062/3173
f 3190/4062/3173 3093/4061/3172 3094/4063/3174 3192/4064/3175
f 3192/4064/3175 3094/4063/3174 3095/4065/3176 3194/4066/3177
f 3194/4066/3177 3095/4065/3176 3096/4067/3178 3189/4068/3179
f 3189/4069/3179 3096/4070/3180 3097/4071/3181 3191/4072/3182
f 3191/4072/3182 3097/4071/3181 3098/4073/3183 3193/4074/3184
f 3193/4074/3184 3098/4073/3183 3099/4075/3185 3195/4076/3186
f 3195/4076/3186 3099/4075/3185 3092/4060/3171 3188/4059/3170
f 3356/4077/3187 3100/4078/3188 3101/4079/3189 3358/4080/3190
f 3358/4080/3190 3101/4079/3189 3102/4081/3191 3360/4082/3192
f 3360/4082/3192 3102/4081/3191 3103/4083/3193 3362/4084/3194
f 3362/4084/3194 3103/4083/3193 3104/4085/3195 3357/4086/3196
f 3357/4087/3196 3104/4088/3197 3105/4089/3198 3359/4090/3199
f 3359/4090/3199 3105/4089/3198 3106/4091/3200 3361/4092/3201
f 3361/4092/3201 3106/4091/3200 3107/4093/3202 3363/4094/3203
f 3363/4094/3203 3107/4093/3202 3100/4078/3188 3356/4077/3187
f 3348/4095/3204 3108/4096/3205 3109/4097/3206 3350/4098/3207
f 3350/4098/3207 3109/4097/3206 3110/4099/3208 3352/4100/3209
f 3352/4100/3209 3110/4099/3208 3111/4101/3210 3354/4102/3211
f 3354/4102/3211 3111/4101/3210 3112/4103/3212 3349/4104/3213
f 3349/4105/3214 3112/4106/3215 3113/4107/3216 3351/4108/3217
f 3351/4108/3217 3113/4107/3216 3114/4109/3218 3353/4110/3219
f 3353/4110/3219 3114/4109/3218 3115/4111/3220 3355/4112/3221
f 3355/4112/3221 3115/4111/3220 3108/4096/3205 3348/4095/3204
f 3340/4113/3222 3116/4114/3223 3117/4115/3224 3342/4116/3225
f 3342/4116/3225 3117/4115/3224 3118/4117/3226 3344/4118/3227
f 3344/4118/3227 3118/4117/3226 3119/4119/3228 3346/4120/3229
f 3346/4120/3229 3119/4119/3228 3120/4121/3230 3341/4122/3231
f 3341/4123/3232 3120/4124/3230 3121/4125/3233 3343/4126/3234
f 3343/4126/3234 3121/4125/3233 3122/4127/3235 3345/4128/3236
f 3345/4128/3236 3122/4127/3235 3123/4129/3237 3347/4130/3238
f 3347/4130/3238 3123/4129/3237 3116/4114/3223 3340/4113/3222
f 3332/4131/3239 3124/4132/3240 3125/4133/3241 3334/4134/3242
f 3334/4134/3242 3125/4133/3241 3126/4135/3243 3336/4136/3244
f 3336/4136/3244 3126/4135/3243 3127/4137/3245 3338/4138/3246
f 3338/4138/3246 3127/4137/3245 3128/4139/3247 3333/4140/3248
f 3333/4141/3249 3128/4142/3247 3129/4143/3250 3335/4144/3251
f 3335/4144/3251 3129/4143/3250 3130/4145/3252 3337/4146/3253
f 3337/4146/3253 3130/4145/3252 3131/4147/3254 3339/4148/3255
f 3339/4148/3255 3131/4147/3254 3124/4132/3240 3332/4131/3239
f 3324/4149/3256 3132/4150/3257 3133/4151/3258 3326/4152/3259
f 3326/4152/3259 3133/4151/3258 3134/4153/3260 3328/4154/3261
f 3328/4154/3261 3134/4153/3260 3135/4155/3262 3330/4156/3263
f 3330/4156/3263 3135/4155/3262 3136/4157/3264 3325/4158/3265
f 3325/4159/3266 3136/4160/3267 3137/4161/3268 3327/4162/3269
f 3327/4162/3269 3137/4161/3268 3138/4163/3270 3329/4164/3271
f 3329/4164/3271 3138/4163/3270 3139/4165/3272 3331/4166/3273
f 3331/4166/3273 3139/4165/3272 3132/4150/3257 3324/4149/3256
f 3316/4167/3274 3140/4168/3275 3141/4169/3276 3318/4170/3277
f 3318/4170/3277 3141/4169/3276 3142/4171/3278 3320/4172/3279
f 3320/4172/3279 3142/4171/3278 3143/4173/3280 3322/4174/3281
f 3322/4174/3281 3143/4173/3280 3144/4175/3282 3317/4176/3283
f 3317/4177/3284 3144/4178/3285 3145/4179/3286 3319/4180/3287
f 3319/4180/3287 3145/4179/3286 3146/4181/3288 3321/4182/3289
f 3321/4182/3289 3146/4181/3288 3147/4183/3290 3323/4184/3291
f 3323/4184/3291 3147/4183/3290 3140/4168/3275 3316/4167/3274
f 3308/4185/3292 3148/4186/3293 3149/4187/3294 3310/4188/3295
f 3310/4188/3295 3149/4187/3294 3150/4189/3296 3312/4190/3297
f 3312/4190/3297 3150/4189/3296 3151/4191/3298 3314/4192/3299
f 3314/4192/3299 3151/4191/3298 3152/4193/3300 3309/4194/3301
f 3309/4195/3302 3152/4196/3303 3153/4197/3304 3311/4198/3305
f 3311/4198/3305 3153/4197/3304 3154/4199/3306 3313/4200/3307
f 3313/4200/3307 3154/4199/3306 3155/4201/3308 3315/4202/3309
f 3315/4202/3309 3155/4201/3308 3148/4186/3293 3308/4185/3292
f 3300/4203/3310 3156/4204/3311 3157/4205/3312 3302/4206/3313
f 3302/4206/3313 3157/4205/3312 3158/4207/3314 3304/4208/3315
f 3304/4208/3315 3158/4207/3314 3159/4209/3316 3306/4210/3317
f 3306/4210/3317 3159/4209/3316 3160/4211/3318 3301/4212/3319
f 3301/4213/3320 3160/4214/3321 3161/4215/3322 3303/4216/3323
f 3303/4216/3323 3161/4215/3322 3162/4217/3324 3305/4218/3325
f 3305/4218/3325 3162/4217/3324 3163/4219/3326 3307/4220/3327
f 3307/4220/3327 3163/4219/3326 3156/4204/3311 3300/4203/3310
f 3292/4221/3328 3164/4222/3329 3165/4223/3330 3294/4224/3331
f 3294/4224/3331 3165/4223/3330 3166/4225/3332 3296/4226/3333
f 3296/4226/3333 3166/4225/3332 3167/4227/3334 3298/4228/3335
f 3298/4228/3335 3167/4227/3334 3168/4229/3336 3293/4230/3337
f 3293/4231/3338 3168/4232/3336 3169/4233/3339 3295/4234/3340
f 3295/4234/3340 3169/4233/3339 3170/4235/3341 3297/4236/3342
f 3297/4236/3342 3170/4235/3341 3171/4237/3343 3299/4238/3344
f 3299/4238/3344 3171/4237/3343 3164/4222/3329 3292/4221/3328
f 3284/4239/3345 3172/4240/3346 3173/4241/3347 3286/4242/3348
f 3286/4242/3348 3173/4241/3347 3174/4243/3349 3288/4244/3350
f 3288/4244/3350 3174/4243/3349 3175/4245/3351 3290/4246/3352
f 3290/4246/3352 3175/4245/3351 3176/4247/3353 3285/4248/3354
f 3285/4249/3355 3176/4250/3356 3177/4251/3357 3287/4252/3358
f 3287/4252/3358 3177/4251/3357 3178/4253/3359 3289/4254/3360
f 3289/4254/3360 3178/4253/3359 3179/4255/3361 3291/4256/3362
f 3291/4256/3362 3179/4255/3361 3172/4240/3346 3284/4239/3345
f 3276/4257/3363 3180/4258/3364 3181/4259/3365 3278/4260/3366
f 3278/4260/3366 3181/4259/3365 3182/4261/3367 3280/4262/3368
f 3280/4262/3368 3182/4261/3367 3183/4263/3369 3282/4264/3370
f 3282/4264/3370 3183/4263/3369 3184/4265/3371 3277/4266/3372
f 3277/4267/3372 3184/4268/3373 3185/4269/3374 3279/4270/3375
f 3279/4270/3375 3185/4269/3374 3186/4271/3376 3281/4272/3377
f 3281/4272/3377 3186/4271/3376 3187/4273/3378 3283/4274/3379
f 3283/4274/3379 3187/4273/3378 3180/4258/3364 3276/4257/3363
f 3274/4275/3380 3012/4276/3381 3013/4277/3382 3268/4278/3383
f 3268/4278/3383 3013/4277/3382 3014/4279/3384 3269/4280/3385
f 3269/4280/3385 3014/4279/3384 3015/4281/3386 3271/4282/3387
f 3271/4282/3387 3015/4281/3386 3016/4283/3388 3275/4284/3389
f 3275/4285/3389 3016/4286/3390 3017/4287/3391 3273/4288/3392
f 3273/4288/3392 3017/4287/3391 3018/4289/3393 3270/4290/3394
f 3270/4290/3394 3018/4289/3393 3019/4291/3395 3272/4292/3396
f 3272/4292/3396 3019/4291/3395 3012/4276/3381 3274/4275/3380
f 3091/4057/3168 3195/4076/3186 3188/4059/3170 3084/4042/3154
f 3090/4055/3166 3193/4074/3184 3195/4076/3186 3091/4057/3168
f 3089/4053/3164 3191/4072/3182 3193/4074/3184 3090/4055/3166
f 3088/4052/3161 3189/4069/3179 3191/4072/3182 3089/4053/3164
f 3087/4047/3159 3194/4066/3177 3189/4068/3179 3088/4049/3161
f 3086/4045/3157 3192/4064/3175 3194/4066/3177 3087/4047/3159
f 3085/4043/3155 3190/4062/3173 3192/4064/3175 3086/4045/3157
f 3084/4042/3154 3188/4059/3170 3190/4062/3173 3085/4043/3155
f 3083/4039/3151 3203/4058/3169 3196/4041/3153 3076/4024/3137
f 3082/4037/3149 3201/4056/3167 3203/4058/3169 3083/4039/3151
f 3081/4035/3147 3199/4054/3165 3201/4056/3167 3082/4037/3149
f 3080/4034/3144 3197/4051/3163 3199/4054/3165 3081/4035/3147
f 3079/4029/3142 3202/4048/3160 3197/4050/3162 3080/4031/3144
f 3078/4027/3140 3200/4046/3158 3202/4048/3160 3079/4029/3142
f 3077/4025/3138 3198/4044/3156 3200/4046/3158 3078/4027/3140
f 3076/4024/3137 3196/4041/3153 3198/4044/3156 3077/4025/3138
f 3075/4021/3134 3211/4040/3152 3204/4023/3136 3068/4006/3119
f 3074/4019/3132 3209/4038/3150 3211/4040/3152 3075/4021/3134
f 3073/4017/3130 3207/4036/3148 3209/4038/3150 3074/4019/3132
f 3072/4016/3129 3205/4033/3146 3207/4036/3148 3073/4017/3130
f 3071/4011/3124 3210/4030/3143 3205/4032/3145 3072/4013/3126
f 3070/4009/3122 3208/4028/3141 3210/4030/3143 3071/4011/3124
f 3069/4007/3120 3206/4026/3139 3208/4028/3141 3070/4009/3122
f 3068/4006/3119 3204/4023/3136 3206/4026/3139 3069/4007/3120
f 3067/4003/3116 3219/4022/3135 3212/4005/3118 3060/3988/3101
f 3066/4001/3114 3217/4020/3133 3219/4022/3135 3067/4003/3116
f 3065/3999/3112 3215/4018/3131 3217/4020/3133 3066/4001/3114
f 3064/3998/3111 3213/4015/3128 3215/4018/3131 3065/3999/3112
f 3063/3993/3106 3218/4012/3125 3213/4014/3127 3064/3995/3108
f 3062/3991/3104 3216/4010/3123 3218/4012/3125 3063/3993/3106
f 3061/3989/3102 3214/4008/3121 3216/4010/3123 3062/3991/3104
f 3060/3988/3101 3212/4005/3118 3214/4008/3121 3061/3989/3102
f 3059/3985/3098 3227/4004/3117 3220/3987/3100 3052/3970/3083
f 3058/3983/3096 3225/4002/3115 3227/4004/3117 3059/3985/3098
f 3057/3981/3094 3223/4000/3113 3225/4002/3115 3058/3983/3096
f 3056/3980/3093 3221/3997/3110 3223/4000/3113 3057/3981/3094
f 3055/3975/3088 3226/3994/3107 3221/3996/3109 3056/3977/3090
f 3054/3973/3086 3224/3992/3105 3226/3994/3107 3055/3975/3088
f 3053/3971/3084 3222/3990/3103 3224/3992/3105 3054/3973/3086
f 3052/3970/3083 3220/3987/3100 3222/3990/3103 3053/3971/3084
f 3051/3967/3080 3235/3986/3099 3228/3969/3082 3044/3952/3065
f 3050/3965/3078 3233/3984/3097 3235/3986/3099 3051/3967/3080
f 3049/3963/3076 3231/3982/3095 3233/3984/3097 3050/3965/3078
f 3048/3962/3075 3229/3979/3092 3231/3982/3095 3049/3963/3076
f 3047/3957/3070 3234/3976/3089 3229/3978/3091 3048/3959/3072
f 3046/3955/3068 3232/3974/3087 3234/3976/3089 3047/3957/3070
f 3045/3953/3066 3230/3972/3085 3232/3974/3087 3046/3955/3068
f 3044/3952/3065 3228/3969/3082 3230/3972/3085 3045/3953/3066
f 3043/3949/3062 3243/3968/3081 3236/3951/3064 3036/3934/3048
f 3042/3947/3060 3241/3966/3079 3243/3968/3081 3043/3949/3062
f 3041/3945/3058 3239/3964/3077 3241/3966/3079 3042/3947/3060
f 3040/3944/3055 3237/3961/3074 3239/3964/3077 3041/3945/3058
f 3039/3939/3053 3242/3958/3071 3237/3960/3073 3040/3941/3055
f 3038/3937/3051 3240/3956/3069 3242/3958/3071 3039/3939/3053
f 3037/3935/3049 3238/3954/3067 3240/3956/3069 3038/3937/3051
f 3036/3934/3048 3236/3951/3064 3238/3954/3067 3037/3935/3049
f 3035/3931/3045 3251/3950/3063 3244/3933/3047 3028/3916/3030
f 3034/3929/3043 3249/3948/3061 3251/3950/3063 3035/3931/3045
f 3033/3927/3041 3247/3946/3059 3249/3948/3061 3034/3929/3043
f 3032/3926/3040 3245/3943/3057 3247/3946/3059 3033/3927/3041
f 3031/3921/3035 3250/3940/3054 3245/3942/3056 3032/3923/3037
f 3030/3919/3033 3248/3938/3052 3250/3940/3054 3031/3921/3035
f 3029/3917/3031 3246/3936/3050 3248/3938/3052 3030/3919/3033
f 3028/3916/3030 3244/3933/3047 3246/3936/3050 3029/3917/3031
f 3027/3913/3027 3259/3932/3046 3252/3915/3029 3020/3898/3012
f 3026/3911/3025 3257/3930/3044 3259/3932/3046 3027/3913/3027
f 3025/3909/3023 3255/3928/3042 3257/3930/3044 3026/3911/3025
f 3024/3908/3022 3253/3925/3039 3255/3928/3042 3025/3909/3023
f 3023/3903/3017 3258/3922/3036 3253/3924/3038 3024/3905/3019
f 3022/3901/3015 3256/3920/3034 3258/3922/3036 3023/3903/3017
f 3021/3899/3013 3254/3918/3032 3256/3920/3034 3022/3901/3015
f 3020/3898/3012 3252/3915/3029 3254/3918/3032 3021/3899/3013
f 3019/4291/3395 3267/3914/3028 3260/3897/3011 3012/4276/3381
f 3018/4289/3393 3265/3912/3026 3267/3914/3028 3019/4291/3395
f 3017/4287/3391 3263/3910/3024 3265/3912/3026 3018/4289/3393
f 3016/4286/3390 3261/3907/3021 3263/3910/3024 3017/4287/3391
f 3015/4281/3386 3266/3904/3018 3261/3906/3020 3016/4283/3388
f 3014/4279/3384 3264/3902/3016 3266/3904/3018 3015/4281/3386
f 3013/4277/3382 3262/3900/3014 3264/3902/3016 3014/4279/3384
f 3012/4276/3381 3260/3897/3011 3262/3900/3014 3013/4277/3382
f 3187/4273/3378 3272/4292/3396 3274/4275/3380 3180/4258/3364
f 3186/4271/3376 3270/4290/3394 3272/4292/3396 3187/4273/3378
f 3185/4269/3374 3273/4288/3392 3270/4290/3394 3186/4271/3376
f 3184/4268/3373 3275/4285/3389 3273/4288/3392 3185/4269/3374
f 3183/4263/3369 3271/4282/3387 3275/4284/3389 3184/4265/3371
f 3182/4261/3367 3269/4280/3385 3271/4282/3387 3183/4263/3369
f 3181/4259/3365 3268/4278/3383 3269/4280/3385 3182/4261/3367
f 3180/4258/3364 3274/4275/3380 3268/4278/3383 3181/4259/3365
f 3179/4255/3361 3283/4274/3379 3276/4257/3363 3172/4240/3346
f 3178/4253/3359 3281/4272/3377 3283/4274/3379 3179/4255/3361
f 3177/4251/3357 3279/4270/3375 3281/4272/3377 3178/4253/3359
f 3176/4250/3356 3277/4267/3372 3279/4270/3375 3177/4251/3357
f 3175/4245/3351 3282/4264/3370 3277/4266/3372 3176/4247/3353
f 3174/4243/3349 3280/4262/3368 3282/4264/3370 3175/4245/3351
f 3173/4241/3347 3278/4260/3366 3280/4262/3368 3174/4243/3349
f 3172/4240/3346 3276/4257/3363 3278/4260/3366 3173/4241/3347
f 3171/4237/3343 3291/4256/3362 3284/4239/3345 3164/4222/3329
f 3170/4235/3341 3289/4254/3360 3291/4256/3362 3171/4237/3343
f 3169/4233/3339 3287/4252/3358 3289/4254/3360 3170/4235/3341
f 3168/4232/3336 3285/4249/3355 3287/4252/3358 3169/4233/3339
f 3167/4227/3334 3290/4246/3352 3285/4248/3354 3168/4229/3336
f 3166/4225/3332 3288/4244/3350 3290/4246/3352 3167/4227/3334
f 3165/4223/3330 3286/4242/3348 3288/4244/3350 3166/4225/3332
f 3164/4222/3329 3284/4239/3345 3286/4242/3348 3165/4223/3330
f 3163/4219/3326 3299/4238/3344 3292/4221/3328 3156/4204/3311
f 3162/4217/3324 3297/4236/3342 3299/4238/3344 3163/4219/3326
f 3161/4215/3322 3295/4234/3340 3297/4236/3342 3162/4217/3324
f 3160/4214/3321 3293/4231/3338 3295/4234/3340 3161/4215/3322
f 3159/4209/3316 3298/4228/3335 3293/4230/3337 3160/4211/3318
f 3158/4207/3314 3296/4226/3333 3298/4228/3335 3159/4209/3316
f 3157/4205/3312 3294/4224/3331 3296/4226/3333 3158/4207/3314
f 3156/4204/3311 3292/4221/3328 3294/4224/3331 3157/4205/3312
f 3155/4201/3308 3307/4220/3327 3300/4203/3310 3148/4186/3293
f 3154/4199/3306 3305/4218/3325 3307/4220/3327 3155/4201/3308
f 3153/4197/3304 3303/4216/3323 3305/4218/3325 3154/4199/3306
f 3152/4196/3303 3301/4213/3320 3303/4216/3323 3153/4197/3304
f 3151/4191/3298 3306/4210/3317 3301/4212/3319 3152/4193/3300
f 3150/4189/3296 3304/4208/3315 3306/4210/3317 3151/4191/3298
f 3149/4187/3294 3302/4206/3313 3304/4208/3315 3150/4189/3296
f 3148/4186/3293 3300/4203/3310 3302/4206/3313 3149/4187/3294
f 3147/4183/3290 3315/4202/3309 3308/4185/3292 3140/4168/3275
f 3146/4181/3288 3313/4200/3307 3315/4202/3309 3147/4183/3290
f 3145/4179/3286 3311/4198/3305 3313/4200/3307 3146/4181/3288
f 3144/4178/3285 3309/4195/3302 3311/4198/3305 3145/4179/3286
f 3143/4173/3280 3314/4192/3299 3309/4194/3301 3144/4175/3282
f 3142/4171/3278 3312/4190/3297 3314/4192/3299 3143/4173/3280
f 3141/4169/3276 3310/4188/3295 3312/4190/3297 3142/4171/3278
f 3140/4168/3275 3308/4185/3292 3310/4188/3295 3141/4169/3276
f 3139/4165/3272 3323/4184/3291 3316/4167/3274 3132/4150/3257
f 3138/4163/3270 3321/4182/3289 3323/4184/3291 3139/4165/3272
f 3137/4161/3268 3319/4180/3287 3321/4182/3289 3138/4163/3270
f 3136/4160/3267 3317/4177/3284 3319/4180/3287 3137/4161/3268
f 3135/4155/3262 3322/4174/3281 3317/4176/3283 3136/4157/3264
f 3134/4153/3260 3320/4172/3279 3322/4174/3281 3135/4155/3262
f 3133/4151/3258 3318/4170/3277 3320/4172/3279 3134/4153/3260
f 3132/4150/3257 3316/4167/3274 3318/4170/3277 3133/4151/3258
f 3131/4147/3254 3331/4166/3273 3324/4149/3256 3124/4132/3240
f 3130/4145/3252 3329/4164/3271 3331/4166/3273 3131/4147/3254
f 3129/4143/3250 3327/4162/3269 3329/4164/3271 3130/4145/3252
f 3128/4142/3247 3325/4159/3266 3327/4162/3269 3129/4143/3250
f 3127/4137/3245 3330/4156/3263 3325/4158/3265 3128/4139/3247
f 3126/4135/3243 3328/4154/3261 3330/4156/3263 3127/4137/3245
f 3125/4133/3241 3326/4152/3259 3328/4154/3261 3126/4135/3243
f 3124/4132/3240 3324/4149/3256 3326/4152/3259 3125/4133/3241
f 3123/4129/3237 3339/4148/3255 3332/4131/3239 3116/4114/3223
f 3122/4127/3235 3337/4146/3253 3339/4148/3255 3123/4129/3237
f 3121/4125/3233 3335/4144/3251 3337/4146/3253 3122/4127/3235
f 3120/4124/3230 3333/4141/3249 3335/4144/3251 3121/4125/3233
f 3119/4119/3228 3338/4138/3246 3333/4140/3248 3120/4121/3230
f 3118/4117/3226 3336/4136/3244 3338/4138/3246 3119/4119/3228
f 3117/4115/3224 3334/4134/3242 3336/4136/3244 3118/4117/3226
f 3116/4114/3223 3332/4131/3239 3334/4134/3242 3117/4115/3224
f 3115/4111/3220 3347/4130/3238 3340/4113/3222 3108/4096/3205
f 3114/4109/3218 3345/4128/3236 3347/4130/3238 3115/4111/3220
f 3113/4107/3216 3343/4126/3234 3345/4128/3236 3114/4109/3218
f 3112/4106/3215 3341/4123/3232 3343/4126/3234 3113/4107/3216
f 3111/4101/3210 3346/4120/3229 3341/4122/3231 3112/4103/3212
f 3110/4099/3208 3344/4118/3227 3346/4120/3229 3111/4101/3210
f 3109/4097/3206 3342/4116/3225 3344/4118/3227 3110/4099/3208
f 3108/4096/3205 3340/4113/3222 3342/4116/3225 3109/4097/3206
f 3107/4093/3202 3355/4112/3221 3348/4095/3204 3100/4078/3188
f 3106/4091/3200 3353/4110/3219 3355/4112/3221 3107/4093/3202
f 3105/4089/3198 3351/4108/3217 3353/4110/3219 3106/4091/3200
f 3104/4088/3197 3349/4105/3214 3351/4108/3217 3105/4089/3198
f 3103/4083/3193 3354/4102/3211 3349/4104/3213 3104/4085/3195
f 3102/4081/3191 3352/4100/3209 3354/4102/3211 3103/4083/3193
f 3101/4079/3189 3350/4098/3207 3352/4100/3209 3102/4081/3191
f 3100/4078/3188 3348/4095/3204 3350/4098/3207 3101/4079/3189
f 3099/4293/3185 3363/4094/3203 3356/4077/3187 3092/4294/3171
f 3098/4295/3183 3361/4092/3201 3363/4094/3203 3099/4293/3185
f 3097/4296/3181 3359/4090/3199 3361/4092/3201 3098/4295/3183
f 3096/4297/3180 3357/4087/3196 3359/4090/3199 3097/4296/3181
f 3095/4298/3176 3362/4084/3194 3357/4086/3196 3096/4299/3178
f 3094/4300/3174 3360/4082/3192 3362/4084/3194 3095/4298/3176
f 3093/4301/3172 3358/4080/3190 3360/4082/3192 3094/4300/3174
f 3092/4294/3171 3356/4077/3187 3358/4080/3190 3093/4301/3172
usemtl цвет_глаз
f 3016/4302/3397 3261/4302/3397 3024/4302/3397 3253/4302/3397 3032/4302/3397 3245/4302/3397 3040/4302/3397 3237/4302/3397 3048/4302/3397 3229/4302/3397 3056/4302/3397 3221/4302/3397 3064/4302/3397 3213/4302/3397 3072/4302/3397 3365/4302/3397 3364/4302/3397 3104/4302/3397 3349/4302/3397 3112/4302/3397 3341/4302/3397 3120/4302/3397 3333/4302/3397 3128/4302/3397 3325/4302/3397 3136/4302/3397 3317/4302/3397 3144/4302/3397 3309/4302/3397 3152/4302/3397 3301/4302/3397 3160/4302/3397 3293/4302/3397 3168/4302/3397 3285/4302/3397 3176/4302/3397 3277/4302/3397 3184/4302/3397 3275/4302/3397
o Cylinder.013
v 1.125110 2.465673 0.189964
v 0.966534 2.466791 0.181471
v 1.086532 2.335220 0.133615
v 0.966534 2.336759 0.127610
v 1.070552 2.281185 -0.002422
v 0.966534 2.282898 -0.002422
v 1.086532 2.335220 -0.138460
v 0.966534 2.336759 -0.132454
v 1.125110 2.465673 -0.194808
v 0.966534 2.466791 -0.186315
v 1.163688 2.596125 -0.138460
v 0.966534 2.596823 -0.132454
v 1.179668 2.650161 -0.002422
v 0.966534 2.650684 -0.002422
v 1.163688 2.596125 0.133615
v 0.966534 2.596823 0.127610
vn 0.8095 -0.1667 0.5629
vn -0.8622 0.0035 0.5066
vn -0.8612 -0.3617 0.3570
vn 0.7014 -0.5714 0.4260
vn -0.8591 -0.5118 -0.0000
vn 0.6553 -0.7554 -0.0000
vn -0.8612 -0.3617 -0.3570
vn 0.7014 -0.5714 -0.4260
vn -0.8622 0.0035 -0.5066
vn 0.8095 -0.1667 -0.5629
vn -0.8587 0.3670 -0.3577
vn 0.9105 0.1887 -0.3680
vn -0.8564 0.5163 -0.0000
vn 0.9482 0.3175 -0.0000
vn -0.8587 0.3670 0.3577
vn 0.9105 0.1887 0.3680
vt 1.000000 0.500000
vt 1.000000 1.000000
vt 0.875000 1.000000
vt 0.875000 0.500000
vt 0.750000 1.000000
vt 0.750000 0.500000
vt 0.625000 1.000000
vt 0.625000 0.500000
vt 0.500000 1.000000
vt 0.500000 0.500000
vt 0.375000 1.000000
vt 0.375000 0.500000
vt 0.250000 1.000000
vt 0.250000 0.500000
vt 0.419706 0.419706
vt 0.250000 0.490000
vt 0.080294 0.419706
vt 0.010000 0.250000
vt 0.080294 0.080294
vt 0.250000 0.010000
vt 0.419706 0.080294
vt 0.490000 0.250000
vt 0.125000 1.000000
vt 0.125000 0.500000
vt 0.000000 1.000000
vt 0.000000 0.500000
vt 0.750000 0.490000
vt 0.919706 0.419706
vt 0.990000 0.250000
vt 0.919706 0.080294
vt 0.750000 0.010000
vt 0.580294 0.080294
vt 0.510000 0.250000
vt 0.580294 0.419706
s 1
usemtl Сталь
f 3366/4303/3398 3367/4304/3399 3369/4305/3400 3368/4306/3401
f 3368/4306/3401 3369/4305/3400 3371/4307/3402 3370/4308/3403
f 3370/4308/3403 3371/4307/3402 3373/4309/3404 3372/4310/3405
f 3372/4310/3405 3373/4309/3404 3375/4311/3406 3374/4312/3407
f 3374/4312/3407 3375/4311/3406 3377/4313/3408 3376/4314/3409
f 3376/4314/3409 3377/4313/3408 3379/4315/3410 3378/4316/3411
f 3369/4317/3400 3367/4318/3399 3381/4319/3412 3379/4320/3410 3377/4321/3408 3375/4322/3406 3373/4323/3404 3371/4324/3402
f 3378/4316/3411 3379/4315/3410 3381/4325/3412 3380/4326/3413
f 3380/4326/3413 3381/4325/3412 3367/4327/3399 3366/4328/3398
f 3366/4329/3398 3368/4330/3401 3370/4331/3403 3372/4332/3405 3374/4333/3407 3376/4334/3409 3378/4335/3411 3380/4336/3413
o Cube.025
v 1.665918 2.377846 1.080495
v 1.665918 2.377846 0.976654
v 1.665918 2.549153 1.080495
v 1.665918 2.549153 0.976654
v 1.551777 2.377846 1.080495
v 1.551777 2.377846 0.976654
v 1.551777 2.549153 1.080495
v 1.551777 2.549153 0.976654
vn 1.0000 -0.0000 -0.0000
vn -0.0000 1.0000 -0.0000
vn -1.0000 -0.0000 -0.0000
vn -0.0000 -1.0000 -0.0000
vn -0.0000 -0.0000 1.0000
vn -0.0000 -0.0000 -1.0000
vt 0.375000 0.000000
vt 0.625000 0.000000
vt 0.625000 0.250000
vt 0.375000 0.250000
vt 0.625000 0.500000
vt 0.375000 0.500000
vt 0.625000 0.750000
vt 0.375000 0.750000
vt 0.625000 1.000000
vt 0.375000 1.000000
vt 0.125000 0.500000
vt 0.125000 0.750000
vt 0.875000 0.500000
vt 0.875000 0.750000
s 1
usemtl Глаза_обрамление
f 3382/4337/3414 3383/4338/3414 3385/4339/3414 3384/4340/3414
f 3384/4340/3415 3385/4339/3415 3389/4341/3415 3388/4342/3415
f 3388/4342/3416 3389/4341/3416 3387/4343/3416 3386/4344/3416
f 3386/4344/3417 3387/4343/3417 3383/4345/3417 3382/4346/3417
f 3384/4347/3418 3388/4342/3418 3386/4344/3418 3382/4348/3418
f 3389/4341/3419 3385/4349/3419 3383/4350/3419 3387/4343/3419
o Cube.013
v -1.082351 1.540031 0.085654
v -1.082351 1.643873 0.085654
v -1.082351 1.540031 -0.085653
v -1.082351 1.643872 -0.085653
v -0.968210 1.540031 0.085654
v -0.968210 1.643873 0.085654
v -0.968210 1.540031 -0.085653
v -0.968210 1.643872 -0.085653
vn -1.0000 -0.0000 -0.0000
vn -0.0000 -0.0000 -1.0000
vn 1.0000 -0.0000 -0.0000
vn -0.0000 -0.0000 1.0000
vn -0.0000 -1.0000 -0.0000
vn -0.0000 1.0000 -0.0000
vt 0.375000 0.000000
vt 0.625000 0.000000
vt 0.625000 0.250000
vt 0.375000 0.250000
vt 0.625000 0.500000
vt 0.375000 0.500000
vt 0.625000 0.750000
vt 0.375000 0.750000
vt 0.625000 1.000000
vt 0.375000 1.000000
vt 0.125000 0.500000
vt 0.125000 0.750000
vt 0.875000 0.500000
vt 0.875000 0.750000
s 1
usemtl Глаза_обрамление
f 3390/4351/3420 3391/4352/3420 3393/4353/3420 3392/4354/3420
f 3392/4354/3421 3393/4353/3421 3397/4355/3421 3396/4356/3421
f 3396/4356/3422 3397/4355/3422 3395/4357/3422 3394/4358/3422
f 3394/4358/3423 3395/4357/3423 3391/4359/3423 3390/4360/3423
f 3392/4361/3424 3396/4356/3424 3394/4358/3424 3390/4362/3424
f 3397/4355/3425 3393/4363/3425 3391/4364/3425 3395/4357/3425
o Cube.020
v 1.670742 2.346056 1.185482
v 1.696196 2.324215 1.016621
v 1.670742 2.580943 1.185482
v 1.696196 2.602784 1.016622
v 1.514239 2.346056 1.185482
v 1.510587 2.324215 1.016621
v 1.514239 2.580943 1.185482
v 1.510587 2.602784 1.016622
vn 0.9888 -0.0000 0.1491
vn -0.0000 0.9917 0.1283
vn -0.9998 -0.0000 0.0216
vn -0.0000 -0.9917 0.1283
vn -0.0000 -0.0000 1.0000
vn -0.0000 -0.0000 -1.0000
vt 0.375000 0.000000
vt 0.625000 0.000000
vt 0.625000 0.250000
vt 0.375000 0.250000
vt 0.625000 0.500000
vt 0.375000 0.500000
vt 0.625000 0.750000
vt 0.375000 0.750000
vt 0.625000 1.000000
vt 0.375000 1.000000
vt 0.125000 0.500000
vt 0.125000 0.750000
vt 0.875000 0.500000
vt 0.875000 0.750000
s 1
usemtl Сталь
f 3400/4368/3427 3401/4367/3427 3405/4369/3427 3404/4370/3427
f 3402/4372/3429 3403/4371/3429 3399/4373/3429 3398/4374/3429
f 3400/4375/3430 3404/4370/3430 3402/4372/3430 3398/4376/3430
f 3405/4369/3431 3401/4377/3431 3399/4378/3431 3403/4371/3431
usemtl тени_глаза
f 3398/4365/3426 3399/4366/3426 3401/4367/3426 3400/4368/3426
f 3404/4370/3428 3405/4369/3428 3403/4371/3428 3402/4372/3428
o Cylinder.003
v -1.363368 1.776525 -0.183654
v -1.363374 2.039422 -0.183654
v -1.233689 1.776527 -0.129863
v -1.233695 2.039424 -0.129863
v -1.179975 1.776528 0.000000
v -1.179980 2.039425 0.000000
v -1.233689 1.776527 0.129863
v -1.233695 2.039424 0.129863
v -1.363368 1.776525 0.183654
v -1.363374 2.039422 0.183654
v -1.493047 1.776522 0.129863
v -1.493053 2.039419 0.129863
v -1.546762 1.776521 0.000000
v -1.546767 2.039418 0.000000
v -1.493047 1.776522 -0.129863
v -1.493053 2.039419 -0.129863
vn -0.0000 -0.7501 -0.6613
vn -0.0000 0.7501 -0.6613
vn 0.4681 0.7499 -0.4675
vn 0.4682 -0.7498 -0.4675
vn 0.6619 0.7496 -0.0000
vn 0.6619 -0.7496 -0.0000
vn 0.4681 0.7499 0.4675
vn 0.4682 -0.7498 0.4675
vn -0.0000 0.7501 0.6613
vn -0.0000 -0.7501 0.6613
vn -0.4682 0.7498 0.4675
vn -0.4681 -0.7499 0.4675
vn -0.6619 0.7496 -0.0000
vn -0.6619 -0.7496 -0.0000
vn -0.4682 0.7498 -0.4675
vn -0.4681 -0.7499 -0.4675
vt 1.000000 0.500000
vt 1.000000 1.000000
vt 0.875000 1.000000
vt 0.875000 0.500000
vt 0.750000 1.000000
vt 0.750000 0.500000
vt 0.625000 1.000000
vt 0.625000 0.500000
vt 0.500000 1.000000
vt 0.500000 0.500000
vt 0.375000 1.000000
vt 0.375000 0.500000
vt 0.250000 1.000000
vt 0.250000 0.500000
vt 0.419706 0.419706
vt 0.250000 0.490000
vt 0.080294 0.419706
vt 0.010000 0.250000
vt 0.080294 0.080294
vt 0.250000 0.010000
vt 0.419706 0.080294
vt 0.490000 0.250000
vt 0.125000 1.000000
vt 0.125000 0.500000
vt 0.000000 1.000000
vt 0.000000 0.500000
vt 0.750000 0.490000
vt 0.919706 0.419706
vt 0.990000 0.250000
vt 0.919706 0.080294
vt 0.750000 0.010000
vt 0.580294 0.080294
vt 0.510000 0.250000
vt 0.580294 0.419706
s 1
usemtl Сталь
f 3406/4379/3432 3407/4380/3433 3409/4381/3434 3408/4382/3435
f 3408/4382/3435 3409/4381/3434 3411/4383/3436 3410/4384/3437
f 3410/4384/3437 3411/4383/3436 3413/4385/3438 3412/4386/3439
f 3412/4386/3439 3413/4385/3438 3415/4387/3440 3414/4388/3441
f 3414/4388/3441 3415/4387/3440 3417/4389/3442 3416/4390/3443
f 3416/4390/3443 3417/4389/3442 3419/4391/3444 3418/4392/3445
f 3409/4393/3434 3407/4394/3433 3421/4395/3446 3419/4396/3444 3417/4397/3442 3415/4398/3440 3413/4399/3438 3411/4400/3436
f 3418/4392/3445 3419/4391/3444 3421/4401/3446 3420/4402/3447
f 3420/4402/3447 3421/4401/3446 3407/4403/3433 3406/4404/3432
f 3406/4405/3432 3408/4406/3435 3410/4407/3437 3412/4408/3439 3414/4409/3441 3416/4410/3443 3418/4411/3445 3420/4412/3447
o Torus.009
v -1.166169 2.273014 0.000000
v -1.179766 2.283059 0.000000
v -1.195925 2.266497 0.000000
v -1.194490 2.214083 0.000000
v -1.177977 2.217700 0.000000
v -1.186600 2.277376 -0.084760
v -1.198473 2.287052 -0.077606
v -1.213249 2.270195 -0.071869
v -1.213197 2.218077 -0.077606
v -1.198408 2.222062 -0.084760
v -1.243214 2.289462 -0.150103
v -1.250308 2.298118 -0.137434
v -1.261252 2.280443 -0.127274
v -1.265032 2.229142 -0.137434
v -1.255022 2.234148 -0.150103
v -1.323039 2.306503 -0.181060
v -1.323396 2.313721 -0.165778
v -1.328937 2.294892 -0.153522
v -1.338121 2.244745 -0.165778
v -1.334848 2.251189 -0.181060
v -1.407791 2.324595 -0.170537
v -1.400994 2.330286 -0.156143
v -1.400799 2.310233 -0.144600
v -1.415719 2.261311 -0.156143
v -1.419599 2.269281 -0.170537
v -1.478052 2.339594 -0.120946
v -1.465325 2.344019 -0.110738
v -1.460374 2.322951 -0.102552
v -1.480050 2.275044 -0.110738
v -1.489860 2.284280 -0.120946
v -1.517727 2.348064 -0.043648
v -1.501651 2.351774 -0.039964
v -1.494015 2.330132 -0.037010
v -1.516376 2.282799 -0.039964
v -1.529535 2.292750 -0.043648
v -1.517727 2.348064 0.043649
v -1.501651 2.351774 0.039965
v -1.494015 2.330132 0.037011
v -1.516376 2.282799 0.039965
v -1.529535 2.292750 0.043649
v -1.478052 2.339594 0.120947
v -1.465325 2.344019 0.110739
v -1.460374 2.322951 0.102552
v -1.480050 2.275044 0.110739
v -1.489860 2.284280 0.120947
v -1.407791 2.324595 0.170538
v -1.400994 2.330286 0.156144
v -1.400798 2.310233 0.144601
v -1.415719 2.261311 0.156144
v -1.419599 2.269281 0.170538
v -1.323039 2.306503 0.181060
v -1.323396 2.313721 0.165778
v -1.328937 2.294892 0.153523
v -1.338120 2.244745 0.165778
v -1.334848 2.251189 0.181060
v -1.243214 2.289462 0.150104
v -1.250308 2.298118 0.137435
v -1.261252 2.280443 0.127275
v -1.265032 2.229142 0.137435
v -1.255022 2.234148 0.150104
v -1.186600 2.277376 0.084761
v -1.198473 2.287052 0.077607
v -1.213249 2.270195 0.071870
v -1.213197 2.218077 0.077607
v -1.198409 2.222062 0.084761
vn 0.9910 0.1339 -0.0000
vn 0.8856 0.1564 -0.4374
vn -0.0626 0.9881 0.1404
vn -0.0965 0.9953 -0.0000
vn -0.8325 0.3074 0.4610
vn -0.9436 0.3311 -0.0000
vn -0.7506 -0.6607 -0.0000
vn -0.6838 -0.6750 0.2770
vn 0.7445 -0.5044 -0.4374
vn 0.8499 -0.5269 -0.0000
vn 0.5934 0.2188 -0.7746
vn 0.0312 0.9681 0.2486
vn -0.5246 0.2417 0.8163
vn -0.4988 -0.7145 0.4906
vn 0.4524 -0.4420 -0.7746
vn 0.1815 0.3067 -0.9343
vn 0.1634 0.9399 0.2999
vn -0.0905 0.1490 0.9847
vn -0.2379 -0.7702 0.5918
vn 0.0404 -0.3541 -0.9343
vn -0.2559 0.4001 -0.8800
vn 0.3038 0.9099 0.2825
vn 0.3705 0.0506 0.9275
vn 0.0391 -0.8293 0.5574
vn -0.3969 -0.2607 -0.8800
vn -0.6185 0.4775 -0.6241
vn 0.4202 0.8850 0.2003
vn 0.7526 -0.0310 0.6578
vn 0.2687 -0.8784 0.3953
vn -0.7595 -0.1833 -0.6241
vn -0.8232 0.5212 -0.2252
vn 0.4859 0.8710 0.0723
vn 0.9684 -0.0770 0.2374
vn 0.0391 -0.8293 -0.5574
vn 0.2687 -0.8784 -0.3953
vn 0.7526 -0.0310 -0.6578
vn 0.3705 0.0506 -0.9275
vn 0.3984 -0.9060 0.1427
vn -0.9643 -0.1396 -0.2252
vn 0.8856 0.1564 0.4374
vn 0.5934 0.2188 0.7746
vn 0.4524 -0.4420 0.7746
vn 0.7445 -0.5044 0.4374
vn -0.8232 0.5212 0.2252
vn 0.4859 0.8710 -0.0723
vn 0.9684 -0.0770 -0.2374
vn 0.3984 -0.9060 -0.1427
vn -0.9643 -0.1396 0.2252
vn -0.6185 0.4775 0.6241
vn 0.4202 0.8850 -0.2003
vn -0.7595 -0.1833 0.6241
vn -0.2559 0.4001 0.8800
vn 0.3038 0.9099 -0.2825
vn -0.3969 -0.2607 0.8800
vn 0.1815 0.3067 0.9343
vn 0.1634 0.9399 -0.2999
vn -0.0905 0.1490 -0.9847
vn -0.2379 -0.7702 -0.5918
vn 0.0404 -0.3541 0.9343
vn 0.0312 0.9681 -0.2486
vn -0.5246 0.2417 -0.8163
vn -0.8325 0.3074 -0.4610
vn -0.6838 -0.6750 -0.2770
vn -0.4988 -0.7145 -0.4906
vn -0.0626 0.9881 -0.1404
vt 0.538462 0.714286
vt 0.615385 0.714286
vt 0.615385 0.857143
vt 0.538462 0.857143
vt 0.615385 1.000000
vt 0.538462 1.000000
vt 0.538462 0.285714
vt 0.615385 0.285714
vt 0.615385 0.428571
vt 0.538462 0.428571
vt 0.692308 0.714286
vt 0.692308 0.857143
vt 0.692308 1.000000
vt 0.692308 0.285714
vt 0.692308 0.428571
vt 0.769231 0.714286
vt 0.769231 0.857143
vt 0.769231 1.000000
vt 0.769231 0.285714
vt 0.769231 0.428571
vt 0.846154 0.714286
vt 0.846154 0.857143
vt 0.846154 1.000000
vt 0.846154 0.285714
vt 0.846154 0.428571
vt 0.923077 0.714286
vt 0.923077 0.857143
vt 0.923077 1.000000
vt 0.923077 0.285714
vt 0.923077 0.428571
vt 1.000000 0.714286
vt 1.000000 0.857143
vt 1.000000 1.000000
vt 0.230769 0.285714
vt 0.153846 0.285714
vt 0.153846 1.000000
vt 0.230769 1.000000
vt 1.000000 0.285714
vt 1.000000 0.428571
vt 0.461538 0.714286
vt 0.384615 0.714286
vt 0.384615 0.428571
vt 0.461538 0.428571
vt -0.000000 0.714286
vt 0.076923 0.714286
vt 0.076923 0.857143
vt -0.000000 0.857143
vt 0.076923 1.000000
vt -0.000000 1.000000
vt -0.000000 0.285714
vt 0.076923 0.285714
vt 0.076923 0.428571
vt -0.000000 0.428571
vt 0.153846 0.714286
vt 0.153846 0.857143
vt 0.153846 0.428571
vt 0.230769 0.714286
vt 0.230769 0.857143
vt 0.230769 0.428571
vt 0.307692 0.714286
vt 0.307692 0.857143
vt 0.307692 1.000000
vt 0.307692 0.285714
vt 0.307692 0.428571
vt 0.384615 0.857143
vt 0.384615 1.000000
vt 0.461538 1.000000
vt 0.461538 0.285714
vt 0.384615 0.285714
vt 0.461538 0.857143
s 1
usemtl Глаза_обрамление
f 3422/4413/3448 3427/4414/3449 3428/4415/3450 3423/4416/3451
f 3423/4416/3451 3428/4415/3450 3429/4417/3452 3424/4418/3453
f 3425/4419/3454 3430/4420/3455 3431/4421/3456 3426/4422/3457
f 3427/4414/3449 3432/4423/3458 3433/4424/3459 3428/4415/3450
f 3428/4415/3450 3433/4424/3459 3434/4425/3460 3429/4417/3452
f 3430/4420/3455 3435/4426/3461 3436/4427/3462 3431/4421/3456
f 3432/4423/3458 3437/4428/3463 3438/4429/3464 3433/4424/3459
f 3433/4424/3459 3438/4429/3464 3439/4430/3465 3434/4425/3460
f 3435/4426/3461 3440/4431/3466 3441/4432/3467 3436/4427/3462
f 3437/4428/3463 3442/4433/3468 3443/4434/3469 3438/4429/3464
f 3438/4429/3464 3443/4434/3469 3444/4435/3470 3439/4430/3465
f 3440/4431/3466 3445/4436/3471 3446/4437/3472 3441/4432/3467
f 3442/4433/3468 3447/4438/3473 3448/4439/3474 3443/4434/3469
f 3443/4434/3469 3448/4439/3474 3449/4440/3475 3444/4435/3470
f 3445/4436/3471 3450/4441/3476 3451/4442/3477 3446/4437/3472
f 3447/4438/3473 3452/4443/3478 3453/4444/3479 3448/4439/3474
f 3448/4439/3474 3453/4444/3479 3454/4445/3480 3449/4440/3475
f 3470/4446/3481 3465/4447/3482 3464/4448/3483 3469/4449/3484
f 3450/4441/3476 3455/4450/3485 3456/4451/3486 3451/4442/3477
f 3482/4452/3487 3477/4453/3488 3481/4454/3489 3486/4455/3490
f 3482/4452/3487 3486/4455/3490 3426/4422/3457 3422/4413/3448
f 3452/4456/3478 3457/4457/3491 3458/4458/3492 3453/4459/3479
f 3453/4459/3479 3458/4458/3492 3459/4460/3493 3454/4461/3480
f 3455/4462/3485 3454/4461/3480 3459/4460/3493 3460/4463/3494
f 3464/4448/3483 3465/4447/3482 3460/4463/3494 3459/4460/3493
f 3455/4462/3485 3460/4463/3494 3461/4464/3495 3456/4465/3486
f 3431/4421/3456 3427/4414/3449 3422/4413/3448 3426/4422/3457
f 3432/4423/3458 3427/4414/3449 3431/4421/3456 3436/4427/3462
f 3457/4457/3491 3462/4466/3496 3463/4467/3497 3458/4458/3492
f 3458/4458/3492 3463/4467/3497 3464/4448/3483 3459/4460/3493
f 3455/4450/3485 3450/4441/3476 3449/4440/3475 3454/4445/3480
f 3450/4441/3476 3445/4436/3471 3444/4435/3470 3449/4440/3475
f 3460/4463/3494 3465/4447/3482 3466/4468/3498 3461/4464/3495
f 3441/4432/3467 3437/4428/3463 3432/4423/3458 3436/4427/3462
f 3442/4433/3468 3437/4428/3463 3441/4432/3467 3446/4437/3472
f 3462/4466/3496 3467/4469/3499 3468/4470/3500 3463/4467/3497
f 3463/4467/3497 3468/4470/3500 3469/4449/3484 3464/4448/3483
f 3439/4430/3465 3440/4431/3466 3435/4426/3461 3434/4425/3460
f 3440/4431/3466 3439/4430/3465 3444/4435/3470 3445/4436/3471
f 3465/4447/3482 3470/4446/3481 3471/4471/3501 3466/4468/3498
f 3442/4433/3468 3446/4437/3472 3451/4442/3477 3447/4438/3473
f 3447/4438/3473 3451/4442/3477 3456/4465/3486 3452/4443/3478
f 3467/4469/3499 3472/4472/3502 3473/4473/3503 3468/4470/3500
f 3468/4470/3500 3473/4473/3503 3474/4474/3504 3469/4449/3484
f 3434/4425/3460 3435/4426/3461 3430/4420/3455 3429/4417/3452
f 3425/4419/3454 3424/4418/3453 3429/4417/3452 3430/4420/3455
f 3470/4446/3481 3475/4475/3505 3476/4476/3506 3471/4471/3501
f 3456/4465/3486 3461/4464/3495 3457/4457/3491 3452/4456/3478
f 3462/4466/3496 3457/4457/3491 3461/4464/3495 3466/4468/3498
f 3472/4472/3502 3477/4453/3488 3478/4477/3507 3473/4473/3503
f 3473/4473/3503 3478/4477/3507 3479/4478/3508 3474/4474/3504
f 3484/4479/3509 3485/4480/3510 3480/4481/3511 3479/4478/3508
f 3425/4419/3454 3485/4480/3510 3484/4479/3509 3424/4418/3453
f 3475/4475/3505 3480/4481/3511 3481/4454/3489 3476/4476/3506
f 3467/4469/3499 3462/4466/3496 3466/4468/3498 3471/4471/3501
f 3481/4454/3489 3477/4453/3488 3472/4472/3502 3476/4476/3506
f 3477/4453/3488 3482/4452/3487 3483/4482/3512 3478/4477/3507
f 3478/4477/3507 3483/4482/3512 3484/4479/3509 3479/4478/3508
f 3475/4475/3505 3474/4474/3504 3479/4478/3508 3480/4481/3511
f 3475/4475/3505 3470/4446/3481 3469/4449/3484 3474/4474/3504
f 3480/4481/3511 3485/4480/3510 3486/4455/3490 3481/4454/3489
f 3476/4476/3506 3472/4472/3502 3467/4469/3499 3471/4471/3501
f 3482/4452/3487 3422/4413/3448 3423/4416/3451 3483/4482/3512
f 3483/4482/3512 3423/4416/3451 3424/4418/3453 3484/4479/3509
f 3485/4480/3510 3425/4419/3454 3426/4422/3457 3486/4455/3490
o Torus.018
v 1.162085 2.464082 0.146755
v 1.156825 2.464082 0.142754
v 1.169186 2.464082 0.139042
v 1.184050 2.464082 0.151381
v 1.178610 2.464082 0.154403
v 1.161328 2.545478 0.129845
v 1.161521 2.538558 0.118280
v 1.173012 2.533010 0.116617
v 1.193281 2.538558 0.139607
v 1.186797 2.545478 0.146948
v 1.186906 2.608675 0.079737
v 1.186664 2.596422 0.069930
v 1.202105 2.586596 0.074192
v 1.230473 2.596422 0.103906
v 1.222039 2.608675 0.106983
v 1.225965 2.638615 0.013773
v 1.221480 2.623835 0.008412
v 1.237775 2.611982 0.018150
v 1.277214 2.623835 0.047743
v 1.270660 2.638615 0.045314
v 1.274292 2.628438 -0.054708
v 1.265728 2.614517 -0.054289
v 1.278752 2.603353 -0.039916
v 1.321462 2.614517 -0.014958
v 1.318987 2.628438 -0.023167
v 1.314356 2.580476 -0.111480
v 1.302411 2.570603 -0.106270
v 1.312723 2.562685 -0.088054
v 1.358144 2.570603 -0.066939
v 1.359051 2.580476 -0.079939
v 1.336979 2.505715 -0.143539
v 1.323125 2.502152 -0.135623
v 1.331905 2.499295 -0.115237
v 1.378858 2.502152 -0.096291
v 1.381674 2.505715 -0.111998
v 1.336979 2.421284 -0.143539
v 1.323125 2.424847 -0.135623
v 1.331905 2.427704 -0.115237
v 1.378858 2.424847 -0.096292
v 1.381674 2.421284 -0.111998
v 1.314356 2.346523 -0.111480
v 1.302411 2.356396 -0.106270
v 1.312723 2.364314 -0.088054
v 1.358144 2.356396 -0.066939
v 1.359051 2.346523 -0.079939
v 1.274291 2.298561 -0.054708
v 1.265728 2.312482 -0.054289
v 1.278752 2.323646 -0.039916
v 1.321462 2.312482 -0.014958
v 1.318986 2.298561 -0.023167
v 1.225965 2.288384 0.013773
v 1.221480 2.303164 0.008412
v 1.237775 2.315017 0.018150
v 1.277214 2.303164 0.047743
v 1.270660 2.288384 0.045314
v 1.186906 2.318323 0.079736
v 1.186664 2.330577 0.069930
v 1.202105 2.340403 0.074192
v 1.230473 2.330577 0.103906
v 1.222039 2.318323 0.106983
v 1.161327 2.381521 0.129845
v 1.161521 2.388441 0.118280
v 1.173012 2.393989 0.116617
v 1.193281 2.388441 0.139607
v 1.186797 2.381521 0.146948
vn -0.7390 0.0009 0.6737
vn -0.7334 0.3753 0.5668
vn -0.8758 -0.1412 -0.4616
vn -0.9472 -0.0005 -0.3208
vn 0.3287 -0.4994 -0.8016
vn 0.3690 -0.0024 -0.9294
vn 0.9832 -0.0014 -0.1826
vn 0.9377 -0.3476 0.0026
vn -0.1751 0.3777 0.9092
vn -0.1641 0.0009 0.9864
vn -0.6005 0.7586 0.2529
vn -0.7616 -0.2501 -0.5979
vn 0.1949 -0.8414 -0.5040
vn 0.8235 -0.5214 0.2237
vn -0.0387 0.7518 0.6583
vn -0.3560 0.9295 -0.0961
vn -0.7819 -0.2985 -0.5473
vn -0.0447 -0.9860 -0.1605
vn 0.6872 -0.5910 0.4226
vn 0.2085 0.9317 0.2973
vn -0.0836 0.8800 -0.4675
vn -0.8406 -0.2825 -0.4621
vn -0.3064 -0.9275 0.2143
vn 0.5341 -0.5574 0.6356
vn 0.4685 0.8800 -0.0779
vn 0.1302 0.6241 -0.7704
vn -0.9092 -0.2003 -0.3649
vn -0.5317 -0.6578 0.5335
vn 0.3987 -0.3953 0.8275
vn 0.6822 0.6241 -0.3808
vn 0.2509 0.2252 -0.9414
vn -0.9480 -0.0723 -0.3100
vn -0.6589 -0.2374 0.7138
vn 0.5341 0.5574 0.6356
vn 0.3987 0.3953 0.8275
vn -0.5317 0.6578 0.5335
vn -0.3064 0.9275 0.2143
vn 0.3223 -0.1427 0.9358
vn 0.8029 0.2252 -0.5519
vn -0.7335 -0.3744 0.5673
vn -0.6005 -0.7586 0.2529
vn -0.0387 -0.7518 0.6583
vn -0.1755 -0.3769 0.9095
vn 0.2509 -0.2252 -0.9414
vn -0.9480 0.0723 -0.3100
vn -0.6589 0.2374 0.7138
vn 0.3223 0.1427 0.9358
vn 0.8029 -0.2252 -0.5519
vn 0.1302 -0.6241 -0.7704
vn -0.9092 0.2003 -0.3649
vn 0.6822 -0.6241 -0.3808
vn -0.0836 -0.8800 -0.4675
vn -0.8406 0.2825 -0.4621
vn 0.4685 -0.8800 -0.0779
vn -0.3560 -0.9295 -0.0961
vn -0.7819 0.2985 -0.5473
vn -0.0447 0.9860 -0.1605
vn 0.6872 0.5910 0.4226
vn 0.2085 -0.9317 0.2973
vn -0.7616 0.2501 -0.5979
vn 0.1949 0.8414 -0.5040
vn 0.3292 0.4972 -0.8028
vn 0.9381 0.3464 0.0029
vn 0.8235 0.5214 0.2237
vn -0.8764 0.1404 -0.4606
vt 0.538462 0.714286
vt 0.615385 0.714286
vt 0.615385 0.857143
vt 0.538462 0.857143
vt 0.615385 1.000000
vt 0.538462 1.000000
vt 0.538462 0.285714
vt 0.615385 0.285714
vt 0.615385 0.428571
vt 0.538462 0.428571
vt 0.692308 0.714286
vt 0.692308 0.857143
vt 0.692308 1.000000
vt 0.692308 0.285714
vt 0.692308 0.428571
vt 0.769231 0.714286
vt 0.769231 0.857143
vt 0.769231 1.000000
vt 0.769231 0.285714
vt 0.769231 0.428571
vt 0.846154 0.714286
vt 0.846154 0.857143
vt 0.846154 1.000000
vt 0.846154 0.285714
vt 0.846154 0.428571
vt 0.923077 0.714286
vt 0.923077 0.857143
vt 0.923077 1.000000
vt 0.923077 0.285714
vt 0.923077 0.428571
vt 1.000000 0.714286
vt 1.000000 0.857143
vt 1.000000 1.000000
vt 0.230769 0.285714
vt 0.153846 0.285714
vt 0.153846 1.000000
vt 0.230769 1.000000
vt 1.000000 0.285714
vt 1.000000 0.428571
vt 0.461538 0.714286
vt 0.384615 0.714286
vt 0.384615 0.428571
vt 0.461538 0.428571
vt -0.000000 0.714286
vt 0.076923 0.714286
vt 0.076923 0.857143
vt -0.000000 0.857143
vt 0.076923 1.000000
vt -0.000000 1.000000
vt -0.000000 0.285714
vt 0.076923 0.285714
vt 0.076923 0.428571
vt -0.000000 0.428571
vt 0.153846 0.714286
vt 0.153846 0.857143
vt 0.153846 0.428571
vt 0.230769 0.714286
vt 0.230769 0.857143
vt 0.230769 0.428571
vt 0.307692 0.714286
vt 0.307692 0.857143
vt 0.307692 1.000000
vt 0.307692 0.285714
vt 0.307692 0.428571
vt 0.384615 0.857143
vt 0.384615 1.000000
vt 0.461538 1.000000
vt 0.461538 0.285714
vt 0.384615 0.285714
vt 0.461538 0.857143
s 1
usemtl Глаза_обрамление
f 3487/4483/3513 3492/4484/3514 3493/4485/3515 3488/4486/3516
f 3488/4486/3516 3493/4485/3515 3494/4487/3517 3489/4488/3518
f 3490/4489/3519 3495/4490/3520 3496/4491/3521 3491/4492/3522
f 3492/4484/3514 3497/4493/3523 3498/4494/3524 3493/4485/3515
f 3493/4485/3515 3498/4494/3524 3499/4495/3525 3494/4487/3517
f 3495/4490/3520 3500/4496/3526 3501/4497/3527 3496/4491/3521
f 3497/4493/3523 3502/4498/3528 3503/4499/3529 3498/4494/3524
f 3498/4494/3524 3503/4499/3529 3504/4500/3530 3499/4495/3525
f 3500/4496/3526 3505/4501/3531 3506/4502/3532 3501/4497/3527
f 3502/4498/3528 3507/4503/3533 3508/4504/3534 3503/4499/3529
f 3503/4499/3529 3508/4504/3534 3509/4505/3535 3504/4500/3530
f 3505/4501/3531 3510/4506/3536 3511/4507/3537 3506/4502/3532
f 3507/4503/3533 3512/4508/3538 3513/4509/3539 3508/4504/3534
f 3508/4504/3534 3513/4509/3539 3514/4510/3540 3509/4505/3535
f 3510/4506/3536 3515/4511/3541 3516/4512/3542 3511/4507/3537
f 3512/4508/3538 3517/4513/3543 3518/4514/3544 3513/4509/3539
f 3513/4509/3539 3518/4514/3544 3519/4515/3545 3514/4510/3540
f 3535/4516/3546 3530/4517/3547 3529/4518/3548 3534/4519/3549
f 3515/4511/3541 3520/4520/3550 3521/4521/3551 3516/4512/3542
f 3547/4522/3552 3542/4523/3553 3546/4524/3554 3551/4525/3555
f 3547/4522/3552 3551/4525/3555 3491/4492/3522 3487/4483/3513
f 3517/4526/3543 3522/4527/3556 3523/4528/3557 3518/4529/3544
f 3518/4529/3544 3523/4528/3557 3524/4530/3558 3519/4531/3545
f 3520/4532/3550 3519/4531/3545 3524/4530/3558 3525/4533/3559
f 3529/4518/3548 3530/4517/3547 3525/4533/3559 3524/4530/3558
f 3520/4532/3550 3525/4533/3559 3526/4534/3560 3521/4535/3551
f 3496/4491/3521 3492/4484/3514 3487/4483/3513 3491/4492/3522
f 3497/4493/3523 3492/4484/3514 3496/4491/3521 3501/4497/3527
f 3522/4527/3556 3527/4536/3561 3528/4537/3562 3523/4528/3557
f 3523/4528/3557 3528/4537/3562 3529/4518/3548 3524/4530/3558
f 3520/4520/3550 3515/4511/3541 3514/4510/3540 3519/4515/3545
f 3515/4511/3541 3510/4506/3536 3509/4505/3535 3514/4510/3540
f 3525/4533/3559 3530/4517/3547 3531/4538/3563 3526/4534/3560
f 3506/4502/3532 3502/4498/3528 3497/4493/3523 3501/4497/3527
f 3507/4503/3533 3502/4498/3528 3506/4502/3532 3511/4507/3537
f 3527/4536/3561 3532/4539/3564 3533/4540/3565 3528/4537/3562
f 3528/4537/3562 3533/4540/3565 3534/4519/3549 3529/4518/3548
f 3504/4500/3530 3505/4501/3531 3500/4496/3526 3499/4495/3525
f 3505/4501/3531 3504/4500/3530 3509/4505/3535 3510/4506/3536
f 3530/4517/3547 3535/4516/3546 3536/4541/3566 3531/4538/3563
f 3507/4503/3533 3511/4507/3537 3516/4512/3542 3512/4508/3538
f 3512/4508/3538 3516/4512/3542 3521/4535/3551 3517/4513/3543
f 3532/4539/3564 3537/4542/3567 3538/4543/3568 3533/4540/3565
f 3533/4540/3565 3538/4543/3568 3539/4544/3569 3534/4519/3549
f 3499/4495/3525 3500/4496/3526 3495/4490/3520 3494/4487/3517
f 3490/4489/3519 3489/4488/3518 3494/4487/3517 3495/4490/3520
f 3535/4516/3546 3540/4545/3570 3541/4546/3571 3536/4541/3566
f 3521/4535/3551 3526/4534/3560 3522/4527/3556 3517/4526/3543
f 3527/4536/3561 3522/4527/3556 3526/4534/3560 3531/4538/3563
f 3537/4542/3567 3542/4523/3553 3543/4547/3572 3538/4543/3568
f 3538/4543/3568 3543/4547/3572 3544/4548/3573 3539/4544/3569
f 3549/4549/3574 3550/4550/3575 3545/4551/3576 3544/4548/3573
f 3490/4489/3519 3550/4550/3575 3549/4549/3574 3489/4488/3518
f 3540/4545/3570 3545/4551/3576 3546/4524/3554 3541/4546/3571
f 3532/4539/3564 3527/4536/3561 3531/4538/3563 3536/4541/3566
f 3546/4524/3554 3542/4523/3553 3537/4542/3567 3541/4546/3571
f 3542/4523/3553 3547/4522/3552 3548/4552/3577 3543/4547/3572
f 3543/4547/3572 3548/4552/3577 3549/4549/3574 3544/4548/3573
f 3540/4545/3570 3539/4544/3569 3544/4548/3573 3545/4551/3576
f 3540/4545/3570 3535/4516/3546 3534/4519/3549 3539/4544/3569
f 3545/4551/3576 3550/4550/3575 3551/4525/3555 3546/4524/3554
f 3541/4546/3571 3537/4542/3567 3532/4539/3564 3536/4541/3566
f 3547/4522/3552 3487/4483/3513 3488/4486/3516 3548/4552/3577
f 3548/4552/3577 3488/4486/3516 3489/4488/3518 3549/4549/3574
f 3550/4550/3575 3490/4489/3519 3491/4492/3522 3551/4525/3555
o Torus.007
v -1.187512 2.122608 0.000000
v -1.202889 2.129585 0.000000
v -1.215221 2.110036 0.000000
v -1.202889 2.059133 0.000000
v -1.187512 2.066110 0.000000
v -1.208381 2.122608 -0.084667
v -1.221997 2.129585 -0.077521
v -1.232916 2.110036 -0.071790
v -1.221997 2.059133 -0.077521
v -1.208381 2.066110 -0.084667
v -1.266206 2.122608 -0.149939
v -1.274941 2.129585 -0.137283
v -1.281947 2.110036 -0.127135
v -1.274941 2.059133 -0.137283
v -1.266206 2.066110 -0.149939
v -1.347741 2.122608 -0.180861
v -1.349594 2.129585 -0.165596
v -1.351081 2.110036 -0.153354
v -1.349594 2.059133 -0.165596
v -1.347741 2.066110 -0.180861
v -1.434307 2.122608 -0.170350
v -1.428854 2.129585 -0.155972
v -1.424481 2.110036 -0.144441
v -1.428854 2.059133 -0.155972
v -1.434307 2.066110 -0.170350
v -1.506072 2.122608 -0.120814
v -1.494562 2.129585 -0.110617
v -1.485332 2.110036 -0.102439
v -1.494562 2.059133 -0.110617
v -1.506072 2.066110 -0.120814
v -1.546597 2.122608 -0.043600
v -1.531666 2.129585 -0.039920
v -1.519693 2.110036 -0.036969
v -1.531666 2.059133 -0.039920
v -1.546597 2.066110 -0.043600
v -1.546597 2.122608 0.043601
v -1.531666 2.129585 0.039921
v -1.519693 2.110036 0.036970
v -1.531666 2.059133 0.039921
v -1.546597 2.066110 0.043601
v -1.506072 2.122608 0.120814
v -1.494562 2.129585 0.110617
v -1.485332 2.110036 0.102440
v -1.494562 2.059133 0.110617
v -1.506072 2.066110 0.120814
v -1.434307 2.122608 0.170350
v -1.428854 2.129585 0.155972
v -1.424481 2.110036 0.144442
v -1.428854 2.059133 0.155972
v -1.434307 2.066110 0.170350
v -1.347741 2.122608 0.180861
v -1.349594 2.129585 0.165596
v -1.351081 2.110036 0.153354
v -1.349594 2.059133 0.165596
v -1.347741 2.066110 0.180861
v -1.266206 2.122608 0.149939
v -1.274941 2.129585 0.137284
v -1.281947 2.110036 0.127135
v -1.274941 2.059133 0.137284
v -1.266206 2.066110 0.149939
v -1.208381 2.122608 0.084668
v -1.221997 2.129585 0.077522
v -1.232916 2.110036 0.071791
v -1.221997 2.059133 0.077522
v -1.208381 2.066110 0.084668
vn 0.9412 0.3378 -0.0000
vn 0.8334 0.3378 -0.4374
vn -0.2675 0.9533 0.1404
vn -0.3021 0.9533 -0.0000
vn -0.8783 0.1268 0.4610
vn -0.9919 0.1268 -0.0000
vn -0.5961 -0.8029 -0.0000
vn -0.5278 -0.8029 0.2770
vn 0.8334 -0.3378 -0.4374
vn 0.9412 -0.3378 -0.0000
vn 0.5347 0.3378 -0.7746
vn -0.1716 0.9533 0.2486
vn -0.5635 0.1268 0.8163
vn -0.3386 -0.8029 0.4906
vn 0.5347 -0.3378 -0.7746
vn 0.1135 0.3378 -0.9343
vn -0.0364 0.9533 0.2999
vn -0.1196 0.1268 0.9847
vn -0.0719 -0.8029 0.5918
vn 0.1135 -0.3378 -0.9343
vn -0.3338 0.3378 -0.8800
vn 0.1071 0.9533 0.2825
vn 0.3517 0.1268 0.9275
vn 0.2114 -0.8029 0.5574
vn -0.3338 -0.3378 -0.8800
vn -0.7045 0.3378 -0.6241
vn 0.2261 0.9533 0.2003
vn 0.7425 0.1268 0.6578
vn 0.4462 -0.8029 0.3953
vn -0.7045 -0.3378 -0.6241
vn -0.9139 0.3378 -0.2252
vn 0.2934 0.9533 0.0723
vn 0.9631 0.1268 0.2374
vn 0.2114 -0.8029 -0.5574
vn 0.4462 -0.8029 -0.3953
vn 0.7425 0.1268 -0.6578
vn 0.3517 0.1268 -0.9275
vn 0.5788 -0.8029 0.1427
vn -0.9139 -0.3378 -0.2252
vn 0.8334 0.3378 0.4374
vn 0.5347 0.3378 0.7746
vn 0.5347 -0.3378 0.7746
vn 0.8334 -0.3378 0.4374
vn -0.9139 0.3378 0.2252
vn 0.2934 0.9533 -0.0723
vn 0.9631 0.1268 -0.2374
vn 0.5788 -0.8029 -0.1427
vn -0.9139 -0.3378 0.2252
vn -0.7045 0.3378 0.6241
vn 0.2261 0.9533 -0.2003
vn -0.7045 -0.3378 0.6241
vn -0.3338 0.3378 0.8800
vn 0.1071 0.9533 -0.2825
vn -0.3338 -0.3378 0.8800
vn 0.1135 0.3378 0.9343
vn -0.0364 0.9533 -0.2999
vn -0.1196 0.1268 -0.9847
vn -0.0719 -0.8029 -0.5918
vn 0.1135 -0.3378 0.9343
vn -0.1716 0.9533 -0.2486
vn -0.5635 0.1268 -0.8163
vn -0.8783 0.1268 -0.4610
vn -0.5278 -0.8029 -0.2770
vn -0.3386 -0.8029 -0.4906
vn -0.2675 0.9533 -0.1404
vt 0.538462 0.714286
vt 0.615385 0.714286
vt 0.615385 0.857143
vt 0.538462 0.857143
vt 0.615385 1.000000
vt 0.538462 1.000000
vt 0.538462 0.285714
vt 0.615385 0.285714
vt 0.615385 0.428571
vt 0.538462 0.428571
vt 0.692308 0.714286
vt 0.692308 0.857143
vt 0.692308 1.000000
vt 0.692308 0.285714
vt 0.692308 0.428571
vt 0.769231 0.714286
vt 0.769231 0.857143
vt 0.769231 1.000000
vt 0.769231 0.285714
vt 0.769231 0.428571
vt 0.846154 0.714286
vt 0.846154 0.857143
vt 0.846154 1.000000
vt 0.846154 0.285714
vt 0.846154 0.428571
vt 0.923077 0.714286
vt 0.923077 0.857143
vt 0.923077 1.000000
vt 0.923077 0.285714
vt 0.923077 0.428571
vt 1.000000 0.714286
vt 1.000000 0.857143
vt 1.000000 1.000000
vt 0.230769 0.285714
vt 0.153846 0.285714
vt 0.153846 1.000000
vt 0.230769 1.000000
vt 1.000000 0.285714
vt 1.000000 0.428571
vt 0.461538 0.714286
vt 0.384615 0.714286
vt 0.384615 0.428571
vt 0.461538 0.428571
vt -0.000000 0.714286
vt 0.076923 0.714286
vt 0.076923 0.857143
vt -0.000000 0.857143
vt 0.076923 1.000000
vt -0.000000 1.000000
vt -0.000000 0.285714
vt 0.076923 0.285714
vt 0.076923 0.428571
vt -0.000000 0.428571
vt 0.153846 0.714286
vt 0.153846 0.857143
vt 0.153846 0.428571
vt 0.230769 0.714286
vt 0.230769 0.857143
vt 0.230769 0.428571
vt 0.307692 0.714286
vt 0.307692 0.857143
vt 0.307692 1.000000
vt 0.307692 0.285714
vt 0.307692 0.428571
vt 0.384615 0.857143
vt 0.384615 1.000000
vt 0.461538 1.000000
vt 0.461538 0.285714
vt 0.384615 0.285714
vt 0.461538 0.857143
s 1
usemtl Глаза_обрамление
f 3552/4553/3578 3557/4554/3579 3558/4555/3580 3553/4556/3581
f 3553/4556/3581 3558/4555/3580 3559/4557/3582 3554/4558/3583
f 3555/4559/3584 3560/4560/3585 3561/4561/3586 3556/4562/3587
f 3557/4554/3579 3562/4563/3588 3563/4564/3589 3558/4555/3580
f 3558/4555/3580 3563/4564/3589 3564/4565/3590 3559/4557/3582
f 3560/4560/3585 3565/4566/3591 3566/4567/3592 3561/4561/3586
f 3562/4563/3588 3567/4568/3593 3568/4569/3594 3563/4564/3589
f 3563/4564/3589 3568/4569/3594 3569/4570/3595 3564/4565/3590
f 3565/4566/3591 3570/4571/3596 3571/4572/3597 3566/4567/3592
f 3567/4568/3593 3572/4573/3598 3573/4574/3599 3568/4569/3594
f 3568/4569/3594 3573/4574/3599 3574/4575/3600 3569/4570/3595
f 3570/4571/3596 3575/4576/3601 3576/4577/3602 3571/4572/3597
f 3572/4573/3598 3577/4578/3603 3578/4579/3604 3573/4574/3599
f 3573/4574/3599 3578/4579/3604 3579/4580/3605 3574/4575/3600
f 3575/4576/3601 3580/4581/3606 3581/4582/3607 3576/4577/3602
f 3577/4578/3603 3582/4583/3608 3583/4584/3609 3578/4579/3604
f 3578/4579/3604 3583/4584/3609 3584/4585/3610 3579/4580/3605
f 3600/4586/3611 3595/4587/3612 3594/4588/3613 3599/4589/3614
f 3580/4581/3606 3585/4590/3615 3586/4591/3616 3581/4582/3607
f 3612/4592/3617 3607/4593/3618 3611/4594/3619 3616/4595/3620
f 3612/4592/3617 3616/4595/3620 3556/4562/3587 3552/4553/3578
f 3582/4596/3608 3587/4597/3621 3588/4598/3622 3583/4599/3609
f 3583/4599/3609 3588/4598/3622 3589/4600/3623 3584/4601/3610
f 3585/4602/3615 3584/4601/3610 3589/4600/3623 3590/4603/3624
f 3594/4588/3613 3595/4587/3612 3590/4603/3624 3589/4600/3623
f 3585/4602/3615 3590/4603/3624 3591/4604/3625 3586/4605/3616
f 3561/4561/3586 3557/4554/3579 3552/4553/3578 3556/4562/3587
f 3562/4563/3588 3557/4554/3579 3561/4561/3586 3566/4567/3592
f 3587/4597/3621 3592/4606/3626 3593/4607/3627 3588/4598/3622
f 3588/4598/3622 3593/4607/3627 3594/4588/3613 3589/4600/3623
f 3585/4590/3615 3580/4581/3606 3579/4580/3605 3584/4585/3610
f 3580/4581/3606 3575/4576/3601 3574/4575/3600 3579/4580/3605
f 3590/4603/3624 3595/4587/3612 3596/4608/3628 3591/4604/3625
f 3571/4572/3597 3567/4568/3593 3562/4563/3588 3566/4567/3592
f 3572/4573/3598 3567/4568/3593 3571/4572/3597 3576/4577/3602
f 3592/4606/3626 3597/4609/3629 3598/4610/3630 3593/4607/3627
f 3593/4607/3627 3598/4610/3630 3599/4589/3614 3594/4588/3613
f 3569/4570/3595 3570/4571/3596 3565/4566/3591 3564/4565/3590
f 3570/4571/3596 3569/4570/3595 3574/4575/3600 3575/4576/3601
f 3595/4587/3612 3600/4586/3611 3601/4611/3631 3596/4608/3628
f 3572/4573/3598 3576/4577/3602 3581/4582/3607 3577/4578/3603
f 3577/4578/3603 3581/4582/3607 3586/4605/3616 3582/4583/3608
f 3597/4609/3629 3602/4612/3632 3603/4613/3633 3598/4610/3630
f 3598/4610/3630 3603/4613/3633 3604/4614/3634 3599/4589/3614
f 3564/4565/3590 3565/4566/3591 3560/4560/3585 3559/4557/3582
f 3555/4559/3584 3554/4558/3583 3559/4557/3582 3560/4560/3585
f 3600/4586/3611 3605/4615/3635 3606/4616/3636 3601/4611/3631
f 3586/4605/3616 3591/4604/3625 3587/4597/3621 3582/4596/3608
f 3592/4606/3626 3587/4597/3621 3591/4604/3625 3596/4608/3628
f 3602/4612/3632 3607/4593/3618 3608/4617/3637 3603/4613/3633
f 3603/4613/3633 3608/4617/3637 3609/4618/3638 3604/4614/3634
f 3614/4619/3639 3615/4620/3640 3610/4621/3641 3609/4618/3638
f 3555/4559/3584 3615/4620/3640 3614/4619/3639 3554/4558/3583
f 3605/4615/3635 3610/4621/3641 3611/4594/3619 3606/4616/3636
f 3597/4609/3629 3592/4606/3626 3596/4608/3628 3601/4611/3631
f 3611/4594/3619 3607/4593/3618 3602/4612/3632 3606/4616/3636
f 3607/4593/3618 3612/4592/3617 3613/4622/3642 3608/4617/3637
f 3608/4617/3637 3613/4622/3642 3614/4619/3639 3609/4618/3638
f 3605/4615/3635 3604/4614/3634 3609/4618/3638 3610/4621/3641
f 3605/4615/3635 3600/4586/3611 3599/4589/3614 3604/4614/3634
f 3610/4621/3641 3615/4620/3640 3616/4595/3620 3611/4594/3619
f 3606/4616/3636 3602/4612/3632 3597/4609/3629 3601/4611/3631
f 3612/4592/3617 3552/4553/3578 3553/4556/3581 3613/4622/3642
f 3613/4622/3642 3553/4556/3581 3554/4558/3583 3614/4619/3639
f 3615/4620/3640 3555/4559/3584 3556/4562/3587 3616/4595/3620
o Cube
v -0.633399 1.288708 0.535375
v -0.633399 2.620059 0.535374
v -0.633399 1.288707 -0.535374
v -0.633399 2.620059 -0.535374
v 0.675286 1.288708 0.535375
v 0.675286 2.620059 0.535374
v 0.675286 1.288707 -0.535374
v 0.675286 2.620059 -0.535374
v -0.633399 1.599607 0.535374
v -0.633399 1.599607 -0.535374
v 0.675286 1.599607 -0.535374
v 0.675286 1.599607 0.535374
v -0.664547 1.290309 -0.560858
v -0.664547 1.290309 0.560859
v -0.664547 1.595550 -0.560858
v 0.706434 1.290309 -0.560858
v 0.706434 1.595550 -0.560858
v 0.706434 1.290309 0.560859
v 0.706434 1.595550 0.560859
v -0.664547 1.595550 0.560859
v -0.633399 2.541510 0.535374
v -0.633399 2.541510 -0.535374
v 0.675286 2.541510 -0.535374
v 0.675286 2.541510 0.535374
v -0.649747 2.543034 0.548750
v -0.649747 2.618654 0.548750
v -0.649747 2.618654 -0.548750
v 0.691634 2.618654 -0.548750
v 0.691634 2.618654 0.548750
v -0.649747 2.543034 -0.548750
v 0.691634 2.543034 -0.548750
v 0.691634 2.543034 0.548750
v 0.011027 1.599607 0.535374
vn -0.0856 0.9963 -0.0000
vn 0.0856 0.9963 -0.0000
vn 0.0929 -0.9957 -0.0000
vn -0.0929 -0.9957 -0.0000
vn -0.0000 -1.0000 -0.0000
vn -0.0000 1.0000 -0.0000
vn -0.0000 -0.9980 0.0627
vn -0.0000 0.9876 0.1572
vn 0.0513 -0.9987 -0.0000
vn -0.0000 0.9876 -0.1572
vn -0.0000 -0.0000 1.0000
vn 1.0000 -0.0000 -0.0000
vn -0.0000 -0.0000 -1.0000
vn -1.0000 -0.0000 -0.0000
vn -0.1291 0.9916 -0.0000
vn 0.1291 0.9916 -0.0000
vn -0.0000 -0.9980 -0.0627
vn -0.0513 -0.9987 -0.0000
vn -0.0000 0.9945 0.1044
vn -0.0000 -0.9936 -0.1132
vn -0.0000 -0.9936 0.1132
vn -0.0000 0.9945 -0.1044
vt 0.875000 0.750000
vt 0.875000 0.500000
vt 0.625000 0.500000
vt 0.625000 0.750000
vt 0.615942 0.750000
vt 0.615942 0.500000
vt 0.615942 0.250000
vt 0.615942 0.000000
vt 0.125000 0.500000
vt 0.375000 0.500000
vt 0.375000 0.750000
vt 0.125000 0.750000
vt 0.500000 0.750000
vt 0.500000 0.876894
vt 0.500000 1.000000
vt 0.500000 0.250000
vt 0.500000 0.500000
vt 0.375000 1.000000
vt 0.375000 0.250000
vt 0.375000 0.000000
vt 0.500000 0.000000
vt 0.625000 0.000000
vt 0.625000 0.250000
vt 0.625000 1.000000
vt 0.615942 1.000000
s 1
usemtl Рубашка
f 3618/4623/3643 3620/4624/3643 3643/4624/3643 3642/4623/3643
f 3624/4625/3644 3622/4626/3644 3645/4626/3644 3644/4625/3644
f 3619/4631/3647 3623/4632/3647 3621/4633/3647 3617/4634/3647
f 3624/4625/3648 3620/4624/3648 3618/4623/3648 3622/4626/3648
f 3617/4634/3649 3621/4633/3649 3634/4633/3649 3630/4634/3649
f 3621/4633/3651 3623/4632/3651 3632/4632/3651 3634/4633/3651
f 3623/4632/3659 3619/4631/3659 3629/4631/3659 3632/4632/3659
f 3619/4631/3660 3617/4634/3660 3630/4634/3660 3629/4631/3660
f 3628/4635/3653 3640/4627/3653 3649/4636/3653
f 3627/4639/3654 3639/4628/3654 3640/4627/3654 3628/4635/3654
f 3626/4638/3655 3638/4629/3655 3639/4628/3655 3627/4639/3655
f 3625/4643/3656 3637/4630/3656 3638/4629/3656 3626/4638/3656
f 3622/4626/3661 3618/4623/3661 3642/4623/3661 3645/4626/3661
f 3620/4624/3664 3624/4625/3664 3644/4625/3664 3643/4624/3664
f 3649/4636/3653 3637/4647/3653 3625/4637/3653
usemtl Футболка
f 3634/4633/3653 3635/4635/3653 3636/4637/3653 3630/4640/3653
f 3632/4632/3654 3633/4639/3654 3635/4635/3654 3634/4633/3654
f 3629/4641/3655 3631/4638/3655 3633/4639/3655 3632/4632/3655
f 3630/4642/3656 3636/4643/3656 3631/4638/3656 3629/4641/3656
f 3641/4630/3656 3642/4644/3656 3643/4645/3656 3646/4629/3656
f 3646/4629/3655 3643/4645/3655 3644/4625/3655 3647/4628/3655
f 3647/4628/3654 3644/4625/3654 3645/4626/3654 3648/4627/3654
f 3648/4627/3653 3645/4626/3653 3642/4646/3653 3641/4647/3653
f 3637/4647/3653 3649/4636/3653 3640/4627/3653
usemtl Material.003
f 3640/4627/3645 3639/4628/3645 3647/4628/3645 3648/4627/3645
f 3638/4629/3646 3637/4630/3646 3641/4630/3646 3646/4629/3646
f 3628/4635/3650 3649/4636/3650 3625/4637/3650 3636/4637/3650 3635/4635/3650
f 3626/4638/3652 3627/4639/3652 3633/4639/3652 3631/4638/3652
f 3625/4643/3657 3626/4638/3657 3631/4638/3657 3636/4643/3657
f 3627/4639/3658 3628/4635/3658 3635/4635/3658 3633/4639/3658
f 3639/4628/3662 3638/4629/3662 3646/4629/3662 3647/4628/3662
f 3637/4647/3663 3640/4627/3663 3648/4627/3663 3641/4647/3663
o Cube.002
v -0.575400 2.687643 0.633203
v -0.575400 2.918475 0.633203
v -0.689710 2.616915 0.196459
v -0.689710 2.989203 0.196459
v 0.672630 2.687643 0.633203
v 0.672630 2.918475 0.633203
v 0.786940 2.616915 0.196459
v 0.786940 2.989203 0.196459
v -0.689710 2.616915 0.714823
v -0.689710 2.989203 0.714823
v 0.786940 2.989203 0.714823
v 0.786940 2.616915 0.714823
v -0.604493 2.682262 0.714823
v -0.604493 2.923856 0.714823
v 0.701723 2.923856 0.714823
v 0.701723 2.682262 0.714823
vn -1.0000 -0.0000 -0.0000
vn -0.0000 -0.0000 -1.0000
vn 1.0000 -0.0000 -0.0000
vn -0.0000 -0.0000 1.0000
vn -0.0000 -1.0000 -0.0000
vn -0.0000 1.0000 -0.0000
vn 0.9419 -0.0000 0.3358
vn -0.9419 -0.0000 0.3358
vn -0.0000 0.9978 0.0658
vn -0.0000 -0.9978 0.0658
vt 0.375000 0.000000
vt 0.625000 0.000000
vt 0.625000 0.250000
vt 0.375000 0.250000
vt 0.625000 0.500000
vt 0.375000 0.500000
vt 0.625000 0.750000
vt 0.375000 0.750000
vt 0.388301 0.763301
vt 0.611699 0.763301
vt 0.611699 0.986699
vt 0.388301 0.986699
vt 0.125000 0.500000
vt 0.125000 0.750000
vt 0.875000 0.500000
vt 0.875000 0.750000
vt 0.383093 0.991907
vt 0.616907 0.991907
vt 0.625000 1.000000
vt 0.375000 1.000000
vt 0.616907 0.758093
vt 0.383093 0.758093
s 1
usemtl Сталь
f 3658/4648/3665 3659/4649/3665 3653/4650/3665 3652/4651/3665
f 3652/4651/3666 3653/4650/3666 3657/4652/3666 3656/4653/3666
f 3656/4653/3667 3657/4652/3667 3660/4654/3667 3661/4655/3667
f 3652/4660/3669 3656/4653/3669 3661/4655/3669 3658/4661/3669
f 3657/4652/3670 3653/4662/3670 3659/4663/3670 3660/4654/3670
f 3662/4664/3668 3663/4665/3668 3659/4666/3668 3658/4667/3668
f 3664/4668/3668 3665/4669/3668 3661/4655/3668 3660/4654/3668
f 3665/4669/3668 3662/4664/3668 3658/4667/3668 3661/4655/3668
f 3663/4665/3668 3664/4668/3668 3660/4654/3668 3659/4666/3668
usemtl Бровь_и_тени
f 3654/4656/3668 3655/4657/3668 3651/4658/3668 3650/4659/3668
usemtl тени_глаза
f 3650/4659/3671 3651/4658/3671 3663/4665/3671 3662/4664/3671
f 3655/4657/3672 3654/4656/3672 3665/4669/3672 3664/4668/3672
f 3654/4656/3673 3650/4659/3673 3662/4664/3673 3665/4669/3673
f 3651/4658/3674 3655/4657/3674 3664/4668/3674 3663/4665/3674
o Cube.003
v -0.630871 2.615707 0.533274
v -0.630871 3.615564 0.533274
v -0.630871 2.615707 -0.430975
v -0.630871 3.615564 -0.430975
v 0.677462 2.615707 0.533274
v 0.677462 3.615564 0.533274
v 0.677462 2.615707 -0.430975
v 0.677462 3.615564 -0.430975
v -0.534739 2.615707 -0.430975
v -0.534739 3.615564 -0.430975
v -0.514216 2.631256 0.511606
v -0.534739 3.615564 0.533274
v -0.070839 3.615564 -0.430975
v -0.091362 2.631256 0.511606
v -0.070839 2.615707 -0.430975
v -0.070839 3.615564 0.533274
v 0.586829 3.615564 -0.430975
v 0.566306 2.631256 0.511606
v 0.586829 2.615707 -0.430975
v 0.586829 3.615564 0.533274
v 0.084183 2.615707 -0.430975
v 0.084183 3.615564 0.533274
v 0.084183 3.615564 -0.430975
v 0.121740 2.631256 0.511606
v -0.630871 3.471812 0.533274
v -0.630871 3.471812 -0.430975
v 0.677462 3.471812 -0.430975
v 0.677462 3.471812 0.533274
v -0.502724 3.443810 0.511605
v -0.091362 3.456263 0.511605
v 0.553324 3.445724 0.511605
v 0.121740 3.456263 0.511605
v -0.630871 3.451012 -0.430975
v 0.677462 3.451012 -0.430975
v 0.677462 3.439063 0.533274
v -0.630871 3.439063 0.533274
v -0.514216 3.423983 0.511605
v -0.091362 3.423983 0.511605
v 0.566306 3.423983 0.511605
v 0.121740 3.423983 0.511605
v 0.562984 3.615564 -0.430975
v 0.552229 2.615707 0.533274
v 0.552229 2.615707 -0.430975
v 0.552229 3.615564 0.533274
v 0.533067 2.631256 0.511606
v 0.533067 3.456263 0.511605
v 0.533067 3.423983 0.511605
v -0.499804 2.615707 -0.430975
v -0.499804 3.615564 0.533274
v -0.514144 3.615564 -0.430975
v -0.499804 2.615707 0.533274
v -0.480680 2.631256 0.511606
v -0.480680 3.456263 0.511605
v -0.480680 3.423983 0.511605
v -0.529927 3.463549 0.534856
v -0.521859 3.458308 0.530251
v -0.533341 2.616766 0.530240
v -0.542085 2.611764 0.534856
v -0.539394 2.611764 0.532947
v -0.532171 2.615707 0.529989
v -0.068993 2.611764 0.534856
v -0.079437 2.616789 0.528481
v -0.073407 2.615707 0.529989
v -0.071583 2.611764 0.532947
v -0.068993 3.477217 0.534856
v -0.079429 3.470735 0.528489
v 0.109814 2.616789 0.528482
v 0.099190 2.611764 0.534856
v 0.084746 2.611764 0.532947
v 0.086751 2.615707 0.529989
v 0.594327 2.611764 0.534856
v 0.585430 2.616767 0.530239
v 0.584261 2.615707 0.529989
v 0.591631 2.611764 0.532947
v 0.580586 3.465586 0.534856
v 0.572458 3.460221 0.530250
v 0.099190 3.477197 0.534856
v 0.109807 3.470736 0.528489
v -0.533344 3.438037 0.530243
v -0.542089 3.442062 0.534856
v -0.068993 3.442062 0.534856
v -0.079435 3.438015 0.528483
v 0.594331 3.442062 0.534856
v 0.585433 3.438036 0.530241
v 0.109812 3.438015 0.528483
v 0.099190 3.442062 0.534856
v 0.550911 3.470742 0.528499
v 0.556738 3.477203 0.534856
v -0.498489 3.470742 0.528498
v -0.504165 3.477224 0.534856
vn -0.0178 -0.0000 0.9998
vn -0.0177 0.0002 0.9998
vn -0.0172 0.0018 0.9999
vn -0.2638 0.3606 0.8946
vn 0.0021 0.4380 0.8990
vn -0.0211 -0.2932 0.9558
vn -0.2621 -0.2468 0.9329
vn -0.4221 0.1959 0.8851
vn 0.0528 -0.9986 -0.0001
vn -0.0041 0.0108 0.9999
vn -0.0163 0.0038 0.9999
vn -0.3315 -0.3349 0.8820
vn -0.4082 -0.0000 0.9129
vn -0.6739 -0.0000 0.7389
vn -0.3027 -0.4624 0.8334
vn -0.3339 0.3518 0.8745
vn -0.4263 0.3761 0.8227
vn -0.2500 -0.2566 0.9336
vn -0.3538 -0.0708 0.9326
vn -0.5039 -0.1438 0.8517
vn -0.3618 -0.3902 0.8467
vn -0.0000 -0.0000 1.0000
vn -0.0000 1.0000 -0.0000
vn 0.3315 -0.3349 0.8820
vn -0.0785 -0.4256 0.9015
vn -0.1498 -0.6278 0.7639
vn 0.2997 -0.4632 0.8340
vn 0.0838 -0.4255 0.9011
vn 0.1574 -0.6221 0.7670
vn 0.2541 -0.2475 0.9350
vn 0.3719 -0.3827 0.8457
vn -0.0052 0.0080 1.0000
vn -0.0078 0.0052 1.0000
vn -0.0210 -0.9998 -0.0022
vn -0.0023 -1.0000 -0.0020
vn 0.0021 -1.0000 -0.0020
vn 0.0037 -1.0000 -0.0005
vn -0.0000 -1.0000 -0.0041
vn -0.0038 -1.0000 -0.0007
vn 0.0190 -0.0000 0.9998
vn 0.0183 0.0021 0.9998
vn 0.0189 0.0003 0.9998
vn 0.0224 -0.9997 -0.0022
vn 0.0002 0.0114 0.9999
vn 0.0011 0.0112 0.9999
vn -0.0000 0.0114 0.9999
vn -0.0000 0.0076 1.0000
vn 0.0042 -1.0000 -0.0000
vn 0.3341 0.3523 0.8742
vn 0.4640 0.3252 0.8240
vn 0.0185 -0.9311 -0.3642
vn 0.0175 0.0043 0.9998
vn -0.0020 0.4375 0.8992
vn 0.2638 0.3606 0.8946
vn 0.4250 0.1988 0.8831
vn 0.2642 -0.2388 0.9344
vn 0.0207 -0.2936 0.9557
vn -1.0000 -0.0000 -0.0000
vn 1.0000 -0.0000 -0.0000
vn 0.3538 -0.0687 0.9328
vn 0.5090 -0.1409 0.8491
vn -0.0012 0.0112 0.9999
vn -0.0002 0.0114 0.9999
vn -0.0531 -0.9986 -0.0001
vn 0.4082 -0.0000 0.9129
vn 0.6707 -0.0000 0.7417
vn 0.0027 0.0105 0.9999
vn 0.0053 0.0080 1.0000
vn -0.0000 -0.0000 -1.0000
vn 0.0083 0.0052 1.0000
vn -0.0046 -1.0000 -0.0000
vn -0.1975 -0.9638 -0.1792
vn 0.1643 -0.6318 0.7575
vn 0.2566 -0.8406 0.4770
vn -0.1869 -0.7517 0.6324
vn -0.1305 -0.9771 -0.1682
vn 0.2762 -0.8403 0.4664
vn 0.0114 -0.9690 -0.2468
vn -0.1614 -0.6324 0.7577
vn -0.2536 -0.8422 0.4758
vn 0.1701 -0.0557 0.9839
vn -0.2567 -0.0000 0.9665
vn -0.1660 -0.0558 0.9845
vn 0.2535 -0.0000 0.9673
vn -0.0666 -0.2438 0.9675
vn 0.0768 -0.0902 0.9930
vn 0.0680 -0.2392 0.9686
vn 0.1315 -0.1405 0.9813
vn -0.0772 -0.0911 0.9928
vn -0.1259 -0.1407 0.9820
vt 0.375000 0.982141
vt 0.599051 0.982141
vt 0.599051 1.000000
vt 0.375000 1.000000
vt 0.378922 0.771240
vt 0.378922 0.774166
vt 0.375000 0.770505
vt 0.375000 0.767555
vt 0.375267 0.767586
vt 0.143369 0.500000
vt 0.146391 0.500000
vt 0.146391 0.750000
vt 0.143591 0.750000
vt 0.143369 0.749509
vt 0.602602 0.982046
vt 0.602488 1.000000
vt 0.598567 0.896909
vt 0.595248 0.896909
vt 0.598787 0.893260
vt 0.602217 0.893259
vt 0.378922 0.896909
vt 0.375273 0.893260
vt 0.598567 0.771240
vt 0.595248 0.771240
vt 0.598792 0.767585
vt 0.602223 0.767584
vt 0.375000 0.863856
vt 0.599051 0.863856
vt 0.599051 0.892497
vt 0.375000 0.892497
vt 0.625000 1.000000
vt 0.625000 0.981631
vt 0.625000 0.978609
vt 0.625000 0.892987
vt 0.625000 0.863366
vt 0.625000 0.770505
vt 0.625000 0.767318
vt 0.625000 0.750000
vt 0.625000 0.500000
vt 0.642318 0.500000
vt 0.645505 0.500000
vt 0.738365 0.500000
vt 0.767987 0.500000
vt 0.853609 0.500000
vt 0.856631 0.500000
vt 0.875000 0.500000
vt 0.598567 0.859444
vt 0.598567 0.774166
vt 0.602219 0.770756
vt 0.602217 0.863094
vt 0.595248 0.774166
vt 0.595248 0.859444
vt 0.602218 0.770756
vt 0.598567 0.974955
vt 0.602218 0.978358
vt 0.595248 0.974955
vt 0.598567 0.977709
vt 0.595248 0.977709
vt 0.602223 0.981366
vt 0.602602 0.981982
vt 0.125000 0.500000
vt 0.142859 0.750000
vt 0.125000 0.750000
vt 0.232013 0.500000
vt 0.261635 0.500000
vt 0.261635 0.749509
vt 0.261144 0.750000
vt 0.232503 0.750000
vt 0.232013 0.749509
vt 0.375000 0.750000
vt 0.599051 0.750000
vt 0.599051 0.766807
vt 0.375000 0.766807
vt 0.357682 0.500000
vt 0.375000 0.500000
vt 0.358193 0.750000
vt 0.357682 0.749509
vt 0.602817 0.770505
vt 0.602816 0.863875
vt 0.354495 0.500000
vt 0.354495 0.750000
vt 0.262144 0.750000
vt 0.378922 0.859444
vt 0.375273 0.863093
vt 0.375000 0.862856
vt 0.602488 0.750000
vt 0.602614 0.766912
vt 0.602708 0.863856
vt 0.602710 0.892497
vt 0.378922 0.974955
vt 0.378922 0.977709
vt 0.375267 0.981364
vt 0.375000 0.981409
vt 0.375000 0.978609
vt 0.375000 0.250000
vt 0.875000 0.750000
vt 0.625000 0.250000
vt 0.602488 0.250000
vt 0.599051 0.250000
vt 0.599051 0.500000
vt 0.602488 0.500000
vt 0.598792 0.981364
vt 0.602819 0.892475
vt 0.602820 0.978609
vt 0.357445 0.750000
vt 0.602217 0.863094
vt 0.598787 0.863093
vt 0.602771 0.767054
vt 0.602624 0.766989
vt 0.598787 0.863093
vt 0.598792 0.981364
vt 0.231500 0.750000
vt 0.375000 0.893500
vt 0.602816 0.863856
vt 0.602819 0.892497
vt 0.375288 0.981364
vt 0.375000 0.981631
vt 0.375000 0.892473
vt 0.375173 0.893161
vt 0.375294 0.863093
vt 0.375000 0.863365
vt 0.375000 0.767077
vt 0.375174 0.767492
vt 0.602769 0.981875
s 1
usemtl Сталь
f 3723/4670/3675 3745/4671/3676 3701/4672/3677 3666/4673/3675
f 3683/4674/3678 3710/4675/3679 3707/4676/3680 3738/4677/3681 3737/4678/3682
f 3674/4679/3683 3713/4680/3683 3716/4681/3683 3725/4682/3683 3724/4683/3683
f 3745/4671/3676 3720/4684/3684 3690/4685/3685 3701/4672/3677
f 3733/4696/3696 3751/4697/3696 3746/4698/3696 3726/4699/3696
f 3667/4700/3697 3677/4701/3697 3714/4702/3697 3681/4703/3697 3687/4704/3697 3709/4705/3697 3685/4706/3697 3671/4707/3697 3673/4708/3697 3682/4709/3697 3706/4710/3697 3688/4711/3697 3678/4712/3697 3715/4713/3697 3675/4714/3697 3669/4715/3697
f 3720/4729/3684 3677/4701/3706 3667/4700/3707 3690/4685/3685
f 3668/4730/3708 3674/4679/3708 3724/4683/3708 3723/4731/3708 3666/4732/3708
f 3680/4733/3709 3686/4734/3710 3734/4735/3711 3733/4736/3712 3726/4737/3712 3729/4738/3713
f 3670/4739/3714 3700/4740/3715 3748/4741/3716 3736/4742/3714
f 3684/4743/3717 3672/4744/3717 3670/4739/3717 3736/4745/3717 3739/4746/3717
f 3753/4747/3718 3709/4705/3719 3687/4704/3720 3742/4748/3721
f 3686/4734/3710 3708/4749/3722 3707/4750/3722 3735/4751/3722 3734/4735/3711
f 3710/4675/3679 3689/4752/3723 3732/4753/3724 3735/4754/3725 3707/4676/3680
f 3700/4740/3715 3693/4755/3726 3740/4756/3726 3748/4741/3716
f 3751/4697/3696 3742/4757/3721 3730/4758/3721 3746/4698/3696
f 3717/4759/3727 3676/4760/3728 3722/4761/3729 3725/4762/3730 3716/4763/3731
f 3668/4764/3732 3666/4673/3732 3701/4672/3732 3690/4685/3732 3667/4765/3732 3669/4766/3732 3691/4767/3732 3698/4768/3732
f 3672/4744/3733 3699/4769/3733 3692/4770/3733 3673/4708/3733 3671/4707/3733 3693/4755/3733 3700/4740/3733 3670/4739/3733
f 3730/4772/3721 3681/4703/3720 3714/4702/3736 3755/4773/3737
f 3708/4749/3738 3684/4743/3738 3739/4746/3738 3738/4774/3738 3707/4750/3738
f 3740/4777/3741 3685/4706/3742 3709/4705/3719 3753/4747/3718
f 3668/4764/3743 3698/4768/3743 3691/4767/3743 3669/4715/3743 3675/4714/3743 3715/4713/3743 3678/4712/3743 3688/4711/3743 3706/4710/3743 3682/4709/3743 3673/4708/3743 3692/4770/3743 3699/4769/3743 3672/4744/3743
f 3693/4755/3744 3671/4707/3744 3685/4706/3742 3740/4778/3741
f 3713/4680/3745 3680/4733/3709 3729/4738/3713 3728/4781/3745 3716/4681/3745
f 3679/4690/3690 3717/4759/3727 3716/4763/3731 3728/4782/3746 3727/4691/3691
f 3742/4783/3721 3687/4704/3720 3681/4703/3720 3730/4784/3721
f 3722/4785/3729 3723/4670/3747 3724/4786/3748 3725/4786/3730
f 3726/4787/3749 3727/4691/3691 3728/4782/3746 3729/4788/3750
f 3732/4789/3724 3733/4696/3751 3734/4790/3752 3735/4790/3725
f 3736/4791/3753 3737/4678/3682 3738/4677/3681 3739/4792/3754
f 3745/4671/3755 3723/4670/3747 3722/4761/3729 3744/4771/3735
f 3747/4688/3688 3727/4691/3691 3726/4699/3749 3746/4698/3756
f 3749/4694/3694 3737/4678/3682 3736/4742/3753 3748/4741/3757
f 3751/4697/3758 3733/4696/3751 3732/4753/3724 3750/4779/3740
f 3753/4747/3759 3742/4748/3760 3743/4719/3701 3752/4718/3700
f 3755/4773/3761 3720/4793/3762 3721/4728/3705 3754/4724/3703
f 3720/4684/3762 3745/4671/3755 3744/4780/3735 3721/4728/3705
f 3731/4689/3689 3747/4688/3688 3746/4698/3756 3730/4758/3763
f 3741/4695/3695 3749/4694/3694 3748/4741/3757 3740/4756/3764
f 3742/4757/3760 3751/4697/3758 3750/4776/3740 3743/4775/3701
f 3740/4777/3764 3753/4747/3759 3752/4722/3700 3741/4695/3695
f 3730/4772/3763 3755/4773/3761 3754/4724/3703 3731/4689/3689
f 3755/4773/3737 3714/4702/3736 3677/4701/3706 3720/4793/3684
usemtl тени_глаза
f 3695/4686/3686 3703/4687/3687 3747/4688/3688 3731/4689/3689
f 3703/4687/3687 3679/4690/3690 3727/4691/3691 3747/4688/3688
f 3696/4692/3692 3704/4693/3693 3749/4694/3694 3741/4695/3695
f 3704/4693/3693 3683/4674/3678 3737/4678/3682 3749/4694/3694
f 3697/4716/3698 3711/4717/3699 3752/4718/3700 3743/4719/3701
f 3712/4720/3696 3711/4717/3696 3697/4716/3696 3705/4721/3696
f 3711/4717/3699 3696/4692/3692 3741/4695/3695 3752/4722/3700
f 3718/4723/3702 3695/4686/3686 3731/4689/3689 3754/4724/3703
f 3719/4725/3696 3718/4723/3696 3694/4726/3696 3702/4727/3696
f 3694/4726/3704 3718/4723/3702 3754/4724/3703 3721/4728/3705
f 3676/4760/3728 3702/4727/3734 3744/4771/3735 3722/4761/3729
f 3717/4759/3696 3719/4725/3696 3702/4727/3696 3676/4760/3696
f 3710/4675/3696 3712/4720/3696 3705/4721/3696 3689/4752/3696
f 3683/4674/3696 3704/4693/3696 3712/4720/3696 3710/4675/3696
f 3705/4721/3739 3697/4716/3698 3743/4775/3701 3750/4776/3740
f 3704/4693/3696 3696/4692/3696 3711/4717/3696 3712/4720/3696
f 3689/4752/3723 3705/4721/3739 3750/4779/3740 3732/4753/3724
f 3679/4690/3696 3703/4687/3696 3719/4725/3696 3717/4759/3696
f 3702/4727/3734 3694/4726/3704 3721/4728/3705 3744/4780/3735
f 3703/4687/3696 3695/4686/3696 3718/4723/3696 3719/4725/3696
o Cube.012
v -1.625427 1.385725 0.085654
v -1.625427 1.489566 0.085654
v -1.625427 1.385725 -0.085653
v -1.625427 1.489566 -0.085653
v -1.511286 1.385725 0.085654
v -1.511286 1.489566 0.085654
v -1.511286 1.385725 -0.085653
v -1.511286 1.489566 -0.085653
vn -1.0000 -0.0000 -0.0000
vn -0.0000 -0.0000 -1.0000
vn 1.0000 -0.0000 -0.0000
vn -0.0000 -0.0000 1.0000
vn -0.0000 -1.0000 -0.0000
vn -0.0000 1.0000 -0.0000
vt 0.375000 0.000000
vt 0.625000 0.000000
vt 0.625000 0.250000
vt 0.375000 0.250000
vt 0.625000 0.500000
vt 0.375000 0.500000
vt 0.625000 0.750000
vt 0.375000 0.750000
vt 0.625000 1.000000
vt 0.375000 1.000000
vt 0.125000 0.500000
vt 0.125000 0.750000
vt 0.875000 0.500000
vt 0.875000 0.750000
s 1
usemtl Глаза_обрамление
f 3756/4794/3765 3757/4795/3765 3759/4796/3765 3758/4797/3765
f 3758/4797/3766 3759/4796/3766 3763/4798/3766 3762/4799/3766
f 3762/4799/3767 3763/4798/3767 3761/4800/3767 3760/4801/3767
f 3760/4801/3768 3761/4800/3768 3757/4802/3768 3756/4803/3768
f 3758/4804/3769 3762/4799/3769 3760/4801/3769 3756/4805/3769
f 3763/4798/3770 3759/4806/3770 3757/4807/3770 3761/4800/3770
o Cylinder.006
v -1.084620 2.470816 -0.192386
v -0.926044 2.471934 -0.183892
v -1.046041 2.340363 -0.136037
v -0.926044 2.341902 -0.130032
v -1.030061 2.286328 0.000000
v -0.926044 2.288041 0.000000
v -1.046041 2.340363 0.136038
v -0.926044 2.341902 0.130032
v -1.084619 2.470816 0.192386
v -0.926044 2.471934 0.183893
v -1.123198 2.601268 0.136038
v -0.926044 2.601966 0.130032
v -1.139178 2.655303 0.000000
v -0.926044 2.655827 0.000000
v -1.123198 2.601268 -0.136037
v -0.926044 2.601966 -0.130032
vn -0.8095 -0.1667 -0.5629
vn 0.8622 0.0035 -0.5066
vn 0.8612 -0.3617 -0.3570
vn -0.7014 -0.5714 -0.4260
vn 0.8591 -0.5118 -0.0000
vn -0.6553 -0.7554 -0.0000
vn 0.8612 -0.3617 0.3570
vn -0.7014 -0.5714 0.4260
vn 0.8622 0.0035 0.5066
vn -0.8095 -0.1667 0.5629
vn 0.8587 0.3670 0.3577
vn -0.9105 0.1887 0.3680
vn 0.8564 0.5163 -0.0000
vn -0.9482 0.3175 -0.0000
vn 0.8587 0.3670 -0.3577
vn -0.9105 0.1887 -0.3680
vt 1.000000 0.500000
vt 1.000000 1.000000
vt 0.875000 1.000000
vt 0.875000 0.500000
vt 0.750000 1.000000
vt 0.750000 0.500000
vt 0.625000 1.000000
vt 0.625000 0.500000
vt 0.500000 1.000000
vt 0.500000 0.500000
vt 0.375000 1.000000
vt 0.375000 0.500000
vt 0.250000 1.000000
vt 0.250000 0.500000
vt 0.419706 0.419706
vt 0.250000 0.490000
vt 0.080294 0.419706
vt 0.010000 0.250000
vt 0.080294 0.080294
vt 0.250000 0.010000
vt 0.419706 0.080294
vt 0.490000 0.250000
vt 0.125000 1.000000
vt 0.125000 0.500000
vt 0.000000 1.000000
vt 0.000000 0.500000
vt 0.750000 0.490000
vt 0.919706 0.419706
vt 0.990000 0.250000
vt 0.919706 0.080294
vt 0.750000 0.010000
vt 0.580294 0.080294
vt 0.510000 0.250000
vt 0.580294 0.419706
s 1
usemtl Сталь
f 3764/4808/3771 3765/4809/3772 3767/4810/3773 3766/4811/3774
f 3766/4811/3774 3767/4810/3773 3769/4812/3775 3768/4813/3776
f 3768/4813/3776 3769/4812/3775 3771/4814/3777 3770/4815/3778
f 3770/4815/3778 3771/4814/3777 3773/4816/3779 3772/4817/3780
f 3772/4817/3780 3773/4816/3779 3775/4818/3781 3774/4819/3782
f 3774/4819/3782 3775/4818/3781 3777/4820/3783 3776/4821/3784
f 3767/4822/3773 3765/4823/3772 3779/4824/3785 3777/4825/3783 3775/4826/3781 3773/4827/3779 3771/4828/3777 3769/4829/3775
f 3776/4821/3784 3777/4820/3783 3779/4830/3785 3778/4831/3786
f 3778/4831/3786 3779/4830/3785 3765/4832/3772 3764/4833/3771
f 3764/4834/3771 3766/4835/3774 3768/4836/3776 3770/4837/3778 3772/4838/3780 3774/4839/3782 3776/4840/3784 3778/4841/3786
o Cylinder
v -0.168908 3.591766 -0.087046
v -0.232763 4.106498 -0.067754
v -0.101370 3.600144 -0.054272
v -0.180193 4.113019 -0.042244
v -0.084689 3.602214 0.019370
v -0.167209 4.114630 0.015077
v -0.131427 3.596416 0.078427
v -0.203589 4.110117 0.061046
v -0.206389 3.587116 0.078427
v -0.261937 4.102879 0.061046
v -0.246267 3.582549 0.019370
v -0.298317 4.098365 0.015077
v -0.232922 3.584158 -0.048880
v -0.285333 4.099976 -0.042244
v -0.219551 3.999993 -0.146252
v -0.106076 4.014070 -0.091186
v -0.078050 4.017547 0.032545
v -0.156577 4.007805 0.131769
v -0.282524 3.992181 0.131769
v -0.361051 3.982439 0.032545
v -0.333025 3.985916 -0.091186
v -0.091316 3.723932 -0.074382
v -0.068455 3.726768 0.026547
v -0.132511 3.718821 0.107486
v -0.235248 3.706076 0.107486
v -0.298240 3.696899 0.026547
v -0.274621 3.700733 -0.071246
v -0.183879 3.712449 -0.119300
v -0.228875 4.075153 -0.127854
v -0.129674 4.087459 -0.079715
v -0.105174 4.090498 0.028451
v -0.173823 4.081983 0.115193
v -0.283926 4.068324 0.115193
v -0.352575 4.059807 0.028451
v -0.328075 4.062847 -0.079715
v -0.201715 3.856221 -0.144241
v -0.089800 3.870104 -0.089932
v -0.062160 3.873533 0.032097
v -0.139607 3.863925 0.129957
v -0.263823 3.848516 0.129957
v -0.341270 3.838908 0.032097
v -0.313629 3.842337 -0.089932
vn -0.0562 0.4528 -0.8898
vn -0.1168 0.9418 -0.3152
vn 0.1277 0.9721 -0.1965
vn 0.6342 0.5384 -0.5548
vn 0.1881 0.9796 0.0701
vn 0.8048 0.5596 0.1980
vn 0.0189 0.9586 0.2840
vn 0.3270 0.5003 0.8017
vn -0.2526 0.9250 0.2840
vn -0.4393 0.4053 0.8017
vn -0.4218 0.9040 0.0701
vn -0.9171 0.3460 0.1980
vn -0.3614 0.9115 -0.1965
vn -0.7466 0.3672 -0.5548
vn 0.0408 -0.5420 -0.8394
vn 0.7179 -0.4587 -0.5237
vn 0.8790 -0.4388 0.1868
vn 0.4278 -0.4946 0.7565
vn -0.3065 -0.5882 0.7484
vn -0.7242 -0.6675 0.1730
vn -0.5883 -0.6409 -0.4932
vn -0.7611 -0.1866 -0.6213
vn -0.7843 0.0038 -0.6203
vn -0.0123 0.0995 -0.9950
vn 0.0084 -0.0894 -0.9960
vn -0.9530 -0.2085 0.2197
vn -0.9750 -0.0199 0.2214
vn -0.4186 -0.1397 0.8974
vn -0.4408 0.0464 0.8964
vn 0.4396 -0.0328 0.8976
vn 0.4161 0.1527 0.8964
vn 0.9745 0.0335 0.2217
vn 0.9503 0.2190 0.2214
vn 0.7836 0.0098 -0.6211
vn 0.7596 0.1953 -0.6203
vn 0.0131 -0.2151 -0.9765
vn 0.7845 -0.1117 -0.6099
vn 0.9720 -0.0884 0.2177
vn 0.4468 -0.1536 0.8814
vn -0.3994 -0.2643 0.8778
vn -0.9180 -0.3378 0.2079
vn -0.7374 -0.3156 -0.5972
vt 1.000000 0.875000
vt 1.000000 1.000000
vt 0.857143 1.000000
vt 0.857143 0.875000
vt 0.714286 1.000000
vt 0.714286 0.875000
vt 0.571429 1.000000
vt 0.571429 0.875000
vt 0.428571 1.000000
vt 0.428571 0.875000
vt 0.285714 1.000000
vt 0.285714 0.875000
vt 0.437640 0.399638
vt 0.250000 0.490000
vt 0.062360 0.399638
vt 0.016017 0.196595
vt 0.145868 0.033767
vt 0.354132 0.033767
vt 0.483983 0.196595
vt 0.142857 1.000000
vt 0.142857 0.875000
vt 0.000000 1.000000
vt 0.000000 0.875000
vt 0.750000 0.490000
vt 0.937640 0.399638
vt 0.983983 0.196595
vt 0.854132 0.033767
vt 0.645868 0.033767
vt 0.516017 0.196595
vt 0.562360 0.399638
vt 0.142857 0.687500
vt 0.142857 0.750000
vt 0.000000 0.750000
vt 0.000000 0.687500
vt 0.285714 0.687500
vt 0.285714 0.750000
vt 0.428571 0.687500
vt 0.428571 0.750000
vt 0.571429 0.687500
vt 0.571429 0.750000
vt 0.714286 0.687500
vt 0.714286 0.750000
vt 0.857143 0.687500
vt 0.857143 0.750000
vt 1.000000 0.687500
vt 1.000000 0.750000
vt 1.000000 0.500000
vt 1.000000 0.625000
vt 0.857143 0.625000
vt 0.857143 0.500000
vt 0.714286 0.625000
vt 0.714286 0.500000
vt 0.571429 0.625000
vt 0.571429 0.500000
vt 0.428571 0.625000
vt 0.428571 0.500000
vt 0.285714 0.625000
vt 0.285714 0.500000
vt 0.142857 0.625000
vt 0.142857 0.500000
vt 0.000000 0.625000
vt 0.000000 0.500000
s 1
usemtl Лампочки
f 3808/4842/3787 3781/4843/3788 3783/4844/3789 3809/4845/3790
f 3809/4845/3790 3783/4844/3789 3785/4846/3791 3810/4847/3792
f 3810/4847/3792 3785/4846/3791 3787/4848/3793 3811/4849/3794
f 3811/4849/3794 3787/4848/3793 3789/4850/3795 3812/4851/3796
f 3812/4851/3796 3789/4850/3795 3791/4852/3797 3813/4853/3798
f 3783/4854/3789 3781/4855/3788 3793/4856/3799 3791/4857/3797 3789/4858/3795 3787/4859/3793 3785/4860/3791
f 3813/4853/3798 3791/4852/3797 3793/4861/3799 3814/4862/3800
f 3814/4862/3800 3793/4861/3799 3781/4863/3788 3808/4864/3787
f 3780/4865/3801 3782/4866/3802 3784/4867/3803 3786/4868/3804 3788/4869/3805 3790/4870/3806 3792/4871/3807
f 3821/4872/3808 3800/4873/3809 3794/4874/3810 3815/4875/3811
f 3820/4876/3812 3799/4877/3813 3800/4873/3809 3821/4872/3808
f 3819/4878/3814 3798/4879/3815 3799/4877/3813 3820/4876/3812
f 3818/4880/3816 3797/4881/3817 3798/4879/3815 3819/4878/3814
f 3817/4882/3818 3796/4883/3819 3797/4881/3817 3818/4880/3816
f 3816/4884/3820 3795/4885/3821 3796/4883/3819 3817/4882/3818
f 3815/4886/3811 3794/4887/3810 3795/4885/3821 3816/4884/3820
f 3780/4888/3801 3807/4889/3822 3801/4890/3823 3782/4891/3802
f 3782/4891/3802 3801/4890/3823 3802/4892/3824 3784/4893/3803
f 3784/4893/3803 3802/4892/3824 3803/4894/3825 3786/4895/3804
f 3786/4895/3804 3803/4894/3825 3804/4896/3826 3788/4897/3805
f 3788/4897/3805 3804/4896/3826 3805/4898/3827 3790/4899/3806
f 3790/4899/3806 3805/4898/3827 3806/4900/3828 3792/4901/3807
f 3792/4901/3807 3806/4900/3828 3807/4902/3822 3780/4903/3801
f 3800/4873/3809 3814/4862/3800 3808/4864/3787 3794/4874/3810
f 3799/4877/3813 3813/4853/3798 3814/4862/3800 3800/4873/3809
f 3798/4879/3815 3812/4851/3796 3813/4853/3798 3799/4877/3813
f 3797/4881/3817 3811/4849/3794 3812/4851/3796 3798/4879/3815
f 3796/4883/3819 3810/4847/3792 3811/4849/3794 3797/4881/3817
f 3795/4885/3821 3809/4845/3790 3810/4847/3792 3796/4883/3819
f 3794/4887/3810 3808/4842/3787 3809/4845/3790 3795/4885/3821
f 3807/4889/3822 3815/4886/3811 3816/4884/3820 3801/4890/3823
f 3801/4890/3823 3816/4884/3820 3817/4882/3818 3802/4892/3824
f 3802/4892/3824 3817/4882/3818 3818/4880/3816 3803/4894/3825
f 3803/4894/3825 3818/4880/3816 3819/4878/3814 3804/4896/3826
f 3804/4896/3826 3819/4878/3814 3820/4876/3812 3805/4898/3827
f 3805/4898/3827 3820/4876/3812 3821/4872/3808 3806/4900/3828
f 3806/4900/3828 3821/4872/3808 3815/4875/3811 3807/4902/3822
o Torus
v 0.193570 1.912497 0.538131
v 0.185963 1.912497 0.556496
v 0.167597 1.912497 0.564103
v 0.149232 1.912497 0.556496
v 0.141625 1.912497 0.538131
v 0.149232 1.912497 0.519765
v 0.167597 1.912497 0.512158
v 0.185963 1.912497 0.519765
v 0.165224 2.009033 0.538131
v 0.158825 2.004920 0.556496
v 0.143375 1.994992 0.564103
v 0.127925 1.985063 0.556496
v 0.121526 1.980950 0.538131
v 0.127925 1.985063 0.519765
v 0.143375 1.994992 0.512158
v 0.158825 2.004920 0.519765
v 0.089187 2.074920 0.538131
v 0.086027 2.068000 0.556496
v 0.078398 2.051295 0.564103
v 0.070768 2.034589 0.556496
v 0.067608 2.027670 0.538131
v 0.070768 2.034589 0.519765
v 0.078398 2.051295 0.512158
v 0.086027 2.068000 0.519765
v -0.010401 2.089239 0.538131
v -0.009318 2.081709 0.556496
v -0.006705 2.063531 0.564103
v -0.004091 2.045352 0.556496
v -0.003009 2.037823 0.538131
v -0.004091 2.045352 0.519765
v -0.006705 2.063531 0.512158
v -0.009318 2.081709 0.519765
v -0.101921 2.047443 0.538131
v -0.096939 2.041694 0.556496
v -0.084913 2.027814 0.564103
v -0.072886 2.013935 0.556496
v -0.067904 2.008186 0.538131
v -0.072886 2.013935 0.519765
v -0.084913 2.027814 0.512158
v -0.096939 2.041694 0.519765
v -0.156316 1.962803 0.538131
v -0.149017 1.960660 0.556496
v -0.131395 1.955486 0.564103
v -0.113774 1.950312 0.556496
v -0.106475 1.948168 0.538131
v -0.113774 1.950312 0.519765
v -0.131395 1.955486 0.512158
v -0.149017 1.960660 0.519765
v -0.156316 1.862191 0.538131
v -0.149017 1.864334 0.556496
v -0.131395 1.869508 0.564103
v -0.113774 1.874682 0.556496
v -0.106475 1.876825 0.538131
v -0.113774 1.874682 0.519765
v -0.131395 1.869508 0.512158
v -0.149017 1.864334 0.519765
v -0.101921 1.777551 0.538131
v -0.096939 1.783300 0.556496
v -0.084913 1.797179 0.564103
v -0.072886 1.811059 0.556496
v -0.067904 1.816808 0.538131
v -0.072886 1.811059 0.519765
v -0.084913 1.797179 0.512158
v -0.096939 1.783300 0.519765
v -0.010401 1.735755 0.538131
v -0.009318 1.743285 0.556496
v -0.006705 1.761463 0.564103
v -0.004091 1.779641 0.556496
v -0.003009 1.787171 0.538131
v -0.004091 1.779641 0.519765
v -0.006705 1.761463 0.512158
v -0.009318 1.743285 0.519765
v 0.089187 1.750074 0.538131
v 0.086027 1.756994 0.556496
v 0.078398 1.773699 0.564103
v 0.070768 1.790405 0.556496
v 0.067608 1.797324 0.538131
v 0.070768 1.790405 0.519765
v 0.078398 1.773699 0.512158
v 0.086027 1.756994 0.519765
v 0.165224 1.815961 0.538131
v 0.158825 1.820073 0.556496
v 0.143375 1.830002 0.564103
v 0.127925 1.839931 0.556496
v 0.121526 1.844044 0.538131
v 0.127925 1.839931 0.519765
v 0.143375 1.830002 0.512158
v 0.158825 1.820073 0.519765
v -0.058023 2.076338 0.538131
v -0.047400 2.052506 0.564103
v -0.047400 2.052506 0.512158
v -0.054912 2.069358 0.556496
v -0.039889 2.035655 0.556496
v -0.039889 2.035655 0.519765
v -0.054912 2.069358 0.519765
v -0.036777 2.028675 0.538131
v 0.040031 2.090781 0.538131
v 0.036392 2.064849 0.564103
v 0.032752 2.038917 0.538131
v 0.036392 2.064849 0.512158
v 0.038965 2.083186 0.556496
v 0.033818 2.046512 0.556496
v 0.033818 2.046512 0.519765
v 0.038965 2.083186 0.519765
v 0.130142 2.048621 0.538131
v 0.113395 2.028821 0.564103
v 0.096649 2.009021 0.538131
v 0.113395 2.028821 0.512158
v 0.125237 2.042821 0.556496
v 0.101554 2.014820 0.556496
v 0.101554 2.014820 0.519765
v 0.125237 2.042821 0.519765
v 0.183699 1.963242 0.538131
v 0.159162 1.955861 0.564103
v 0.134626 1.948480 0.538131
v 0.159162 1.955861 0.512158
v 0.176512 1.961080 0.556496
v 0.141813 1.950642 0.556496
v 0.141813 1.950642 0.519765
v 0.176512 1.961080 0.519765
v 0.176512 1.863914 0.556496
v 0.141813 1.874352 0.556496
v 0.141813 1.874352 0.519765
v 0.176512 1.863914 0.519765
v 0.183699 1.861752 0.538131
v 0.159162 1.869133 0.564103
v 0.134626 1.876514 0.538131
v 0.159162 1.869133 0.512158
v 0.130142 1.776373 0.538131
v 0.113395 1.796173 0.564103
v 0.096649 1.815973 0.538131
v 0.113395 1.796173 0.512158
v 0.125237 1.782172 0.556496
v 0.101554 1.810174 0.556496
v 0.101554 1.810174 0.519765
v 0.125237 1.782172 0.519765
v 0.040031 1.734213 0.538131
v 0.036392 1.760145 0.564103
v 0.032752 1.786077 0.538131
v 0.036392 1.760145 0.512158
v 0.038965 1.741808 0.556496
v 0.033818 1.778482 0.556496
v 0.033818 1.778482 0.519765
v 0.038965 1.741808 0.519765
v -0.058023 1.748656 0.538131
v -0.047400 1.772488 0.564103
v -0.036777 1.796319 0.538131
v -0.047400 1.772488 0.512158
v -0.054912 1.755636 0.556496
v -0.039889 1.789339 0.556496
v -0.039889 1.789339 0.519765
v -0.054912 1.755636 0.519765
v -0.132890 1.815118 0.538131
v -0.111377 1.829282 0.564103
v -0.089864 1.843446 0.538131
v -0.111377 1.829282 0.512158
v -0.126589 1.819267 0.556496
v -0.096165 1.839298 0.556496
v -0.096165 1.839298 0.519765
v -0.126589 1.819267 0.519765
v -0.160799 1.912497 0.538131
v -0.135227 1.912497 0.564103
v -0.109655 1.912497 0.538131
v -0.135227 1.912497 0.512158
v -0.153309 1.912497 0.556496
v -0.117145 1.912497 0.556496
v -0.117145 1.912497 0.519765
v -0.153309 1.912497 0.519765
v -0.132890 2.009876 0.538131
v -0.111377 1.995712 0.564103
v -0.089864 1.981547 0.538131
v -0.111377 1.995712 0.512158
v -0.126589 2.005727 0.556496
v -0.096165 1.985696 0.556496
v -0.096165 1.985696 0.519765
v -0.126589 2.005727 0.519765
vn 0.9588 0.2839 -0.0000
vn 0.8499 0.5269 -0.0000
vn 0.6180 0.3824 0.6869
vn 0.6920 0.2048 0.6923
vn 0.0357 0.0213 0.9991
vn 0.0226 0.0066 0.9997
vn -0.5826 -0.3605 0.7284
vn -0.6698 -0.1983 0.7155
vn -0.7702 -0.4760 0.4246
vn -0.8584 -0.2540 0.4456
vn -0.7701 -0.4760 0.4246
vn -0.5826 -0.3605 -0.7284
vn -0.6698 -0.1983 -0.7155
vn 0.0357 0.0213 -0.9991
vn 0.0226 0.0066 -0.9997
vn 0.6180 0.3824 -0.6869
vn 0.6920 0.2048 -0.6923
vn 0.6504 0.7596 -0.0000
vn 0.4269 0.9043 -0.0000
vn 0.3086 0.6529 0.6917
vn 0.4706 0.5494 0.6904
vn 0.0138 0.0283 0.9995
vn 0.0219 0.0253 0.9994
vn -0.2952 -0.6244 0.7232
vn -0.4489 -0.5240 0.7238
vn -0.3848 -0.8134 0.4363
vn -0.5862 -0.6841 0.4340
vn -0.5862 -0.6842 0.4340
vn -0.3848 -0.8133 0.4364
vn -0.2952 -0.6244 -0.7232
vn -0.4489 -0.5240 -0.7238
vn 0.0138 0.0283 -0.9995
vn 0.0219 0.0253 -0.9994
vn 0.3086 0.6529 -0.6917
vn 0.4706 0.5494 -0.6904
vn 0.1403 0.9901 -0.0000
vn -0.1469 0.9892 -0.0000
vn -0.1060 0.7130 0.6932
vn 0.1017 0.7177 0.6889
vn -0.0043 0.0281 0.9996
vn 0.0059 0.0410 0.9991
vn 0.1018 -0.6848 0.7216
vn -0.0958 -0.6761 0.7306
vn 0.1322 -0.8883 0.4399
vn -0.1270 -0.8964 0.4247
vn -0.1270 -0.8963 0.4248
vn 0.1322 -0.8882 0.4400
vn 0.1018 -0.6848 -0.7216
vn -0.0958 -0.6761 -0.7306
vn -0.0043 0.0281 -0.9996
vn 0.0059 0.0410 -0.9991
vn -0.1060 0.7130 -0.6932
vn 0.1017 0.7177 -0.6889
vn -0.4107 0.9118 -0.0000
vn -0.6677 0.7444 -0.0000
vn -0.4841 0.5389 0.6893
vn -0.2976 0.6604 0.6895
vn -0.0248 0.0266 0.9993
vn -0.0160 0.0350 0.9993
vn 0.4598 -0.5118 0.7257
vn 0.2816 -0.6250 0.7281
vn 0.6035 -0.6711 0.4305
vn 0.3714 -0.8239 0.4281
vn 0.3714 -0.8239 0.4282
vn 0.6036 -0.6711 0.4306
vn 0.4598 -0.5118 -0.7257
vn 0.2816 -0.6250 -0.7281
vn -0.0248 0.0266 -0.9993
vn -0.0160 0.0350 -0.9993
vn -0.4841 0.5389 -0.6893
vn -0.2976 0.6604 -0.6895
vn -0.8388 0.5445 -0.0000
vn -0.9622 0.2723 -0.0000
vn -0.7010 0.1979 0.6852
vn -0.6060 0.3932 0.6914
vn -0.0438 0.0119 0.9990
vn -0.0235 0.0150 0.9996
vn 0.6573 -0.1856 0.7304
vn 0.5829 -0.3782 0.7191
vn 0.8733 -0.2462 0.4203
vn 0.7532 -0.4885 0.4405
vn 0.7532 -0.4885 0.4406
vn 0.6573 -0.1856 -0.7304
vn 0.5829 -0.3782 -0.7191
vn -0.0438 0.0119 -0.9990
vn -0.0235 0.0150 -0.9996
vn -0.7010 0.1979 -0.6852
vn -0.6060 0.3932 -0.6914
vn -1.0000 -0.0000 -0.0000
vn -0.9622 -0.2723 -0.0000
vn -0.7010 -0.1979 0.6852
vn -0.7214 -0.0000 0.6926
vn -0.0438 -0.0119 0.9990
vn -0.0219 -0.0000 0.9998
vn 0.6573 0.1856 0.7304
vn 0.6999 -0.0000 0.7142
vn 0.8733 0.2462 0.4203
vn 0.8943 -0.0000 0.4475
vn 0.8943 -0.0000 0.4476
vn 0.6573 0.1856 -0.7304
vn 0.6999 -0.0000 -0.7142
vn -0.0438 -0.0119 -0.9990
vn -0.0219 -0.0000 -0.9998
vn -0.7010 -0.1979 -0.6852
vn -0.7214 -0.0000 -0.6926
vn -0.8388 -0.5445 -0.0000
vn -0.6677 -0.7444 -0.0000
vn -0.4841 -0.5389 0.6893
vn -0.6060 -0.3932 0.6914
vn -0.0248 -0.0266 0.9993
vn -0.0235 -0.0150 0.9996
vn 0.4598 0.5118 0.7257
vn 0.5829 0.3782 0.7191
vn 0.6035 0.6711 0.4305
vn 0.7532 0.4885 0.4405
vn 0.7532 0.4885 0.4406
vn 0.6035 0.6711 0.4306
vn 0.4598 0.5118 -0.7257
vn 0.5829 0.3782 -0.7191
vn -0.0248 -0.0266 -0.9993
vn -0.0235 -0.0150 -0.9996
vn -0.4841 -0.5389 -0.6893
vn -0.6060 -0.3932 -0.6914
vn -0.4107 -0.9118 -0.0000
vn -0.1469 -0.9892 -0.0000
vn -0.1060 -0.7130 0.6932
vn -0.2976 -0.6604 0.6895
vn -0.0043 -0.0281 0.9996
vn -0.0160 -0.0350 0.9993
vn 0.1018 0.6848 0.7216
vn 0.2816 0.6250 0.7281
vn 0.1321 0.8883 0.4399
vn 0.3714 0.8239 0.4281
vn 0.3714 0.8239 0.4282
vn 0.1321 0.8882 0.4400
vn 0.1018 0.6848 -0.7216
vn 0.2816 0.6250 -0.7281
vn -0.0043 -0.0281 -0.9996
vn -0.0160 -0.0350 -0.9993
vn -0.1060 -0.7130 -0.6932
vn -0.2976 -0.6604 -0.6895
vn 0.1403 -0.9901 -0.0000
vn 0.4269 -0.9043 -0.0000
vn 0.3086 -0.6529 0.6917
vn 0.1017 -0.7177 0.6889
vn 0.0138 -0.0283 0.9995
vn 0.0059 -0.0410 0.9991
vn -0.2952 0.6244 0.7232
vn -0.0958 0.6761 0.7306
vn -0.3848 0.8134 0.4363
vn -0.1271 0.8964 0.4247
vn -0.1271 0.8963 0.4248
vn -0.3848 0.8133 0.4364
vn -0.2952 0.6244 -0.7232
vn -0.0958 0.6761 -0.7306
vn 0.0138 -0.0283 -0.9995
vn 0.0059 -0.0410 -0.9991
vn 0.3086 -0.6529 -0.6917
vn 0.1017 -0.7177 -0.6889
vn 0.6504 -0.7596 -0.0000
vn 0.8499 -0.5269 -0.0000
vn 0.6180 -0.3824 0.6869
vn 0.4706 -0.5494 0.6904
vn 0.0357 -0.0213 0.9991
vn 0.0219 -0.0253 0.9994
vn -0.5826 0.3605 0.7284
vn -0.4489 0.5240 0.7238
vn -0.7702 0.4760 0.4246
vn -0.5862 0.6841 0.4340
vn -0.7702 0.4759 0.4246
vn -0.5826 0.3605 -0.7284
vn -0.4489 0.5240 -0.7238
vn 0.0357 -0.0213 -0.9991
vn 0.0219 -0.0253 -0.9994
vn 0.6180 -0.3824 -0.6869
vn 0.4706 -0.5494 -0.6904
vn 0.9588 -0.2839 -0.0000
vn 1.0000 -0.0000 -0.0000
vn 0.7290 -0.0000 0.6845
vn 0.6920 -0.2048 0.6923
vn 0.0467 -0.0000 0.9989
vn 0.0226 -0.0066 0.9997
vn -0.6822 -0.0000 0.7312
vn -0.6698 0.1983 0.7155
vn -0.9081 -0.0000 0.4187
vn -0.8584 0.2540 0.4456
vn -0.9081 -0.0000 0.4188
vn -0.6822 -0.0000 -0.7312
vn -0.6698 0.1983 -0.7155
vn 0.0467 -0.0000 -0.9989
vn 0.0226 -0.0066 -0.9997
vn 0.7290 -0.0000 -0.6845
vn 0.6920 -0.2048 -0.6923
vn -0.0000 -0.0000 1.0000
vt 0.590909 0.500000
vt 0.636364 0.500000
vt 0.636364 0.625000
vt 0.590909 0.625000
vt 0.636364 0.750000
vt 0.590909 0.750000
vt 0.636364 0.875000
vt 0.590909 0.875000
vt 0.636364 1.000000
vt 0.590909 1.000000
vt 0.590909 0.000000
vt 0.636364 0.000000
vt 0.636364 0.125000
vt 0.590909 0.125000
vt 0.636364 0.250000
vt 0.590909 0.250000
vt 0.636364 0.375000
vt 0.590909 0.375000
vt 0.681818 0.500000
vt 0.727273 0.500000
vt 0.727273 0.625000
vt 0.681818 0.625000
vt 0.727273 0.750000
vt 0.681818 0.750000
vt 0.727273 0.875000
vt 0.681818 0.875000
vt 0.727273 1.000000
vt 0.681818 1.000000
vt 0.681818 0.000000
vt 0.727273 0.000000
vt 0.727273 0.125000
vt 0.681818 0.125000
vt 0.727273 0.250000
vt 0.681818 0.250000
vt 0.727273 0.375000
vt 0.681818 0.375000
vt 0.772727 0.500000
vt 0.818182 0.500000
vt 0.818182 0.625000
vt 0.772727 0.625000
vt 0.818182 0.750000
vt 0.772727 0.750000
vt 0.818182 0.875000
vt 0.772727 0.875000
vt 0.818182 1.000000
vt 0.772727 1.000000
vt 0.772727 0.000000
vt 0.818182 0.000000
vt 0.818182 0.125000
vt 0.772727 0.125000
vt 0.818182 0.250000
vt 0.772727 0.250000
vt 0.818182 0.375000
vt 0.772727 0.375000
vt 0.863636 0.500000
vt 0.909091 0.500000
vt 0.909091 0.625000
vt 0.863636 0.625000
vt 0.909091 0.750000
vt 0.863636 0.750000
vt 0.909091 0.875000
vt 0.863636 0.875000
vt 0.909091 1.000000
vt 0.863636 1.000000
vt 0.863636 0.000000
vt 0.909091 0.000000
vt 0.909091 0.125000
vt 0.863636 0.125000
vt 0.909091 0.250000
vt 0.863636 0.250000
vt 0.909091 0.375000
vt 0.863636 0.375000
vt 0.954545 0.500000
vt 1.000000 0.500000
vt 1.000000 0.625000
vt 0.954546 0.625000
vt 1.000000 0.750000
vt 0.954545 0.750000
vt 1.000000 0.875000
vt 0.954546 0.875000
vt 1.000000 1.000000
vt 0.954545 1.000000
vt 0.954545 0.000000
vt 1.000000 0.000000
vt 1.000000 0.125000
vt 0.954546 0.125000
vt 1.000000 0.250000
vt 0.954545 0.250000
vt 1.000000 0.375000
vt 0.954546 0.375000
vt 0.045455 0.500000
vt 0.090909 0.500000
vt 0.090909 0.625000
vt 0.045455 0.625000
vt 0.090909 0.750000
vt 0.045455 0.750000
vt 0.090909 0.875000
vt 0.045455 0.875000
vt 0.090909 1.000000
vt 0.045455 1.000000
vt 0.045455 0.000000
vt 0.090909 0.000000
vt 0.090909 0.125000
vt 0.045455 0.125000
vt 0.090909 0.250000
vt 0.045455 0.250000
vt 0.090909 0.375000
vt 0.045455 0.375000
vt 0.136364 0.500000
vt 0.181818 0.500000
vt 0.181818 0.625000
vt 0.136364 0.625000
vt 0.181818 0.750000
vt 0.136364 0.750000
vt 0.181818 0.875000
vt 0.136364 0.875000
vt 0.181818 1.000000
vt 0.136364 1.000000
vt 0.136364 0.000000
vt 0.181818 0.000000
vt 0.181818 0.125000
vt 0.136364 0.125000
vt 0.181818 0.250000
vt 0.136364 0.250000
vt 0.181818 0.375000
vt 0.136364 0.375000
vt 0.227273 0.500000
vt 0.272727 0.500000
vt 0.272727 0.625000
vt 0.227273 0.625000
vt 0.272727 0.750000
vt 0.227273 0.750000
vt 0.272727 0.875000
vt 0.227273 0.875000
vt 0.272727 1.000000
vt 0.227273 1.000000
vt 0.227273 0.000000
vt 0.272727 0.000000
vt 0.272727 0.125000
vt 0.227273 0.125000
vt 0.272727 0.250000
vt 0.227273 0.250000
vt 0.272727 0.375000
vt 0.227273 0.375000
vt 0.318182 0.500000
vt 0.363636 0.500000
vt 0.363636 0.625000
vt 0.318182 0.625000
vt 0.363636 0.750000
vt 0.318182 0.750000
vt 0.363636 0.875000
vt 0.318182 0.875000
vt 0.363636 1.000000
vt 0.318182 1.000000
vt 0.318182 0.000000
vt 0.363636 0.000000
vt 0.363636 0.125000
vt 0.318182 0.125000
vt 0.363636 0.250000
vt 0.318182 0.250000
vt 0.363636 0.375000
vt 0.318182 0.375000
vt 0.409091 0.500000
vt 0.454545 0.500000
vt 0.454545 0.625000
vt 0.409091 0.625000
vt 0.454545 0.750000
vt 0.409091 0.750000
vt 0.454545 0.875000
vt 0.409091 0.875000
vt 0.454545 1.000000
vt 0.409091 1.000000
vt 0.409091 0.000000
vt 0.454545 0.000000
vt 0.454545 0.125000
vt 0.409091 0.125000
vt 0.454545 0.250000
vt 0.409091 0.250000
vt 0.454545 0.375000
vt 0.409091 0.375000
vt 0.500000 0.500000
vt 0.545455 0.500000
vt 0.545455 0.625000
vt 0.500000 0.625000
vt 0.545455 0.750000
vt 0.500000 0.750000
vt 0.545455 0.875000
vt 0.500000 0.875000
vt 0.545455 1.000000
vt 0.500000 1.000000
vt 0.500000 0.000000
vt 0.545455 0.000000
vt 0.545455 0.125000
vt 0.500000 0.125000
vt 0.545455 0.250000
vt 0.500000 0.250000
vt 0.545455 0.375000
vt 0.500000 0.375000
vt 0.000000 0.375000
vt 0.000000 0.500000
vt 0.000000 0.250000
vt 0.000000 0.125000
vt 0.000000 0.000000
vt 0.000000 0.875000
vt 0.000000 1.000000
vt 0.000000 0.750000
vt 0.000000 0.625000
s 1
usemtl Лампочки
f 3826/5106/4022 3936/5106/4022 3834/5106/4022 3928/5106/4022 3842/5106/4022 3920/5106/4022 3850/5106/4022 3917/5106/4022 3858/5106/4022 3992/5106/4022 3866/5106/4022 3984/5106/4022 3874/5106/4022 3976/5106/4022 3882/5106/4022 3968/5106/4022 3890/5106/4022 3960/5106/4022 3898/5106/4022 3952/5106/4022 3906/5106/4022 3948/5106/4022
usemtl Кнопка
f 3934/4904/3829 3830/4905/3830 3831/4906/3831 3938/4907/3832
f 3938/4907/3832 3831/4906/3831 3832/4908/3833 3935/4909/3834
f 3935/4909/3834 3832/4908/3833 3833/4910/3835 3939/4911/3836
f 3939/4911/3836 3833/4910/3835 3834/4912/3837 3936/4913/3838
f 3936/4914/3838 3834/4915/3839 3835/4916/3840 3940/4917/3841
f 3940/4917/3841 3835/4916/3840 3836/4918/3842 3937/4919/3843
f 3937/4919/3843 3836/4918/3842 3837/4920/3844 3941/4921/3845
f 3941/4921/3845 3837/4920/3844 3830/4905/3830 3934/4904/3829
f 3926/4922/3846 3838/4923/3847 3839/4924/3848 3930/4925/3849
f 3930/4925/3849 3839/4924/3848 3840/4926/3850 3927/4927/3851
f 3927/4927/3851 3840/4926/3850 3841/4928/3852 3931/4929/3853
f 3931/4929/3853 3841/4928/3852 3842/4930/3854 3928/4931/3855
f 3928/4932/3856 3842/4933/3857 3843/4934/3858 3932/4935/3859
f 3932/4935/3859 3843/4934/3858 3844/4936/3860 3929/4937/3861
f 3929/4937/3861 3844/4936/3860 3845/4938/3862 3933/4939/3863
f 3933/4939/3863 3845/4938/3862 3838/4923/3847 3926/4922/3846
f 3918/4940/3864 3846/4941/3865 3847/4942/3866 3922/4943/3867
f 3922/4943/3867 3847/4942/3866 3848/4944/3868 3919/4945/3869
f 3919/4945/3869 3848/4944/3868 3849/4946/3870 3923/4947/3871
f 3923/4947/3871 3849/4946/3870 3850/4948/3872 3920/4949/3873
f 3920/4950/3874 3850/4951/3875 3851/4952/3876 3924/4953/3877
f 3924/4953/3877 3851/4952/3876 3852/4954/3878 3921/4955/3879
f 3921/4955/3879 3852/4954/3878 3853/4956/3880 3925/4957/3881
f 3925/4957/3881 3853/4956/3880 3846/4941/3865 3918/4940/3864
f 3910/4958/3882 3854/4959/3883 3855/4960/3884 3913/4961/3885
f 3913/4961/3885 3855/4960/3884 3856/4962/3886 3911/4963/3887
f 3911/4963/3887 3856/4962/3886 3857/4964/3888 3914/4965/3889
f 3914/4965/3889 3857/4964/3888 3858/4966/3890 3917/4967/3891
f 3917/4968/3892 3858/4969/3893 3859/4970/3894 3915/4971/3895
f 3915/4971/3895 3859/4970/3894 3860/4972/3896 3912/4973/3897
f 3912/4973/3897 3860/4972/3896 3861/4974/3898 3916/4975/3899
f 3916/4975/3899 3861/4974/3898 3854/4959/3883 3910/4958/3882
f 3990/4976/3900 3862/4977/3901 3863/4978/3902 3994/4979/3903
f 3994/4979/3903 3863/4978/3902 3864/4980/3904 3991/4981/3905
f 3991/4981/3905 3864/4980/3904 3865/4982/3906 3995/4983/3907
f 3995/4983/3907 3865/4982/3906 3866/4984/3908 3992/4985/3909
f 3992/4986/3910 3866/4987/3908 3867/4988/3911 3996/4989/3912
f 3996/4989/3912 3867/4988/3911 3868/4990/3913 3993/4991/3914
f 3993/4991/3914 3868/4990/3913 3869/4992/3915 3997/4993/3916
f 3997/4993/3916 3869/4992/3915 3862/4977/3901 3990/4976/3900
f 3982/4994/3917 3870/4995/3918 3871/4996/3919 3986/4997/3920
f 3986/4997/3920 3871/4996/3919 3872/4998/3921 3983/4999/3922
f 3983/4999/3922 3872/4998/3921 3873/5000/3923 3987/5001/3924
f 3987/5001/3924 3873/5000/3923 3874/5002/3925 3984/5003/3926
f 3984/5004/3927 3874/5005/3925 3875/5006/3928 3988/5007/3929
f 3988/5007/3929 3875/5006/3928 3876/5008/3930 3985/5009/3931
f 3985/5009/3931 3876/5008/3930 3877/5010/3932 3989/5011/3933
f 3989/5011/3933 3877/5010/3932 3870/4995/3918 3982/4994/3917
f 3974/5012/3934 3878/5013/3935 3879/5014/3936 3978/5015/3937
f 3978/5015/3937 3879/5014/3936 3880/5016/3938 3975/5017/3939
f 3975/5017/3939 3880/5016/3938 3881/5018/3940 3979/5019/3941
f 3979/5019/3941 3881/5018/3940 3882/5020/3942 3976/5021/3943
f 3976/5022/3944 3882/5023/3945 3883/5024/3946 3980/5025/3947
f 3980/5025/3947 3883/5024/3946 3884/5026/3948 3977/5027/3949
f 3977/5027/3949 3884/5026/3948 3885/5028/3950 3981/5029/3951
f 3981/5029/3951 3885/5028/3950 3878/5013/3935 3974/5012/3934
f 3966/5030/3952 3886/5031/3953 3887/5032/3954 3970/5033/3955
f 3970/5033/3955 3887/5032/3954 3888/5034/3956 3967/5035/3957
f 3967/5035/3957 3888/5034/3956 3889/5036/3958 3971/5037/3959
f 3971/5037/3959 3889/5036/3958 3890/5038/3960 3968/5039/3961
f 3968/5040/3962 3890/5041/3963 3891/5042/3964 3972/5043/3965
f 3972/5043/3965 3891/5042/3964 3892/5044/3966 3969/5045/3967
f 3969/5045/3967 3892/5044/3966 3893/5046/3968 3973/5047/3969
f 3973/5047/3969 3893/5046/3968 3886/5031/3953 3966/5030/3952
f 3958/5048/3970 3894/5049/3971 3895/5050/3972 3962/5051/3973
f 3962/5051/3973 3895/5050/3972 3896/5052/3974 3959/5053/3975
f 3959/5053/3975 3896/5052/3974 3897/5054/3976 3963/5055/3977
f 3963/5055/3977 3897/5054/3976 3898/5056/3978 3960/5057/3979
f 3960/5058/3980 3898/5059/3981 3899/5060/3982 3964/5061/3983
f 3964/5061/3983 3899/5060/3982 3900/5062/3984 3961/5063/3985
f 3961/5063/3985 3900/5062/3984 3901/5064/3986 3965/5065/3987
f 3965/5065/3987 3901/5064/3986 3894/5049/3971 3958/5048/3970
f 3950/5066/3988 3902/5067/3989 3903/5068/3990 3954/5069/3991
f 3954/5069/3991 3903/5068/3990 3904/5070/3992 3951/5071/3993
f 3951/5071/3993 3904/5070/3992 3905/5072/3994 3955/5073/3995
f 3955/5073/3995 3905/5072/3994 3906/5074/3996 3952/5075/3997
f 3952/5076/3997 3906/5077/3998 3907/5078/3999 3956/5079/4000
f 3956/5079/4000 3907/5078/3999 3908/5080/4001 3953/5081/4002
f 3953/5081/4002 3908/5080/4001 3909/5082/4003 3957/5083/4004
f 3957/5083/4004 3909/5082/4003 3902/5067/3989 3950/5066/3988
f 3946/5084/4005 3822/5085/4006 3823/5086/4007 3942/5087/4008
f 3942/5087/4008 3823/5086/4007 3824/5088/4009 3947/5089/4010
f 3947/5089/4010 3824/5088/4009 3825/5090/4011 3943/5091/4012
f 3943/5091/4012 3825/5090/4011 3826/5092/4013 3948/5093/4014
f 3948/5094/4014 3826/5095/4015 3827/5096/4016 3944/5097/4017
f 3944/5097/4017 3827/5096/4016 3828/5098/4018 3949/5099/4019
f 3949/5099/4019 3828/5098/4018 3829/5100/4020 3945/5101/4021
f 3945/5101/4021 3829/5100/4020 3822/5085/4006 3946/5084/4005
f 3853/4956/3880 3916/4975/3899 3910/4958/3882 3846/4941/3865
f 3852/4954/3878 3912/4973/3897 3916/4975/3899 3853/4956/3880
f 3851/4952/3876 3915/4971/3895 3912/4973/3897 3852/4954/3878
f 3850/4951/3875 3917/4968/3892 3915/4971/3895 3851/4952/3876
f 3849/4946/3870 3914/4965/3889 3917/4967/3891 3850/4948/3872
f 3848/4944/3868 3911/4963/3887 3914/4965/3889 3849/4946/3870
f 3847/4942/3866 3913/4961/3885 3911/4963/3887 3848/4944/3868
f 3846/4941/3865 3910/4958/3882 3913/4961/3885 3847/4942/3866
f 3845/4938/3862 3925/4957/3881 3918/4940/3864 3838/4923/3847
f 3844/4936/3860 3921/4955/3879 3925/4957/3881 3845/4938/3862
f 3843/4934/3858 3924/4953/3877 3921/4955/3879 3844/4936/3860
f 3842/4933/3857 3920/4950/3874 3924/4953/3877 3843/4934/3858
f 3841/4928/3852 3923/4947/3871 3920/4949/3873 3842/4930/3854
f 3840/4926/3850 3919/4945/3869 3923/4947/3871 3841/4928/3852
f 3839/4924/3848 3922/4943/3867 3919/4945/3869 3840/4926/3850
f 3838/4923/3847 3918/4940/3864 3922/4943/3867 3839/4924/3848
f 3837/4920/3844 3933/4939/3863 3926/4922/3846 3830/4905/3830
f 3836/4918/3842 3929/4937/3861 3933/4939/3863 3837/4920/3844
f 3835/4916/3840 3932/4935/3859 3929/4937/3861 3836/4918/3842
f 3834/4915/3839 3928/4932/3856 3932/4935/3859 3835/4916/3840
f 3833/4910/3835 3931/4929/3853 3928/4931/3855 3834/4912/3837
f 3832/4908/3833 3927/4927/3851 3931/4929/3853 3833/4910/3835
f 3831/4906/3831 3930/4925/3849 3927/4927/3851 3832/4908/3833
f 3830/4905/3830 3926/4922/3846 3930/4925/3849 3831/4906/3831
f 3829/5100/4020 3941/4921/3845 3934/4904/3829 3822/5085/4006
f 3828/5098/4018 3937/4919/3843 3941/4921/3845 3829/5100/4020
f 3827/5096/4016 3940/4917/3841 3937/4919/3843 3828/5098/4018
f 3826/5095/4015 3936/4914/3838 3940/4917/3841 3827/5096/4016
f 3825/5090/4011 3939/4911/3836 3936/4913/3838 3826/5092/4013
f 3824/5088/4009 3935/4909/3834 3939/4911/3836 3825/5090/4011
f 3823/5086/4007 3938/4907/3832 3935/4909/3834 3824/5088/4009
f 3822/5085/4006 3934/4904/3829 3938/4907/3832 3823/5086/4007
f 3909/5082/4003 3945/5101/4021 3946/5084/4005 3902/5067/3989
f 3908/5080/4001 3949/5099/4019 3945/5101/4021 3909/5082/4003
f 3907/5078/3999 3944/5097/4017 3949/5099/4019 3908/5080/4001
f 3906/5077/3998 3948/5094/4014 3944/5097/4017 3907/5078/3999
f 3905/5072/3994 3943/5091/4012 3948/5093/4014 3906/5074/3996
f 3904/5070/3992 3947/5089/4010 3943/5091/4012 3905/5072/3994
f 3903/5068/3990 3942/5087/4008 3947/5089/4010 3904/5070/3992
f 3902/5067/3989 3946/5084/4005 3942/5087/4008 3903/5068/3990
f 3901/5064/3986 3957/5083/4004 3950/5066/3988 3894/5049/3971
f 3900/5062/3984 3953/5081/4002 3957/5083/4004 3901/5064/3986
f 3899/5060/3982 3956/5079/4000 3953/5081/4002 3900/5062/3984
f 3898/5059/3981 3952/5076/3997 3956/5079/4000 3899/5060/3982
f 3897/5054/3976 3955/5073/3995 3952/5075/3997 3898/5056/3978
f 3896/5052/3974 3951/5071/3993 3955/5073/3995 3897/5054/3976
f 3895/5050/3972 3954/5069/3991 3951/5071/3993 3896/5052/3974
f 3894/5049/3971 3950/5066/3988 3954/5069/3991 3895/5050/3972
f 3893/5046/3968 3965/5065/3987 3958/5048/3970 3886/5031/3953
f 3892/5044/3966 3961/5063/3985 3965/5065/3987 3893/5046/3968
f 3891/5042/3964 3964/5061/3983 3961/5063/3985 3892/5044/3966
f 3890/5041/3963 3960/5058/3980 3964/5061/3983 3891/5042/3964
f 3889/5036/3958 3963/5055/3977 3960/5057/3979 3890/5038/3960
f 3888/5034/3956 3959/5053/3975 3963/5055/3977 3889/5036/3958
f 3887/5032/3954 3962/5051/3973 3959/5053/3975 3888/5034/3956
f 3886/5031/3953 3958/5048/3970 3962/5051/3973 3887/5032/3954
f 3885/5028/3950 3973/5047/3969 3966/5030/3952 3878/5013/3935
f 3884/5026/3948 3969/5045/3967 3973/5047/3969 3885/5028/3950
f 3883/5024/3946 3972/5043/3965 3969/5045/3967 3884/5026/3948
f 3882/5023/3945 3968/5040/3962 3972/5043/3965 3883/5024/3946
f 3881/5018/3940 3971/5037/3959 3968/5039/3961 3882/5020/3942
f 3880/5016/3938 3967/5035/3957 3971/5037/3959 3881/5018/3940
f 3879/5014/3936 3970/5033/3955 3967/5035/3957 3880/5016/3938
f 3878/5013/3935 3966/5030/3952 3970/5033/3955 3879/5014/3936
f 3877/5010/3932 3981/5029/3951 3974/5012/3934 3870/4995/3918
f 3876/5008/3930 3977/5027/3949 3981/5029/3951 3877/5010/3932
f 3875/5006/3928 3980/5025/3947 3977/5027/3949 3876/5008/3930
f 3874/5005/3925 3976/5022/3944 3980/5025/3947 3875/5006/3928
f 3873/5000/3923 3979/5019/3941 3976/5021/3943 3874/5002/3925
f 3872/4998/3921 3975/5017/3939 3979/5019/3941 3873/5000/3923
f 3871/4996/3919 3978/5015/3937 3975/5017/3939 3872/4998/3921
f 3870/4995/3918 3974/5012/3934 3978/5015/3937 3871/4996/3919
f 3869/5102/3915 3989/5011/3933 3982/4994/3917 3862/5103/3901
f 3868/5104/3913 3985/5009/3931 3989/5011/3933 3869/5102/3915
f 3867/5105/3911 3988/5007/3929 3985/5009/3931 3868/5104/3913
f 3866/5106/3908 3984/5004/3927 3988/5007/3929 3867/5105/3911
f 3865/5107/3906 3987/5001/3924 3984/5003/3926 3866/5108/3908
f 3864/5109/3904 3983/4999/3922 3987/5001/3924 3865/5107/3906
f 3863/5110/3902 3986/4997/3920 3983/4999/3922 3864/5109/3904
f 3862/5103/3901 3982/4994/3917 3986/4997/3920 3863/5110/3902
f 3861/4974/3898 3997/4993/3916 3990/4976/3900 3854/4959/3883
f 3860/4972/3896 3993/4991/3914 3997/4993/3916 3861/4974/3898
f 3859/4970/3894 3996/4989/3912 3993/4991/3914 3860/4972/3896
f 3858/4969/3893 3992/4986/3910 3996/4989/3912 3859/4970/3894
f 3857/4964/3888 3995/4983/3907 3992/4985/3909 3858/4966/3890
f 3856/4962/3886 3991/4981/3905 3995/4983/3907 3857/4964/3888
f 3855/4960/3884 3994/4979/3903 3991/4981/3905 3856/4962/3886
f 3854/4959/3883 3990/4976/3900 3994/4979/3903 3855/4960/3884
o Cube.023
v 1.259110 2.377846 1.080495
v 1.259110 2.377846 0.976654
v 1.259110 2.549153 1.080495
v 1.259110 2.549153 0.976654
v 1.144969 2.377846 1.080495
v 1.144969 2.377846 0.976654
v 1.144969 2.549153 1.080495
v 1.144969 2.549153 0.976654
vn 1.0000 -0.0000 -0.0000
vn -0.0000 1.0000 -0.0000
vn -1.0000 -0.0000 -0.0000
vn -0.0000 -1.0000 -0.0000
vn -0.0000 -0.0000 1.0000
vn -0.0000 -0.0000 -1.0000
vt 0.375000 0.000000
vt 0.625000 0.000000
vt 0.625000 0.250000
vt 0.375000 0.250000
vt 0.625000 0.500000
vt 0.375000 0.500000
vt 0.625000 0.750000
vt 0.375000 0.750000
vt 0.625000 1.000000
vt 0.375000 1.000000
vt 0.125000 0.500000
vt 0.125000 0.750000
vt 0.875000 0.500000
vt 0.875000 0.750000
s 1
usemtl Глаза_обрамление
f 3998/5111/4023 3999/5112/4023 4001/5113/4023 4000/5114/4023
f 4000/5114/4024 4001/5113/4024 4005/5115/4024 4004/5116/4024
f 4004/5116/4025 4005/5115/4025 4003/5117/4025 4002/5118/4025
f 4002/5118/4026 4003/5117/4026 3999/5119/4026 3998/5120/4026
f 4000/5121/4027 4004/5116/4027 4002/5118/4027 3998/5122/4027
f 4005/5115/4028 4001/5123/4028 3999/5124/4028 4003/5117/4028
o Cylinder.007
v -1.363370 1.714478 -0.162842
v -1.363372 1.823475 -0.162842
v -1.248386 1.714481 -0.115147
v -1.248388 1.823477 -0.115147
v -1.200758 1.714482 0.000000
v -1.200760 1.823478 0.000000
v -1.248386 1.714481 0.115147
v -1.248388 1.823477 0.115147
v -1.363370 1.714478 0.162843
v -1.363372 1.823475 0.162843
v -1.478354 1.714476 0.115147
v -1.478356 1.823473 0.115147
v -1.525982 1.714475 0.000000
v -1.525984 1.823472 0.000000
v -1.478354 1.714476 -0.115147
v -1.478356 1.823473 -0.115147
vn -0.0000 -0.9245 -0.3811
vn -0.0000 0.9245 -0.3811
vn 0.2698 0.9244 -0.2695
vn 0.2699 -0.9244 -0.2695
vn 0.3816 0.9243 -0.0000
vn 0.3816 -0.9243 -0.0000
vn 0.2698 0.9244 0.2695
vn 0.2699 -0.9244 0.2695
vn -0.0000 0.9245 0.3811
vn -0.0000 -0.9245 0.3811
vn -0.2699 0.9244 0.2695
vn -0.2698 -0.9244 0.2695
vn -0.3816 0.9243 -0.0000
vn -0.3816 -0.9243 -0.0000
vn -0.2699 0.9244 -0.2695
vn -0.2698 -0.9244 -0.2695
vt 1.000000 0.500000
vt 1.000000 1.000000
vt 0.875000 1.000000
vt 0.875000 0.500000
vt 0.750000 1.000000
vt 0.750000 0.500000
vt 0.625000 1.000000
vt 0.625000 0.500000
vt 0.500000 1.000000
vt 0.500000 0.500000
vt 0.375000 1.000000
vt 0.375000 0.500000
vt 0.250000 1.000000
vt 0.250000 0.500000
vt 0.419706 0.419706
vt 0.250000 0.490000
vt 0.080294 0.419706
vt 0.010000 0.250000
vt 0.080294 0.080294
vt 0.250000 0.010000
vt 0.419706 0.080294
vt 0.490000 0.250000
vt 0.125000 1.000000
vt 0.125000 0.500000
vt 0.000000 1.000000
vt 0.000000 0.500000
vt 0.750000 0.490000
vt 0.919706 0.419706
vt 0.990000 0.250000
vt 0.919706 0.080294
vt 0.750000 0.010000
vt 0.580294 0.080294
vt 0.510000 0.250000
vt 0.580294 0.419706
s 1
usemtl Глаза_обрамление
f 4006/5125/4029 4007/5126/4030 4009/5127/4031 4008/5128/4032
f 4008/5128/4032 4009/5127/4031 4011/5129/4033 4010/5130/4034
f 4010/5130/4034 4011/5129/4033 4013/5131/4035 4012/5132/4036
f 4012/5132/4036 4013/5131/4035 4015/5133/4037 4014/5134/4038
f 4014/5134/4038 4015/5133/4037 4017/5135/4039 4016/5136/4040
f 4016/5136/4040 4017/5135/4039 4019/5137/4041 4018/5138/4042
f 4009/5139/4031 4007/5140/4030 4021/5141/4043 4019/5142/4041 4017/5143/4039 4015/5144/4037 4013/5145/4035 4011/5146/4033
f 4018/5138/4042 4019/5137/4041 4021/5147/4043 4020/5148/4044
f 4020/5148/4044 4021/5147/4043 4007/5149/4030 4006/5150/4029
f 4006/5151/4029 4008/5152/4032 4010/5153/4034 4012/5154/4036 4014/5155/4038 4016/5156/4040 4018/5157/4042 4020/5158/4044
o Cylinder.008
v -0.614409 3.148681 -0.087182
v -0.614409 3.029517 -0.054792
v -0.614409 2.955869 0.030008
v -0.614409 2.955869 0.134826
v -0.614409 3.029517 0.219626
v -0.614409 3.148681 0.252016
v -0.614409 3.267846 0.219626
v -0.614409 3.341494 0.134826
v -0.614409 3.341494 0.030008
v -0.614409 3.267846 -0.054792
v -0.614409 3.212816 -0.080817
v -0.614409 3.316589 -0.018467
v -0.614409 3.084546 -0.080817
v -0.614409 2.980774 -0.018467
v -0.614409 2.941136 0.082417
v -0.614409 2.980774 0.183301
v -0.614409 3.084546 0.245651
v -0.614409 3.212816 0.245651
v -0.614409 3.316589 0.183301
v -0.614409 3.356227 0.082417
v -0.652094 3.148681 -0.074037
v -0.646805 3.148681 -0.087182
v -0.652094 3.038649 -0.044116
v -0.646805 3.029517 -0.054792
v -0.652094 2.970745 0.034111
v -0.646805 2.955869 0.030008
v -0.652094 2.970745 0.130724
v -0.646805 2.955869 0.134826
v -0.652094 3.038649 0.208950
v -0.646805 3.029517 0.219626
v -0.652094 3.148681 0.238872
v -0.646805 3.148681 0.252016
v -0.652094 3.258714 0.208950
v -0.646805 3.267846 0.219626
v -0.652094 3.326618 0.130724
v -0.646805 3.341494 0.134826
v -0.652094 3.326618 0.034111
v -0.646805 3.341494 0.030008
v -0.652094 3.258714 -0.044116
v -0.646805 3.267846 -0.054792
v -0.652094 3.207866 -0.068163
v -0.646805 3.212816 -0.080817
v -0.652094 3.303622 -0.010649
v -0.646805 3.316589 -0.018467
v -0.652094 3.089497 -0.068163
v -0.646805 3.084546 -0.080817
v -0.652094 2.993741 -0.010649
v -0.646805 2.980774 -0.018467
v -0.652094 2.957165 0.082417
v -0.646805 2.941136 0.082417
v -0.652094 2.993741 0.175483
v -0.646805 2.980774 0.183301
v -0.652094 3.089497 0.232998
v -0.646805 3.084546 0.245651
v -0.652094 3.207866 0.232998
v -0.646805 3.212816 0.245651
v -0.652094 3.303622 0.175483
v -0.646805 3.316589 0.183301
v -0.652094 3.340198 0.082417
v -0.646805 3.356227 0.082417
vn -0.7879 -0.3163 -0.5283
vn 0.9950 -0.0513 -0.0857
vn 0.9949 -0.0761 -0.0655
vn -0.8070 -0.4474 -0.3855
vn -0.8175 -0.5358 -0.2111
vn 0.9960 -0.0829 -0.0327
vn 0.9955 -0.0944 -0.0000
vn -0.8261 -0.5636 -0.0000
vn -0.8175 -0.5358 0.2111
vn 0.9960 -0.0829 0.0327
vn 0.9949 -0.0761 0.0655
vn -0.8070 -0.4474 0.3855
vn -0.7879 -0.3163 0.5283
vn 0.9950 -0.0513 0.0857
vn 0.9940 -0.0288 0.1053
vn -0.7782 -0.1659 0.6058
vn -0.7717 -0.0000 0.6360
vn 0.9944 -0.0000 0.1061
vn 0.9940 0.0288 0.1053
vn -0.7782 0.1659 0.6058
vn -0.7879 0.3163 0.5283
vn 0.9950 0.0513 0.0857
vn 0.9949 0.0761 0.0655
vn -0.8070 0.4474 0.3855
vn -0.8175 0.5358 0.2111
vn 0.9960 0.0829 0.0327
vn 0.9955 0.0944 -0.0000
vn -0.8261 0.5636 -0.0000
vn -0.8175 0.5358 -0.2111
vn 0.9960 0.0829 -0.0327
vn 0.9949 0.0761 -0.0655
vn -0.8070 0.4474 -0.3855
vn 0.9940 -0.0288 -0.1053
vn 0.9944 -0.0000 -0.1061
vn 0.9940 0.0288 -0.1053
vn 0.9950 0.0513 -0.0857
vn -0.7879 0.3163 -0.5283
vn -0.7782 0.1659 -0.6058
vn -0.9965 -0.0000 -0.0833
vn -0.9963 -0.0226 -0.0825
vn -0.9969 -0.0403 -0.0673
vn -0.9969 -0.0595 -0.0513
vn -0.9975 -0.0651 -0.0257
vn -0.9973 -0.0738 -0.0000
vn -0.9975 -0.0651 0.0257
vn -0.9969 -0.0595 0.0513
vn -0.9969 -0.0403 0.0673
vn -0.9963 -0.0226 0.0825
vn -0.9965 -0.0000 0.0833
vn -0.9963 0.0226 0.0825
vn -0.9969 0.0403 0.0673
vn -0.9969 0.0595 0.0513
vn -0.9975 0.0651 0.0257
vn -0.9973 0.0738 -0.0000
vn -0.9975 0.0651 -0.0257
vn -0.9969 0.0595 -0.0513
vn -0.9969 0.0403 -0.0673
vn -0.9963 0.0226 -0.0825
vn -0.7782 -0.1659 -0.6058
vn -0.7717 -0.0000 -0.6360
vt 0.900000 0.519241
vt 0.900000 1.000000
vt 0.850000 1.000000
vt 0.850000 0.519241
vt 0.800000 0.519241
vt 0.800000 1.000000
vt 0.750000 1.000000
vt 0.750000 0.519241
vt 0.700000 0.519241
vt 0.700000 1.000000
vt 0.650000 1.000000
vt 0.650000 0.519241
vt 0.600000 0.519241
vt 0.600000 1.000000
vt 0.550000 1.000000
vt 0.550000 0.519241
vt 0.500000 0.519241
vt 0.500000 1.000000
vt 0.450000 1.000000
vt 0.450000 0.519241
vt 0.400000 0.519241
vt 0.400000 1.000000
vt 0.350000 1.000000
vt 0.350000 0.519241
vt 0.300000 0.519241
vt 0.300000 1.000000
vt 0.250000 1.000000
vt 0.250000 0.519241
vt 0.200000 0.519241
vt 0.200000 1.000000
vt 0.150000 1.000000
vt 0.150000 0.519241
vt 0.391068 0.444164
vt 0.320534 0.467082
vt 0.250000 0.490000
vt 0.179466 0.467082
vt 0.108932 0.444164
vt 0.065339 0.384164
vt 0.021746 0.324164
vt 0.021746 0.250000
vt 0.021746 0.175836
vt 0.065339 0.115836
vt 0.108932 0.055836
vt 0.179466 0.032918
vt 0.250000 0.010000
vt 0.320534 0.032918
vt 0.391068 0.055836
vt 0.434661 0.115836
vt 0.478254 0.175836
vt 0.478254 0.250000
vt 0.478254 0.324164
vt 0.434661 0.384164
vt 0.100000 0.519241
vt 0.100000 1.000000
vt 0.050000 1.000000
vt 0.050000 0.519241
vt 0.750000 0.468568
vt 0.816125 0.452929
vt 0.878270 0.426747
vt 0.923092 0.375408
vt 0.957385 0.317465
vt 0.963936 0.250000
vt 0.957385 0.182536
vt 0.923091 0.124592
vt 0.878270 0.073253
vt 0.816125 0.047071
vt 0.750000 0.031432
vt 0.683875 0.047071
vt 0.621730 0.073253
vt 0.576909 0.124592
vt 0.542615 0.182535
vt 0.536064 0.250000
vt 0.542615 0.317465
vt 0.576909 0.375408
vt 0.621730 0.426747
vt 0.683875 0.452929
vt 0.950000 0.519241
vt 0.950000 1.000000
vt 0.100000 0.519241
vt -0.000000 1.000000
vt -0.000000 0.519241
vt 0.850000 0.519241
vt 0.700000 0.519241
vt 0.400000 0.519241
vt 0.350000 0.519241
vt 0.200000 0.519241
vt 0.901321 0.500000
vt 0.947521 0.500000
vt 0.801085 0.500000
vt 0.847252 0.500000
vt 0.701063 0.500000
vt 0.747149 0.500000
vt 0.601279 0.500000
vt 0.647345 0.500000
vt 0.501433 0.500000
vt 0.547574 0.500000
vt 0.401320 0.500000
vt 0.447521 0.500000
vt 0.301085 0.500000
vt 0.347252 0.500000
vt 0.201063 0.500000
vt 0.247149 0.500000
vt 0.101279 0.500000
vt 0.147345 0.500000
vt 0.001433 0.500000
vt 0.047574 0.500000
vt 0.052479 0.500000
vt 0.098679 0.500000
vt 0.152748 0.500000
vt 0.198915 0.500000
vt 1.000000 0.519241
vt 0.950000 0.519241
vt 0.952426 0.500000
vt 0.998567 0.500000
vt 0.852655 0.500000
vt 0.898721 0.500000
vt 0.752851 0.500000
vt 0.798937 0.500000
vt 0.652748 0.500000
vt 0.698915 0.500000
vt 0.552479 0.500000
vt 0.598679 0.500000
vt 0.452426 0.500000
vt 0.498567 0.500000
vt 0.352655 0.500000
vt 0.398721 0.500000
vt 0.252851 0.500000
vt 0.298937 0.500000
vt 1.000000 1.000000
s 1
usemtl уши
f 4045/5159/4045 4023/5160/4046 4035/5161/4047 4069/5162/4048
f 4047/5163/4049 4024/5164/4050 4036/5165/4051 4071/5166/4052
f 4049/5167/4053 4025/5168/4054 4037/5169/4055 4073/5170/4056
f 4051/5171/4057 4026/5172/4058 4038/5173/4059 4075/5174/4060
f 4053/5175/4061 4027/5176/4062 4039/5177/4063 4077/5178/4064
f 4055/5179/4065 4028/5180/4066 4040/5181/4067 4079/5182/4068
f 4057/5183/4069 4029/5184/4070 4041/5185/4071 4081/5186/4072
f 4059/5187/4073 4030/5188/4074 4033/5189/4075 4065/5190/4076
f 4023/5191/4046 4034/5192/4077 4022/5193/4078 4032/5194/4079 4031/5195/4080 4033/5196/4075 4030/5197/4074 4041/5198/4071 4029/5199/4070 4040/5200/4067 4028/5201/4066 4039/5202/4063 4027/5203/4062 4038/5204/4059 4026/5205/4058 4037/5206/4055 4025/5207/4054 4036/5208/4051 4024/5209/4050 4035/5210/4047
f 4061/5211/4081 4031/5212/4080 4032/5213/4079 4063/5214/4082
f 4042/5215/4083 4066/5216/4084 4044/5217/4085 4068/5218/4086 4046/5219/4087 4070/5220/4088 4048/5221/4089 4072/5222/4090 4050/5223/4091 4074/5224/4092 4052/5225/4093 4076/5226/4094 4054/5227/4095 4078/5228/4096 4056/5229/4097 4080/5230/4098 4058/5231/4099 4064/5232/4100 4060/5233/4101 4062/5234/4102
f 4067/5235/4103 4034/5236/4077 4023/5160/4046 4045/5159/4045
f 4065/5190/4076 4033/5189/4075 4031/5212/4080 4061/5237/4081
f 4063/5214/4082 4032/5213/4079 4022/5238/4078 4043/5239/4104
f 4069/5240/4048 4035/5161/4047 4024/5164/4050 4047/5163/4049
f 4071/5166/4052 4036/5165/4051 4025/5168/4054 4049/5241/4053
f 4073/5170/4056 4037/5169/4055 4026/5172/4058 4051/5171/4057
f 4075/5174/4060 4038/5173/4059 4027/5176/4062 4053/5175/4061
f 4077/5178/4064 4039/5177/4063 4028/5180/4066 4055/5242/4065
f 4079/5243/4068 4040/5181/4067 4029/5184/4070 4057/5183/4069
f 4081/5186/4072 4041/5185/4071 4030/5188/4074 4059/5244/4073
f 4067/5235/4103 4045/5159/4045 4044/5245/4085 4066/5246/4084
f 4069/5240/4048 4047/5163/4049 4046/5247/4087 4068/5248/4086
f 4071/5166/4052 4049/5241/4053 4048/5249/4089 4070/5250/4088
f 4073/5170/4056 4051/5171/4057 4050/5251/4091 4072/5252/4090
f 4075/5174/4060 4053/5175/4061 4052/5253/4093 4074/5254/4092
f 4077/5178/4064 4055/5242/4065 4054/5255/4095 4076/5256/4094
f 4079/5243/4068 4057/5183/4069 4056/5257/4097 4078/5258/4096
f 4081/5186/4072 4059/5244/4073 4058/5259/4099 4080/5260/4098
f 4065/5190/4076 4061/5237/4081 4060/5261/4101 4064/5262/4100
f 4063/5214/4082 4043/5239/4104 4042/5263/4083 4062/5264/4102
f 4061/5211/4081 4063/5214/4082 4062/5265/4102 4060/5266/4101
f 4059/5187/4073 4065/5190/4076 4064/5267/4100 4058/5268/4099
f 4043/5269/4104 4067/5270/4103 4066/5271/4084 4042/5272/4083
f 4045/5159/4045 4069/5162/4048 4068/5273/4086 4044/5274/4085
f 4047/5163/4049 4071/5166/4052 4070/5275/4088 4046/5276/4087
f 4049/5167/4053 4073/5170/4056 4072/5277/4090 4048/5278/4089
f 4051/5171/4057 4075/5174/4060 4074/5279/4092 4050/5280/4091
f 4053/5175/4061 4077/5178/4064 4076/5281/4094 4052/5282/4093
f 4055/5179/4065 4079/5182/4068 4078/5283/4096 4054/5284/4095
f 4057/5183/4069 4081/5186/4072 4080/5285/4098 4056/5286/4097
f 4043/5269/4104 4022/5287/4078 4034/5236/4077 4067/5270/4103
